cell_type,method,n_cells_per_source,mean_over_seeds,sd_over_seeds,min_over_seeds,max_over_seeds,split_real_profile_pcc,no_split_minus_split
CD_PC,BaseVAE,358,0.4408996107929977,0.014339937905554512,0.41305159147660603,0.46199319092029134,0.4378877963919148,0.003011814401082946
CD_PC,DeconvSC,358,0.7922915861239141,0.007308825285619782,0.7803067767983012,0.8033098184816846,0.7873891390000927,0.004902447123821485
CNT,BaseVAE,151,0.33261968089524296,0.03336355174619368,0.2785891648543252,0.38840679318780114,0.3454810048182439,-0.012861323923000934
CNT,DeconvSC,151,0.5671630923229698,0.02304139961838651,0.5376702291970685,0.6146632809285022,0.5857549656621193,-0.018591873339149467
DCT,BaseVAE,245,0.27849683981356754,0.04981748367865949,0.19884717517474845,0.35141375605011704,0.2822686284629237,-0.003771788649356178
DCT,DeconvSC,245,0.509937369855611,0.038770992374095155,0.4308861716293789,0.5605030449637689,0.5187279268474649,-0.008790556991853937
MC,BaseVAE,196,0.32722074765873144,0.020693326853553358,0.2981671562332264,0.36085510706614343,0.3364533173326141,-0.00923256967388264
MC,DeconvSC,196,0.7476535685294662,0.009356184377991726,0.7292479233037934,0.7611503279176574,0.7423892211475097,0.005264347381956469
PT,BaseVAE,600,0.5233340844366319,0.027734255318049173,0.4789628790846412,0.5494941585556101,0.5340154279891985,-0.010681343552566669
PT,DeconvSC,600,0.7322463103766581,0.010765979993646028,0.7230680150588822,0.7569451179033349,0.7323892130865349,-0.0001429027098768243
aLOH,BaseVAE,600,0.37494679358417055,0.013856702707708744,0.3563719929539959,0.40331386981030426,0.3852912269858767,-0.010344433401706155
aLOH,DeconvSC,600,0.7212981788637566,0.012295067684324772,0.7076259649880368,0.742685075010237,0.7215626799916657,-0.0002645011279091003
