path,size_bytes,sha256,suffix
analysis_config.json,5062,a7600c40ff4be4bf60f57e1c5139f06a686e1df93e122a7e641a891da201329d,.json
analysis_report_zh.md,10513,b8525cc91e49598cb564f45c395a0c119adec847e547acdd14a1d2a258a45914,.md
architecture_equivalence_audit.csv,1195,50fb9ac01afa60d8ba9f253b658bef55fe4cf0439c3b974003eec868e020ef3a,.csv
cell_count_audit.csv,4734,a6283a7821b9be19c95edf8a826d1eebd6cc2c0948ae892693ae3bee5e3743f8,.csv
eligibility_matrix.csv,444,23b9432e5a3e479129b617e65dba3d92086c21813041feda7926106aa1b5331e,.csv
experiment_record.md,5620,85ec904ea2b3ccf01fb8ac8b7e5d16b625a984f458c257e213df9548c9f118cc,.md
figure4_inputs/README.md,1033,9f4d8391e9c729f5597dc1f91defab448e018ab6d92bdd0104f06b2278368114,.md
figure4_inputs/figure4_input_manifest.csv,864,15dab63ff98644d55e19fdbacc2741851cb44a0c7463e4bf9b9bb16a8bb947b7,.csv
figure4_inputs/module_l2_withinType_dists.npz,1579,d6ebd833810209839bf8f7248884e5cfa7fc70e13f2fda82868bd2a51fa91aa9,.npz
figure4_inputs/paired_statistics.csv,3231,a9ff0c22ccf8ecf8ec5a8aa7e3f3e1d1c3953da995ec7526007f2c98c0509e01,.csv
figure4_inputs/topology_metrics_long.csv,6823,b547f90d4510b81294d8faf3e89623da9b8d1e97f74b12cd9b0b95c632cd7a89,.csv
figure4_inputs/within_celltype_panel_data.npz,3246,b29b60140efd4a2ffcfcd72c84e1d85f47695ca75c6065fffb4a64ae7a5131b6,.npz
figures/Figure4_within_celltype_ABCD.emf,241628,fadc1b5b1861c476aac8fa6ac857fb330433f6a0e4c52f158b573310ff67451d,.emf
figures/Figure4_within_celltype_ABCD.pdf,26166,f8fa612cfee771dc1b7fb6acd0251bbe2b1cac0544f0f73bcf517319847530fd,.pdf
figures/Figure4_within_celltype_ABCD.png,1149202,61d94a63e29c12d217b437fe18fa0542e9d23fa60f99dd0060c0d12ee333c692,.png
figures/Figure4_within_celltype_ABCD.svg,45533,b3d7fbdfcda7bea106b5d36935c23892cdf9662d57aa7347ee3f55a8dacb8da0,.svg
figures/Figure4_within_celltype_ABCD_boxplot.emf,241644,f77308f3769200ec58ee5f519992633f987e73f06b309455be3c529a7ed4f359,.emf
figures/Figure4_within_celltype_ABCD_boxplot.pdf,26166,0976568f722b204843bc060d10218449aa83ff045d7fc57d33847d685c6c7a78,.pdf
figures/Figure4_within_celltype_ABCD_boxplot.png,1149202,61d94a63e29c12d217b437fe18fa0542e9d23fa60f99dd0060c0d12ee333c692,.png
figures/Figure4_within_celltype_ABCD_boxplot.svg,45533,1e333ae86881b50164bc518b41d6286fc877df6c9f8d89f6e7d81f568765e7a9,.svg
figures/Figure4_within_celltype_ABCD_boxplot_caption.md,3644,fe0c0383671547f20b985803cc1098dbed6c36157cb0268334b54faf9b96fda9,.md
figures/Figure4_within_celltype_ABCD_boxplot_plot_audit.csv,591,1f3fe05b70f0d61cd65260971afcb90cee86d71f90e3e28ac1d438bd9291e64a,.csv
figures/Figure4_within_celltype_ABCD_caption.md,3644,fe0c0383671547f20b985803cc1098dbed6c36157cb0268334b54faf9b96fda9,.md
figures/Figure4_within_celltype_ABCD_plot_audit.csv,591,1f3fe05b70f0d61cd65260971afcb90cee86d71f90e3e28ac1d438bd9291e64a,.csv
figures/Figure4_within_celltype_ABCD_violin.emf,283280,4fa6da1cf05b50b68c9b13b9c9403f183147b2aafa8be1a15170298f31156e7c,.emf
figures/Figure4_within_celltype_ABCD_violin.pdf,42380,ddc8a0d3fbb241dceba96b992e7fa9e8fb51181aec17fc9d9a29cae64902394e,.pdf
figures/Figure4_within_celltype_ABCD_violin.png,1482901,61d673bfeb749356f7167dd1c0895bb54cb221618c075404f4d5aea011de045c,.png
figures/Figure4_within_celltype_ABCD_violin.svg,82187,42b28072dd81453d3f6e8bfaedfb097d49a25d3dd777175fe0d2bae490084021,.svg
figures/Figure4_within_celltype_ABCD_violin_caption.md,2959,454a533621f2f3e2e2f94d8ee384d40a251740a6bfa6f02ff820385b3eeba6c5,.md
figures/Figure4_within_celltype_ABCD_violin_plot_audit.csv,582,db298d304ccea78eedb6a7c0f613ba1969b65317be1fe00d4108c02a080637dd,.csv
figures/README.md,582,343c8617db0d1aae001980d3adb8bfa386d67d143b113594424f46c20fe70e3f,.md
figures/panel_a_within_celltype_hub_jaccard.emf,64700,ba96ad0695f7e00240dfe1dcc6f48162101e01925d4eab825a99e6cd28b576fd,.emf
figures/panel_a_within_celltype_hub_jaccard.pdf,17236,cb9ee180d8ea7dd097c38fcb63e29dbbc6012b98121b821189908fcbf53a3536,.pdf
figures/panel_a_within_celltype_hub_jaccard.png,242304,a6aaa04a7b23be5558078a1e639cc079a63606c52219eeaf542bcf861685b90d,.png
figures/panel_a_within_celltype_hub_jaccard.svg,12813,371aff92776fa1b686474ce06a521824fe5c3c5bf7ffad18564fc99a3df34a6a,.svg
figures/panel_a_within_celltype_hub_jaccard_boxplot.emf,64716,52e1dfd424d576ac31b1e14101d3c2ea15702603ea1f887afe1562a98eea99e1,.emf
figures/panel_a_within_celltype_hub_jaccard_boxplot.pdf,17236,4ca27fd169d5106d0ccf1d8538d330ea415ee758b3134bdf0c28fdfb00bde973,.pdf
figures/panel_a_within_celltype_hub_jaccard_boxplot.png,242304,a6aaa04a7b23be5558078a1e639cc079a63606c52219eeaf542bcf861685b90d,.png
figures/panel_a_within_celltype_hub_jaccard_boxplot.svg,12813,7d0bc90a056a89bd8a77cf188a3f59ab4382760e495ae168173221e5742fe9d0,.svg
figures/panel_a_within_celltype_hub_jaccard_violin.emf,69352,5aaae07c8626c55a5fba053372e770e826293175d505b9349cf63ba687b208aa,.emf
figures/panel_a_within_celltype_hub_jaccard_violin.pdf,20971,140a145d6c8526d71ecd23b65a208d9841de48b83a3594b4189dcace07471b6a,.pdf
figures/panel_a_within_celltype_hub_jaccard_violin.png,408615,a445afc2fd3447617216d730adc94fdc79ca83e34ebe810a62d5e5c303a1a959,.png
figures/panel_a_within_celltype_hub_jaccard_violin.svg,21637,a06a755ffebf92fb40d0996c0118e8f33329ce98ac984283cacfb1db997ee20a,.svg
figures/panel_b_within_celltype_mi_fidelity.emf,54664,80d9da07f9e09e301e86d0003dffe9873739f73b040b55add2460bf9866b828c,.emf
figures/panel_b_within_celltype_mi_fidelity.pdf,17757,aced04a23edf916fa5dcf34964c23ae5f9098415e55580bc01f3761fe8fa2472,.pdf
figures/panel_b_within_celltype_mi_fidelity.png,430484,cb49b7c54ae7b966c55aafebfe1ebabdabd78276e9f3e7399a986e2bfe99842e,.png
figures/panel_b_within_celltype_mi_fidelity.svg,13507,8495b1102a05cf53f09f56bff077c18d49d31616a76bd877c7611e53a5ac3021,.svg
figures/panel_b_within_celltype_mi_fidelity_boxplot.emf,54680,712e4cd6467e0f2477e2175430b75a2271dd4dc14bfa2603ee3cebaefa2fd0a6,.emf
figures/panel_b_within_celltype_mi_fidelity_boxplot.pdf,17757,6687ad2d50063ad5c92b8065389288180cbd042b143006ef1f8fda3e16bccbc7,.pdf
figures/panel_b_within_celltype_mi_fidelity_boxplot.png,430484,cb49b7c54ae7b966c55aafebfe1ebabdabd78276e9f3e7399a986e2bfe99842e,.png
figures/panel_b_within_celltype_mi_fidelity_boxplot.svg,13507,18585ab340cf51bbb8912df193880709529f1ff9da183065436434a70b3d07aa,.svg
figures/panel_b_within_celltype_mi_fidelity_violin.emf,59316,6839f7eaf187c9e9440ceb4d3c5716c875039b6cff9c1c87d8af1f9b1cabf25d,.emf
figures/panel_b_within_celltype_mi_fidelity_violin.pdf,21308,c7d30386e416407026b40e7458e5fb93d2336e486a0c24acd2eec6bd226197da,.pdf
figures/panel_b_within_celltype_mi_fidelity_violin.png,492653,22c33b6947c9c30e6f915d41534b3ae5b5a27eb2ab306167763dddc6d7c3ba7d,.png
figures/panel_b_within_celltype_mi_fidelity_violin.svg,22059,cdac6061f5f45a1946fb628b509bc4d0ed1c01866aedec56ea2f54ec7d6343ed,.svg
figures/panel_c_within_celltype_module_l2.emf,54944,619a4fba7bd5eed2ca82b389b0960bcd4058ab189ce427a5ccb925d2a09a4de7,.emf
figures/panel_c_within_celltype_module_l2.pdf,17219,2713553ad0b30f5e90a6685448c3ae51f6349cef07fab7962a19b3d99a5e8c4d,.pdf
figures/panel_c_within_celltype_module_l2.png,373502,f25c0a4ccfebac523cfa62b9d915b2d4bb84ad95368b194e884d8e1bf310c333,.png
figures/panel_c_within_celltype_module_l2.svg,12399,97e2f525130729e64b4d23e3cb02c4a41ac1394f7189e582c7d91880dbc4e93c,.svg
figures/panel_c_within_celltype_module_l2_boxplot.emf,54960,9aeb713673ce6b443c68154fe5e1330ed50ead9463a0743d10ab237668ad2e08,.emf
figures/panel_c_within_celltype_module_l2_boxplot.pdf,17219,ba9ff941de2b8a904728df7d2b21ffb584afa3c4750281afb7fde80fead53e25,.pdf
figures/panel_c_within_celltype_module_l2_boxplot.png,373502,f25c0a4ccfebac523cfa62b9d915b2d4bb84ad95368b194e884d8e1bf310c333,.png
figures/panel_c_within_celltype_module_l2_boxplot.svg,12399,3eb8b0cc4107b2aa6ba90e35f6b2fce4d0f031c935405cb67f60817b9a4dcb93,.svg
figures/panel_c_within_celltype_module_l2_violin.emf,59596,de87faf0d65d9fb22cd634d3bb2494e91f0b65eeae578e69d7445a8fb44bf493,.emf
figures/panel_c_within_celltype_module_l2_violin.pdf,20900,82b053a50de176787dda528573d07c160f4c66533e31b568c9df910aadfc16d7,.pdf
figures/panel_c_within_celltype_module_l2_violin.png,491778,ce64a3204b6fc35b5cb456531f2d9059c48ff379f677d8c5ad8ecb44a3eb6c21,.png
figures/panel_c_within_celltype_module_l2_violin.svg,21095,3795fe3e1b6be4f5a1fdf27127ea7f4345860686dbabf0dcafdd5ded6da57a5c,.svg
figures/panel_d_within_celltype_coexpression_edge_mae.emf,63860,8e713bec045d479aa77ef7a7b39a92f2e60867893dd1c3149119848ce9d4cffc,.emf
figures/panel_d_within_celltype_coexpression_edge_mae.pdf,17881,cb6aba7e9966bba2ab8bb49eb6c0b493b7ba0b8a93861dffae9404f3905c0c0f,.pdf
figures/panel_d_within_celltype_coexpression_edge_mae.png,484265,7c7ebcf166d48d6bb59822ffaeedf68bd591f23afb1f13861f19010b71ec9b12,.png
figures/panel_d_within_celltype_coexpression_edge_mae.svg,12427,25fe5f2555a1494c3d484481a2f8b1cc85e0a500509b71c504fc678d5a9822b0,.svg
figures/panel_d_within_celltype_coexpression_edge_mae_boxplot.emf,63876,8c85eee2b47eaa2e5c659706964113d1f7ac472a15b2e1e9ad2e0097e31e8ea3,.emf
figures/panel_d_within_celltype_coexpression_edge_mae_boxplot.pdf,17881,c3d729909584fa0212f9d5f85b16cf5a9b5dee9df807418c8c93954619730214,.pdf
figures/panel_d_within_celltype_coexpression_edge_mae_boxplot.png,484265,7c7ebcf166d48d6bb59822ffaeedf68bd591f23afb1f13861f19010b71ec9b12,.png
figures/panel_d_within_celltype_coexpression_edge_mae_boxplot.svg,12427,675992208c4fcc01d9474f73b6f4a13377611567130bc929a9b985dc2000a9c5,.svg
figures/panel_d_within_celltype_network_fidelity.emf,86924,18b1a4961c88c4b34c00eefd20381213a457b16c27d20881725f6d515c5c8082,.emf
figures/panel_d_within_celltype_network_fidelity.pdf,18650,59917ab3faae540f5b7a9bc4ef6e8d2e1490cefa4a4a21b8a8f2135301b47831,.pdf
figures/panel_d_within_celltype_network_fidelity.png,439537,41e29fcf1f7e0cdb22fde08e764cb4074527466cc920d88c9314bfb717d7d301,.png
figures/panel_d_within_celltype_network_fidelity.svg,14173,1da2c6d215dbe2f01f9163d24bb9aacaba9afb80ede212e9dfd3866001e51668,.svg
figures/panel_d_within_celltype_network_fidelity_boxplot.emf,86940,f6f799e867d17ae373e4f14cdd6dbecd7afce73f0d6ffe059362b591f27f463a,.emf
figures/panel_d_within_celltype_network_fidelity_boxplot.pdf,18650,1b9c2d507004ef54d9fc99bd3f49d67392e5bd87867c12509d8a2a391969aca0,.pdf
figures/panel_d_within_celltype_network_fidelity_boxplot.png,439537,41e29fcf1f7e0cdb22fde08e764cb4074527466cc920d88c9314bfb717d7d301,.png
figures/panel_d_within_celltype_network_fidelity_boxplot.svg,14173,c0d0443505e2f1675c0b0b7c1c31aac38e55fd33ff258153d12c3ba94df886fc,.svg
figures/panel_d_within_celltype_network_fidelity_violin.emf,91580,d2304e4972eafc17f8eaaaea1d7b73d9a8ac71a89f484644859eb1232cd476b5,.emf
figures/panel_d_within_celltype_network_fidelity_violin.pdf,22356,ef504019be8a34d82354eff19042d72d383ba78477e36825998bd8589b19116a,.pdf
figures/panel_d_within_celltype_network_fidelity_violin.png,566844,e4d702b57d34c910eeb50b1256d48e71c8b04737a552ed31ecd7f959a3e0292b,.png
figures/panel_d_within_celltype_network_fidelity_violin.svg,22949,ffbd11c3e9e4ce4e5c1ea791b0270636bd8abd3c535c7ccb4486081972777412,.svg
figures/primary_module_l2_paired.pdf,17963,8116cdab474dbb66745ecd2b5b8640a73dcc07fa254c3877e6073935b27f6bbc,.pdf
figures/primary_module_l2_paired.png,162691,9b9b89f811cb72a9ffd56ff9d3605b63f935391295300fd82054c9f285213e99,.png
figures/primary_module_l2_paired.svg,36424,2362d19099bc462f8f3fd4a77d2c92f10c0ca3ee3e4a04669e8bb10490999aba,.svg
figures/primary_topology_paired.pdf,26439,05c95c7043874acc744ea466f4881ca9a402324f23912ddbb707dc4ab5973629,.pdf
figures/primary_topology_paired.png,478048,34f011477439e5e17741bcbe3fcba6ef3c5bf96f01c2aa77a40006e74e579474,.png
figures/primary_topology_paired.svg,77843,afd7d1590d6e7a32dc262520571dd3a40e5592a94f8efef95bcff9b9fa576209,.svg
hub_jaccard_by_celltype_hub_seed.csv,1031529,e9f4fb4cb5f1d295a2ba8257002afa75a402c86b492821bacc0e4c4e56bfc45a,.csv
input_manifest.csv,1348,5057b6619958f3567d383f193fb678ac7e5ed90a089443e285d6a301a5dd07fa,.csv
input_schema_audit.csv,1182,7e5c5097fb3972c5ba7367ce3bd493237085384dc84bd6e9190a0a316064fcf4,.csv
legacy_bridge_reproduction.csv,365,327925f8424defd53589ef7cd928eaabc574492f120eb76c84aee6b643c3a8cb,.csv
logs/main_analysis.log,5244,45e8a0d0a993de300c7c8c6af04dd5f324dbb0674f4e33f113ee332b9970af71,.log
logs/main_analysis_native_initial.log,4837,38cffdd64c13a16cdc8e18a793ed509ee51fc0e2c38352491b0c0d79399c1f22,.log
logs/plot_figure4_within_celltype.log,1226,af630fdd1894c4b0e1e9c0de8d2872bafcdf322b16b4633968432208fac1635c,.log
logs/repro_run.log,5260,aa2121af17d124beb29e3e2ebe06b6e2ca4442430ae0a02312b2d8f6e6e3e73d,.log
logs/validation.log,33915,153a60a74674ec1acb8bffc7f30c4f24fdf411c5d9a0bfb0344f5072484e25d5,.log
module_l2_by_celltype_module_seed.csv,1040287,951b31b18d2fbff39ce3f4eef10bde801c22c01a87634af4cd72dbbb259b6948,.csv
plan.md,15526,2272e1c414240aea9c912933721b1ac583835d8f8087d0571a84fb2cc42b55e3,.md
protocol_deviations.csv,1249,159231e4587c05fd646a896a69748d215640db409352f709095e5887395ad04f,.csv
provenance_checks.csv,424,8173d9f7d426396b2d95c3af23c6b9164a52720ba17b0613d736dfc2931c10e0,.csv
raw_distributions.npz,5382,721fb7bf92bab0d12d7abc4b576195783669b6fba78c11f87f50c41c4efd3048,.npz
reproducibility_comparison.csv,1648,3c6b6fb1ac307b89cc2bb247207fbe9fc3cf569bb4f344197b26e2b1ad748a02,.csv
run_metadata.json,428,039bceb32b289085e3f5f7c8aa15beea196bc4fcd9a3a9f35e3f1c45d8bdbaf2,.json
scripts/__pycache__/compare_legacy_bridge.cpython-310.pyc,1612,4c0981c71a6ebb662e8ddc8c1cbda1c501c70f4f815d1a5a943c8cd66c3bb2ee,.pyc
scripts/__pycache__/compare_reproducibility.cpython-310.pyc,4034,2eda8f17100d5512a7b107f71e47077241d3e5f864a47bd4dbee57d250e62576,.pyc
scripts/__pycache__/plot_figure4_within_celltype.cpython-310.pyc,12161,7fdf6f55167af2fdce5c4b8efac306c63cfb09b15ec3268f5aacb3e1e8a70ed2,.pyc
scripts/__pycache__/plot_figure4_within_celltype.cpython-39.pyc,9891,c8b51f354ab332e8933f147769e29e8b8556884fb032e218837b51934e02f8b9,.pyc
scripts/__pycache__/run_within_celltype_topology.cpython-310.pyc,38994,2998eea378495ebcccdc3cf83d989a5b086065976cc84df5da6193231d3bc740,.pyc
scripts/__pycache__/run_within_celltype_topology.mutual_information_all_pairs-177.py310.1.nbc,76134,67acb25fc038d6fb9f1509d39c9af36d7e2dd831ae2fda65f1be62912aa5d5b4,.nbc
scripts/__pycache__/run_within_celltype_topology.mutual_information_all_pairs-177.py310.nbi,1409,72f0f18896d8553d4eac1e94a0498e180c0b26046b14a29426794222094ce813,.nbi
scripts/__pycache__/run_within_celltype_topology.mutual_information_all_pairs-186.py310.1.nbc,76134,e0f39bd6336000291439dd42c46926ffc72c3a38660844d0a6d7de6af5470c64,.nbc
scripts/__pycache__/run_within_celltype_topology.mutual_information_all_pairs-186.py310.nbi,1409,fe680d7b62316655acf162cece6d39e804ae15aadc43ba91bd18b8256f923363,.nbi
scripts/__pycache__/validate_outputs.cpython-310.pyc,15275,813409f7cac745816f4db853a1fa1fc96ae8772a0f6f02d5944004fddbd73ed6,.pyc
scripts/__pycache__/validate_outputs.cpython-39.pyc,14376,2e59f46ad93935d9732f841b660ce1e87b5a65bfef02d082c3f86bc6f2183ae0,.pyc
scripts/compare_legacy_bridge.py,1888,f61705f24906fb73b22068e02988da7a54fb649bf10ee0032b4d7d3cad9331a1,.py
scripts/compare_reproducibility.py,4715,efd858603723c70028e71f1a1c6ebfb1c495e16059395003cc5f8f18087138fc,.py
scripts/plot_figure4_within_celltype.py,13416,5edc564dc480de38ce2268311833f275033133d9a196613937ec74cb5362cd1b,.py
scripts/run_within_celltype_topology.py,56709,9fe342fc0a2dba3d80a0de2b8d2a99ac0f87468778e6172cb985572cbff958c3,.py
scripts/validate_outputs.py,20677,47da98ee0df67a40314185663367801e55e5f7984c3e225d81b82831dff9ebcb,.py
sensitivity_analysis.csv,4051,474b2f981ef9ab552b1cac664f3013fc49556dba0487287ee36f9850d78c0431,.csv
setting_eligibility.csv,18297,fac3369bb7ec2b9fb450711e0c19f2f4ddfa69e8c290baa8db17252cc705fdc0,.csv
statistical_tests.csv,3231,a9ff0c22ccf8ecf8ec5a8aa7e3f3e1d1c3953da995ec7526007f2c98c0509e01,.csv
validation_checks.csv,6433,769140842d590c6a104e7b13603b2b632260b7c64c5338dbc32498065f97d750,.csv
validation_report.md,5549,306734b364c3dafa378230bfd5c4acd160a047337ebc2c454641586fb2e2716e,.md
within_type_gene_panel.csv,278941,63a3faa9de02662f06624f4f8b07e902a077673da7b7f244e81c4c482cabc724,.csv
within_type_metrics_by_celltype.csv,29788,2b24fd9421b93968dd622b4c73c00d47452cf89ad0a8c8be5c56048949e1d5cc,.csv
within_type_metrics_by_seed.csv,419977,346ef500024210424bd658bc63f496e46b705fb94026def238ae8690be74ab08,.csv
within_type_modules.csv,56267,85fe1021cbdf360e945d23b5569a95c4d7fbc74583385227dc7e3c4a72de9301,.csv
