cell_type,method,n_cells_per_source,mean_over_seeds,sd_over_seeds,min_over_seeds,max_over_seeds
CD_PC,BaseVAE,358,0.4408996107929977,0.014339937905554512,0.41305159147660603,0.46199319092029134
CD_PC,DeconvSC,358,0.7922915861239141,0.007308825285619782,0.7803067767983012,0.8033098184816846
CNT,BaseVAE,151,0.33261968089524296,0.03336355174619368,0.2785891648543252,0.38840679318780114
CNT,DeconvSC,151,0.5671630923229698,0.02304139961838651,0.5376702291970685,0.6146632809285022
DCT,BaseVAE,245,0.27849683981356754,0.04981748367865949,0.19884717517474845,0.35141375605011704
DCT,DeconvSC,245,0.509937369855611,0.038770992374095155,0.4308861716293789,0.5605030449637689
MC,BaseVAE,196,0.32722074765873144,0.020693326853553358,0.2981671562332264,0.36085510706614343
MC,DeconvSC,196,0.7476535685294662,0.009356184377991726,0.7292479233037934,0.7611503279176574
PT,BaseVAE,600,0.5233340844366319,0.027734255318049173,0.4789628790846412,0.5494941585556101
PT,DeconvSC,600,0.7322463103766581,0.010765979993646028,0.7230680150588822,0.7569451179033349
aLOH,BaseVAE,600,0.37494679358417055,0.013856702707708744,0.3563719929539959,0.40331386981030426
aLOH,DeconvSC,600,0.7212981788637566,0.012295067684324772,0.7076259649880368,0.742685075010237
