cell_type,seed,method,n_cells_per_source,median_profile_pcc
CD_PC,2024,DeconvSC,358,0.7852868016657542
CD_PC,2024,BaseVAE,358,0.43570394543590774
CD_PC,2025,DeconvSC,358,0.7985072744219934
CD_PC,2025,BaseVAE,358,0.41305159147660603
CD_PC,2026,DeconvSC,358,0.7975902275346731
CD_PC,2026,BaseVAE,358,0.46199319092029134
CD_PC,2027,DeconvSC,358,0.7880439180534462
CD_PC,2027,BaseVAE,358,0.44379501472619975
CD_PC,2028,DeconvSC,358,0.7905227615941164
CD_PC,2028,BaseVAE,358,0.42871995957403497
CD_PC,2029,DeconvSC,358,0.8033098184816846
CD_PC,2029,BaseVAE,358,0.43943328679373306
CD_PC,2030,DeconvSC,358,0.7993270569374669
CD_PC,2030,BaseVAE,358,0.4337230582020061
CD_PC,2031,DeconvSC,358,0.7803067767983012
CD_PC,2031,BaseVAE,358,0.456387586144969
CD_PC,2032,DeconvSC,358,0.7930831448754558
CD_PC,2032,BaseVAE,358,0.44312054815889956
CD_PC,2033,DeconvSC,358,0.7869380808762501
CD_PC,2033,BaseVAE,358,0.45306792649732935
CNT,2024,DeconvSC,151,0.5834902096258122
CNT,2024,BaseVAE,151,0.3485132796443188
CNT,2025,DeconvSC,151,0.5608759919219934
CNT,2025,BaseVAE,151,0.3115298483673668
CNT,2026,DeconvSC,151,0.5687220677931974
CNT,2026,BaseVAE,151,0.38840679318780114
CNT,2027,DeconvSC,151,0.5376702291970685
CNT,2027,BaseVAE,151,0.34656948856362324
CNT,2028,DeconvSC,151,0.579078413179144
CNT,2028,BaseVAE,151,0.3664393826545134
CNT,2029,DeconvSC,151,0.5627537083832217
CNT,2029,BaseVAE,151,0.3002301461718488
CNT,2030,DeconvSC,151,0.6146632809285022
CNT,2030,BaseVAE,151,0.3259693797384819
CNT,2031,DeconvSC,151,0.5762701057611979
CNT,2031,BaseVAE,151,0.35051222749915506
CNT,2032,DeconvSC,151,0.5401126733557303
CNT,2032,BaseVAE,151,0.2785891648543252
CNT,2033,DeconvSC,151,0.5479942430838296
CNT,2033,BaseVAE,151,0.30943709827099497
DCT,2024,DeconvSC,245,0.5035702885235069
DCT,2024,BaseVAE,245,0.2529054609412029
DCT,2025,DeconvSC,245,0.521429903606978
DCT,2025,BaseVAE,245,0.291152415355829
DCT,2026,DeconvSC,245,0.5605030449637689
DCT,2026,BaseVAE,245,0.32626720047099694
DCT,2027,DeconvSC,245,0.5499136804062518
DCT,2027,BaseVAE,245,0.35141375605011704
DCT,2028,DeconvSC,245,0.5207880462430539
DCT,2028,BaseVAE,245,0.3140986871122154
DCT,2029,DeconvSC,245,0.5391120477700779
DCT,2029,BaseVAE,245,0.31282811173768155
DCT,2030,DeconvSC,245,0.5146317206656446
DCT,2030,BaseVAE,245,0.26448018145741203
DCT,2031,DeconvSC,245,0.4308861716293789
DCT,2031,BaseVAE,245,0.19884717517474845
DCT,2032,DeconvSC,245,0.4729440225373912
DCT,2032,BaseVAE,245,0.20997477935271838
DCT,2033,DeconvSC,245,0.4855947722100573
DCT,2033,BaseVAE,245,0.26300063048275346
MC,2024,DeconvSC,196,0.7611503279176574
MC,2024,BaseVAE,196,0.32750963573995284
MC,2025,DeconvSC,196,0.747716297139221
MC,2025,BaseVAE,196,0.3350092274863872
MC,2026,DeconvSC,196,0.7452401198157828
MC,2026,BaseVAE,196,0.3024886287393868
MC,2027,DeconvSC,196,0.7461312151169641
MC,2027,BaseVAE,196,0.3272039756673163
MC,2028,DeconvSC,196,0.7292479233037934
MC,2028,BaseVAE,196,0.3024973867249893
MC,2029,DeconvSC,196,0.7437988225655642
MC,2029,BaseVAE,196,0.2981671562332264
MC,2030,DeconvSC,196,0.7550167819205853
MC,2030,BaseVAE,196,0.348780553884838
MC,2031,DeconvSC,196,0.7589423034014791
MC,2031,BaseVAE,196,0.36085510706614343
MC,2032,DeconvSC,196,0.7399467945455274
MC,2032,BaseVAE,196,0.3374655363830041
MC,2033,DeconvSC,196,0.7493450995680875
MC,2033,BaseVAE,196,0.3322302686620698
PT,2024,DeconvSC,600,0.7244844476291461
PT,2024,BaseVAE,600,0.486020573687814
PT,2025,DeconvSC,600,0.7414149258008407
PT,2025,BaseVAE,600,0.5431073755815692
PT,2026,DeconvSC,600,0.7284286943685248
PT,2026,BaseVAE,600,0.5494941585556101
PT,2027,DeconvSC,600,0.7379212742931436
PT,2027,BaseVAE,600,0.5460161840756279
PT,2028,DeconvSC,600,0.7247161058008125
PT,2028,BaseVAE,600,0.5389845713721801
PT,2029,DeconvSC,600,0.7569451179033349
PT,2029,BaseVAE,600,0.5484114676084131
PT,2030,DeconvSC,600,0.7259980655555167
PT,2030,BaseVAE,600,0.49769426591649135
PT,2031,DeconvSC,600,0.7230680150588822
PT,2031,BaseVAE,600,0.4789628790846412
PT,2032,DeconvSC,600,0.7347191667308584
PT,2032,BaseVAE,600,0.5371324050265629
PT,2033,DeconvSC,600,0.7247672906255214
PT,2033,BaseVAE,600,0.5075169634574082
aLOH,2024,DeconvSC,600,0.7076259649880368
aLOH,2024,BaseVAE,600,0.36813215434451385
aLOH,2025,DeconvSC,600,0.733533984717599
aLOH,2025,BaseVAE,600,0.40331386981030426
aLOH,2026,DeconvSC,600,0.7131853851127296
aLOH,2026,BaseVAE,600,0.3563719929539959
aLOH,2027,DeconvSC,600,0.7333108595212452
aLOH,2027,BaseVAE,600,0.38753283866622723
aLOH,2028,DeconvSC,600,0.7176250508484667
aLOH,2028,BaseVAE,600,0.36532406415858965
aLOH,2029,DeconvSC,600,0.7289346314329366
aLOH,2029,BaseVAE,600,0.38165572339275333
aLOH,2030,DeconvSC,600,0.708705706566668
aLOH,2030,BaseVAE,600,0.3701568579972728
aLOH,2031,DeconvSC,600,0.742685075010237
aLOH,2031,BaseVAE,600,0.3758428188761331
aLOH,2032,DeconvSC,600,0.7159383501286414
aLOH,2032,BaseVAE,600,0.3612461125343609
aLOH,2033,DeconvSC,600,0.7114367803110055
aLOH,2033,BaseVAE,600,0.3798915031075547
