cell_type,donor,Test_available,DeconvSC_available,BaseVAE_available,balanced_n_per_source
CD_PC,LDK1,375,107,155,107
CD_PC,LDK2,442,119,165,119
CD_PC,LDK3,229,132,185,132
CNT,LDK1,305,49,95,49
CNT,LDK2,398,51,98,51
CNT,LDK3,190,51,100,51
DCT,LDK1,234,82,178,82
DCT,LDK2,443,82,179,82
DCT,LDK3,194,81,179,81
MC,LDK1,142,66,117,66
MC,LDK2,137,64,114,64
MC,LDK3,83,66,117,66
PT,LDK1,2319,379,639,200
PT,LDK2,4548,366,610,200
PT,LDK3,2547,351,582,200
aLOH,LDK1,317,356,731,200
aLOH,LDK2,635,362,759,200
aLOH,LDK3,313,368,780,200
