setting,metric,direction,test,n_cell_types,cell_types,deconvsc_mean,deconvsc_median,basevae_mean,basevae_median,median_advantage_favors_deconvsc,mean_advantage_favors_deconvsc,advantage_bootstrap_ci_low,advantage_bootstrap_ci_high,rank_biserial_favors_deconvsc,deconvsc_win_fraction,p_one_sided,p_two_sided,p_exact_signflip_mean_one_sided,analysis_role
P0_primary,module_l2_mean,lower_better,paired Wilcoxon exact,6,CD_PC;CNT;DCT;MC;PT;aLOH,0.01613077412251134,0.018779560813829164,0.047186126607332374,0.048614988615602754,0.02892811744380893,0.031055352484821035,0.015896478355113486,0.048341461655540686,1.0,1.0,0.015625,0.03125,0.015625,confirmatory
S1_current,module_l2_mean,lower_better,paired Wilcoxon exact,6,CD_PC;DCT;Endo;MC;PT;aLOH,0.010175915618117802,0.010756078369838253,0.03977061617994206,0.04191259492487137,0.02930599730064705,0.029594700561824255,0.01715263939621554,0.04232546498861019,1.0,1.0,0.015625,0.03125,0.015625,sensitivity
S2a_threshold50,module_l2_mean,lower_better,paired Wilcoxon exact,10,CD_IC;CD_PC;CNT;DCT;Endo;Fib;MC;PT;Podo;aLOH,0.01727883650395271,0.018803934337313193,0.04116796842864184,0.03781539486206857,0.017323333766363233,0.023889131924689125,0.013291155488374628,0.032832016493459196,1.0,1.0,0.0009765625,0.001953125,0.0009765625,sensitivity
S2b_threshold200,module_l2_mean,lower_better,paired Wilcoxon exact,4,CD_PC;DCT;PT;aLOH,0.013725178683549234,0.015081214375907818,0.03613747658301043,0.03807593111503234,0.022994716739124524,0.022412297899461205,0.01377204161636794,0.029887716503227836,1.0,1.0,0.0625,0.125,0.0625,sensitivity
S3_no_donor_centering,module_l2_mean,lower_better,paired Wilcoxon exact,6,CD_PC;CNT;DCT;MC;PT;aLOH,0.016042402838877617,0.018724409703540026,0.04711815563227333,0.04850747148954412,0.028901002025760316,0.03107575279339571,0.015896632599743655,0.048429623754683154,1.0,1.0,0.015625,0.03125,0.015625,sensitivity
S4_shared_global_panel,module_l2_mean,lower_better,paired Wilcoxon exact,6,CD_PC;CNT;DCT;MC;PT;aLOH,0.00013278471065672901,0.00013024288940543605,0.0002497962968034898,0.00023753221043921677,0.00010728932103378072,0.00011701158614676082,8.219844031474758e-05,0.00016154699709175415,1.0,1.0,0.015625,0.03125,0.015625,sensitivity
S5_legacy_ward,module_l2_mean,lower_better,paired Wilcoxon exact,6,CD_PC;CNT;DCT;MC;PT;aLOH,0.019377526432769115,0.019859514174593224,0.04126812610515385,0.04129463973232356,0.021534305698824044,0.021890599672384745,0.017398761642292402,0.02673873167603779,1.0,1.0,0.015625,0.03125,0.015625,sensitivity
S6_donor_fisher,module_l2_mean,lower_better,paired Wilcoxon exact,6,CD_PC;CNT;DCT;MC;PT;aLOH,0.01620709883422167,0.01886957831091446,0.0471411111858614,0.04859387854036139,0.028839673480603983,0.03093401235163973,0.015782799570306236,0.048179564004008975,1.0,1.0,0.015625,0.03125,0.015625,sensitivity
S7_native_decoder_scale,module_l2_mean,lower_better,paired Wilcoxon exact,6,CD_PC;CNT;DCT;MC;PT;aLOH,0.013672643440806998,0.012486528573276572,0.04719160050255161,0.04728123396128907,0.034853479986336255,0.033518957061744604,0.01909063295936149,0.046612758239536076,1.0,1.0,0.015625,0.03125,0.015625,sensitivity
LODO_without_LDK1,module_l2_mean,lower_better,paired Wilcoxon exact,6,CD_PC;CNT;DCT;MC;PT;aLOH,0.016538366502313655,0.018979359271314736,0.04711835108738977,0.04844761483469571,0.028501171651580233,0.030579984585076114,0.015847528224764595,0.0473912538788835,1.0,1.0,0.015625,0.03125,0.015625,sensitivity
LODO_without_LDK2,module_l2_mean,lower_better,paired Wilcoxon exact,6,CD_PC;CNT;DCT;MC;PT;aLOH,0.016376913749501867,0.019277548576944085,0.04711752207002618,0.04872663771421179,0.028801780935943523,0.030740608320524318,0.015962865379364193,0.047457178646265245,1.0,1.0,0.015625,0.03125,0.015625,sensitivity
LODO_without_LDK3,module_l2_mean,lower_better,paired Wilcoxon exact,6,CD_PC;CNT;DCT;MC;PT;aLOH,0.016893308817695223,0.019547192462789402,0.04756578596873629,0.0488816751508194,0.02893760019606781,0.030672477151041072,0.015348773005845272,0.04773105825121012,1.0,1.0,0.015625,0.03125,0.015625,sensitivity
