cell_type,deconv_source,threshold,candidate_donors,valid_donors,n_valid_donors,GT_total,DeconvSC_total,BaseVAE_total,eligible,setting
B,DeconvSC,100,LDK1;LDK2;LDK3,,0,17,42,69,False,P0_primary
CD_IC,DeconvSC,100,LDK1;LDK2;LDK3,LDK1;LDK2;LDK3,3,686,63,118,False,P0_primary
CD_IC_A,DeconvSC,100,LDK1;LDK2;LDK3,,0,0,431,1296,False,P0_primary
CD_IC_B,DeconvSC,100,LDK1;LDK2;LDK3,,0,0,413,1055,False,P0_primary
CD_PC,DeconvSC,100,LDK1;LDK2;LDK3,LDK1;LDK2;LDK3,3,1046,358,505,True,P0_primary
CD_Trans,DeconvSC,100,LDK1;LDK2;LDK3,,0,16,206,368,False,P0_primary
CNT,DeconvSC,100,LDK1;LDK2;LDK3,LDK1;LDK2;LDK3,3,893,151,293,True,P0_primary
DCT,DeconvSC,100,LDK1;LDK2;LDK3,LDK1;LDK2;LDK3,3,871,245,536,True,P0_primary
Endo,DeconvSC,100,LDK1;LDK2;LDK3,LDK1;LDK2;LDK3,3,1060,76,166,False,P0_primary
Fib,DeconvSC,100,LDK1;LDK2;LDK3,LDK1;LDK2;LDK3,3,102,66,128,False,P0_primary
MC,DeconvSC,100,LDK1;LDK2;LDK3,LDK1;LDK2;LDK3,3,362,196,348,True,P0_primary
MPH,DeconvSC,100,LDK1;LDK2;LDK3,,0,594,42,118,False,P0_primary
NK,DeconvSC,100,LDK1;LDK2;LDK3,,0,29,78,117,False,P0_primary
Neut,DeconvSC,100,LDK1;LDK2;LDK3,,0,8,108,190,False,P0_primary
PT,DeconvSC,100,LDK1;LDK2;LDK3,LDK1;LDK2;LDK3,3,9414,1096,1831,True,P0_primary
Podo,DeconvSC,100,LDK1;LDK2;LDK3,LDK1;LDK2;LDK3,3,405,73,271,False,P0_primary
T,DeconvSC,100,LDK1;LDK2;LDK3,,0,179,57,84,False,P0_primary
Unknown,DeconvSC,100,LDK1;LDK2;LDK3,,0,0,33,66,False,P0_primary
aLOH,DeconvSC,100,LDK1;LDK2;LDK3,LDK1;LDK2;LDK3,3,1265,1086,2270,True,P0_primary
others,DeconvSC,100,LDK1;LDK2;LDK3,,0,0,148,139,False,P0_primary
B,DeconvSC_current,100,LDK1;LDK2;LDK3,,0,17,3,69,False,S1_current
CD_IC,DeconvSC_current,100,LDK1;LDK2;LDK3,,0,686,18,118,False,S1_current
CD_IC_A,DeconvSC_current,100,LDK1;LDK2;LDK3,,0,0,0,1296,False,S1_current
CD_IC_B,DeconvSC_current,100,LDK1;LDK2;LDK3,,0,0,0,1055,False,S1_current
CD_PC,DeconvSC_current,100,LDK1;LDK2;LDK3,LDK1;LDK2;LDK3,3,1046,222,505,True,S1_current
CD_Trans,DeconvSC_current,100,LDK1;LDK2;LDK3,,0,16,59,368,False,S1_current
CNT,DeconvSC_current,100,LDK1;LDK2;LDK3,LDK1;LDK2;LDK3,3,893,76,293,False,S1_current
DCT,DeconvSC_current,100,LDK1;LDK2;LDK3,LDK1;LDK2;LDK3,3,871,337,536,True,S1_current
Endo,DeconvSC_current,100,LDK1;LDK2;LDK3,LDK1;LDK2;LDK3,3,1060,349,166,True,S1_current
Fib,DeconvSC_current,100,LDK1;LDK2;LDK3,,0,102,9,128,False,S1_current
MC,DeconvSC_current,100,LDK1;LDK2;LDK3,LDK1;LDK2;LDK3,3,362,244,348,True,S1_current
MPH,DeconvSC_current,100,LDK1;LDK2;LDK3,,0,594,50,118,False,S1_current
NK,DeconvSC_current,100,LDK1;LDK2;LDK3,,0,29,3,117,False,S1_current
Neut,DeconvSC_current,100,LDK1;LDK2;LDK3,,0,8,0,190,False,S1_current
PT,DeconvSC_current,100,LDK1;LDK2;LDK3,LDK1;LDK2;LDK3,3,9414,2501,1831,True,S1_current
Podo,DeconvSC_current,100,LDK1;LDK2;LDK3,,0,405,48,271,False,S1_current
T,DeconvSC_current,100,LDK1;LDK2;LDK3,,0,179,6,84,False,S1_current
Unknown,DeconvSC_current,100,LDK1;LDK2;LDK3,,0,0,0,66,False,S1_current
aLOH,DeconvSC_current,100,LDK1;LDK2;LDK3,LDK1;LDK2;LDK3,3,1265,874,2270,True,S1_current
others,DeconvSC_current,100,LDK1;LDK2;LDK3,,0,0,0,139,False,S1_current
B,DeconvSC,50,LDK1;LDK2;LDK3,,0,17,42,69,False,S2a_threshold50
CD_IC,DeconvSC,50,LDK1;LDK2;LDK3,LDK1;LDK2;LDK3,3,686,63,118,True,S2a_threshold50
CD_IC_A,DeconvSC,50,LDK1;LDK2;LDK3,,0,0,431,1296,False,S2a_threshold50
CD_IC_B,DeconvSC,50,LDK1;LDK2;LDK3,,0,0,413,1055,False,S2a_threshold50
CD_PC,DeconvSC,50,LDK1;LDK2;LDK3,LDK1;LDK2;LDK3,3,1046,358,505,True,S2a_threshold50
CD_Trans,DeconvSC,50,LDK1;LDK2;LDK3,,0,16,206,368,False,S2a_threshold50
CNT,DeconvSC,50,LDK1;LDK2;LDK3,LDK1;LDK2;LDK3,3,893,151,293,True,S2a_threshold50
DCT,DeconvSC,50,LDK1;LDK2;LDK3,LDK1;LDK2;LDK3,3,871,245,536,True,S2a_threshold50
Endo,DeconvSC,50,LDK1;LDK2;LDK3,LDK1;LDK2;LDK3,3,1060,76,166,True,S2a_threshold50
Fib,DeconvSC,50,LDK1;LDK2;LDK3,LDK1;LDK2;LDK3,3,102,66,128,True,S2a_threshold50
MC,DeconvSC,50,LDK1;LDK2;LDK3,LDK1;LDK2;LDK3,3,362,196,348,True,S2a_threshold50
MPH,DeconvSC,50,LDK1;LDK2;LDK3,,0,594,42,118,False,S2a_threshold50
NK,DeconvSC,50,LDK1;LDK2;LDK3,,0,29,78,117,False,S2a_threshold50
Neut,DeconvSC,50,LDK1;LDK2;LDK3,,0,8,108,190,False,S2a_threshold50
PT,DeconvSC,50,LDK1;LDK2;LDK3,LDK1;LDK2;LDK3,3,9414,1096,1831,True,S2a_threshold50
Podo,DeconvSC,50,LDK1;LDK2;LDK3,LDK1;LDK2;LDK3,3,405,73,271,True,S2a_threshold50
T,DeconvSC,50,LDK1;LDK2;LDK3,,0,179,57,84,False,S2a_threshold50
Unknown,DeconvSC,50,LDK1;LDK2;LDK3,,0,0,33,66,False,S2a_threshold50
aLOH,DeconvSC,50,LDK1;LDK2;LDK3,LDK1;LDK2;LDK3,3,1265,1086,2270,True,S2a_threshold50
others,DeconvSC,50,LDK1;LDK2;LDK3,,0,0,148,139,False,S2a_threshold50
B,DeconvSC,200,LDK1;LDK2;LDK3,,0,17,42,69,False,S2b_threshold200
CD_IC,DeconvSC,200,LDK1;LDK2;LDK3,LDK1;LDK2;LDK3,3,686,63,118,False,S2b_threshold200
CD_IC_A,DeconvSC,200,LDK1;LDK2;LDK3,,0,0,431,1296,False,S2b_threshold200
CD_IC_B,DeconvSC,200,LDK1;LDK2;LDK3,,0,0,413,1055,False,S2b_threshold200
CD_PC,DeconvSC,200,LDK1;LDK2;LDK3,LDK1;LDK2;LDK3,3,1046,358,505,True,S2b_threshold200
CD_Trans,DeconvSC,200,LDK1;LDK2;LDK3,,0,16,206,368,False,S2b_threshold200
CNT,DeconvSC,200,LDK1;LDK2;LDK3,LDK1;LDK2;LDK3,3,893,151,293,False,S2b_threshold200
DCT,DeconvSC,200,LDK1;LDK2;LDK3,LDK1;LDK2;LDK3,3,871,245,536,True,S2b_threshold200
Endo,DeconvSC,200,LDK1;LDK2;LDK3,LDK1;LDK2;LDK3,3,1060,76,166,False,S2b_threshold200
Fib,DeconvSC,200,LDK1;LDK2;LDK3,LDK1;LDK2;LDK3,3,102,66,128,False,S2b_threshold200
MC,DeconvSC,200,LDK1;LDK2;LDK3,LDK1;LDK2;LDK3,3,362,196,348,False,S2b_threshold200
MPH,DeconvSC,200,LDK1;LDK2;LDK3,,0,594,42,118,False,S2b_threshold200
NK,DeconvSC,200,LDK1;LDK2;LDK3,,0,29,78,117,False,S2b_threshold200
Neut,DeconvSC,200,LDK1;LDK2;LDK3,,0,8,108,190,False,S2b_threshold200
PT,DeconvSC,200,LDK1;LDK2;LDK3,LDK1;LDK2;LDK3,3,9414,1096,1831,True,S2b_threshold200
Podo,DeconvSC,200,LDK1;LDK2;LDK3,LDK1;LDK2;LDK3,3,405,73,271,False,S2b_threshold200
T,DeconvSC,200,LDK1;LDK2;LDK3,,0,179,57,84,False,S2b_threshold200
Unknown,DeconvSC,200,LDK1;LDK2;LDK3,,0,0,33,66,False,S2b_threshold200
aLOH,DeconvSC,200,LDK1;LDK2;LDK3,LDK1;LDK2;LDK3,3,1265,1086,2270,True,S2b_threshold200
others,DeconvSC,200,LDK1;LDK2;LDK3,,0,0,148,139,False,S2b_threshold200
B,DeconvSC,100,LDK1;LDK2;LDK3,,0,17,42,69,False,S3_no_donor_centering
CD_IC,DeconvSC,100,LDK1;LDK2;LDK3,LDK1;LDK2;LDK3,3,686,63,118,False,S3_no_donor_centering
CD_IC_A,DeconvSC,100,LDK1;LDK2;LDK3,,0,0,431,1296,False,S3_no_donor_centering
CD_IC_B,DeconvSC,100,LDK1;LDK2;LDK3,,0,0,413,1055,False,S3_no_donor_centering
CD_PC,DeconvSC,100,LDK1;LDK2;LDK3,LDK1;LDK2;LDK3,3,1046,358,505,True,S3_no_donor_centering
CD_Trans,DeconvSC,100,LDK1;LDK2;LDK3,,0,16,206,368,False,S3_no_donor_centering
CNT,DeconvSC,100,LDK1;LDK2;LDK3,LDK1;LDK2;LDK3,3,893,151,293,True,S3_no_donor_centering
DCT,DeconvSC,100,LDK1;LDK2;LDK3,LDK1;LDK2;LDK3,3,871,245,536,True,S3_no_donor_centering
Endo,DeconvSC,100,LDK1;LDK2;LDK3,LDK1;LDK2;LDK3,3,1060,76,166,False,S3_no_donor_centering
Fib,DeconvSC,100,LDK1;LDK2;LDK3,LDK1;LDK2;LDK3,3,102,66,128,False,S3_no_donor_centering
MC,DeconvSC,100,LDK1;LDK2;LDK3,LDK1;LDK2;LDK3,3,362,196,348,True,S3_no_donor_centering
MPH,DeconvSC,100,LDK1;LDK2;LDK3,,0,594,42,118,False,S3_no_donor_centering
NK,DeconvSC,100,LDK1;LDK2;LDK3,,0,29,78,117,False,S3_no_donor_centering
Neut,DeconvSC,100,LDK1;LDK2;LDK3,,0,8,108,190,False,S3_no_donor_centering
PT,DeconvSC,100,LDK1;LDK2;LDK3,LDK1;LDK2;LDK3,3,9414,1096,1831,True,S3_no_donor_centering
Podo,DeconvSC,100,LDK1;LDK2;LDK3,LDK1;LDK2;LDK3,3,405,73,271,False,S3_no_donor_centering
T,DeconvSC,100,LDK1;LDK2;LDK3,,0,179,57,84,False,S3_no_donor_centering
Unknown,DeconvSC,100,LDK1;LDK2;LDK3,,0,0,33,66,False,S3_no_donor_centering
aLOH,DeconvSC,100,LDK1;LDK2;LDK3,LDK1;LDK2;LDK3,3,1265,1086,2270,True,S3_no_donor_centering
others,DeconvSC,100,LDK1;LDK2;LDK3,,0,0,148,139,False,S3_no_donor_centering
B,DeconvSC,100,LDK1;LDK2;LDK3,,0,17,42,69,False,S4_shared_global_panel
CD_IC,DeconvSC,100,LDK1;LDK2;LDK3,LDK1;LDK2;LDK3,3,686,63,118,False,S4_shared_global_panel
CD_IC_A,DeconvSC,100,LDK1;LDK2;LDK3,,0,0,431,1296,False,S4_shared_global_panel
CD_IC_B,DeconvSC,100,LDK1;LDK2;LDK3,,0,0,413,1055,False,S4_shared_global_panel
CD_PC,DeconvSC,100,LDK1;LDK2;LDK3,LDK1;LDK2;LDK3,3,1046,358,505,True,S4_shared_global_panel
CD_Trans,DeconvSC,100,LDK1;LDK2;LDK3,,0,16,206,368,False,S4_shared_global_panel
CNT,DeconvSC,100,LDK1;LDK2;LDK3,LDK1;LDK2;LDK3,3,893,151,293,True,S4_shared_global_panel
DCT,DeconvSC,100,LDK1;LDK2;LDK3,LDK1;LDK2;LDK3,3,871,245,536,True,S4_shared_global_panel
Endo,DeconvSC,100,LDK1;LDK2;LDK3,LDK1;LDK2;LDK3,3,1060,76,166,False,S4_shared_global_panel
Fib,DeconvSC,100,LDK1;LDK2;LDK3,LDK1;LDK2;LDK3,3,102,66,128,False,S4_shared_global_panel
MC,DeconvSC,100,LDK1;LDK2;LDK3,LDK1;LDK2;LDK3,3,362,196,348,True,S4_shared_global_panel
MPH,DeconvSC,100,LDK1;LDK2;LDK3,,0,594,42,118,False,S4_shared_global_panel
NK,DeconvSC,100,LDK1;LDK2;LDK3,,0,29,78,117,False,S4_shared_global_panel
Neut,DeconvSC,100,LDK1;LDK2;LDK3,,0,8,108,190,False,S4_shared_global_panel
PT,DeconvSC,100,LDK1;LDK2;LDK3,LDK1;LDK2;LDK3,3,9414,1096,1831,True,S4_shared_global_panel
Podo,DeconvSC,100,LDK1;LDK2;LDK3,LDK1;LDK2;LDK3,3,405,73,271,False,S4_shared_global_panel
T,DeconvSC,100,LDK1;LDK2;LDK3,,0,179,57,84,False,S4_shared_global_panel
Unknown,DeconvSC,100,LDK1;LDK2;LDK3,,0,0,33,66,False,S4_shared_global_panel
aLOH,DeconvSC,100,LDK1;LDK2;LDK3,LDK1;LDK2;LDK3,3,1265,1086,2270,True,S4_shared_global_panel
others,DeconvSC,100,LDK1;LDK2;LDK3,,0,0,148,139,False,S4_shared_global_panel
B,DeconvSC,100,LDK1;LDK2;LDK3,,0,17,42,69,False,S5_legacy_ward
CD_IC,DeconvSC,100,LDK1;LDK2;LDK3,LDK1;LDK2;LDK3,3,686,63,118,False,S5_legacy_ward
CD_IC_A,DeconvSC,100,LDK1;LDK2;LDK3,,0,0,431,1296,False,S5_legacy_ward
CD_IC_B,DeconvSC,100,LDK1;LDK2;LDK3,,0,0,413,1055,False,S5_legacy_ward
CD_PC,DeconvSC,100,LDK1;LDK2;LDK3,LDK1;LDK2;LDK3,3,1046,358,505,True,S5_legacy_ward
CD_Trans,DeconvSC,100,LDK1;LDK2;LDK3,,0,16,206,368,False,S5_legacy_ward
CNT,DeconvSC,100,LDK1;LDK2;LDK3,LDK1;LDK2;LDK3,3,893,151,293,True,S5_legacy_ward
DCT,DeconvSC,100,LDK1;LDK2;LDK3,LDK1;LDK2;LDK3,3,871,245,536,True,S5_legacy_ward
Endo,DeconvSC,100,LDK1;LDK2;LDK3,LDK1;LDK2;LDK3,3,1060,76,166,False,S5_legacy_ward
Fib,DeconvSC,100,LDK1;LDK2;LDK3,LDK1;LDK2;LDK3,3,102,66,128,False,S5_legacy_ward
MC,DeconvSC,100,LDK1;LDK2;LDK3,LDK1;LDK2;LDK3,3,362,196,348,True,S5_legacy_ward
MPH,DeconvSC,100,LDK1;LDK2;LDK3,,0,594,42,118,False,S5_legacy_ward
NK,DeconvSC,100,LDK1;LDK2;LDK3,,0,29,78,117,False,S5_legacy_ward
Neut,DeconvSC,100,LDK1;LDK2;LDK3,,0,8,108,190,False,S5_legacy_ward
PT,DeconvSC,100,LDK1;LDK2;LDK3,LDK1;LDK2;LDK3,3,9414,1096,1831,True,S5_legacy_ward
Podo,DeconvSC,100,LDK1;LDK2;LDK3,LDK1;LDK2;LDK3,3,405,73,271,False,S5_legacy_ward
T,DeconvSC,100,LDK1;LDK2;LDK3,,0,179,57,84,False,S5_legacy_ward
Unknown,DeconvSC,100,LDK1;LDK2;LDK3,,0,0,33,66,False,S5_legacy_ward
aLOH,DeconvSC,100,LDK1;LDK2;LDK3,LDK1;LDK2;LDK3,3,1265,1086,2270,True,S5_legacy_ward
others,DeconvSC,100,LDK1;LDK2;LDK3,,0,0,148,139,False,S5_legacy_ward
B,DeconvSC,100,LDK1;LDK2;LDK3,,0,17,42,69,False,S6_donor_fisher
CD_IC,DeconvSC,100,LDK1;LDK2;LDK3,LDK1;LDK2;LDK3,3,686,63,118,False,S6_donor_fisher
CD_IC_A,DeconvSC,100,LDK1;LDK2;LDK3,,0,0,431,1296,False,S6_donor_fisher
CD_IC_B,DeconvSC,100,LDK1;LDK2;LDK3,,0,0,413,1055,False,S6_donor_fisher
CD_PC,DeconvSC,100,LDK1;LDK2;LDK3,LDK1;LDK2;LDK3,3,1046,358,505,True,S6_donor_fisher
CD_Trans,DeconvSC,100,LDK1;LDK2;LDK3,,0,16,206,368,False,S6_donor_fisher
CNT,DeconvSC,100,LDK1;LDK2;LDK3,LDK1;LDK2;LDK3,3,893,151,293,True,S6_donor_fisher
DCT,DeconvSC,100,LDK1;LDK2;LDK3,LDK1;LDK2;LDK3,3,871,245,536,True,S6_donor_fisher
Endo,DeconvSC,100,LDK1;LDK2;LDK3,LDK1;LDK2;LDK3,3,1060,76,166,False,S6_donor_fisher
Fib,DeconvSC,100,LDK1;LDK2;LDK3,LDK1;LDK2;LDK3,3,102,66,128,False,S6_donor_fisher
MC,DeconvSC,100,LDK1;LDK2;LDK3,LDK1;LDK2;LDK3,3,362,196,348,True,S6_donor_fisher
MPH,DeconvSC,100,LDK1;LDK2;LDK3,,0,594,42,118,False,S6_donor_fisher
NK,DeconvSC,100,LDK1;LDK2;LDK3,,0,29,78,117,False,S6_donor_fisher
Neut,DeconvSC,100,LDK1;LDK2;LDK3,,0,8,108,190,False,S6_donor_fisher
PT,DeconvSC,100,LDK1;LDK2;LDK3,LDK1;LDK2;LDK3,3,9414,1096,1831,True,S6_donor_fisher
Podo,DeconvSC,100,LDK1;LDK2;LDK3,LDK1;LDK2;LDK3,3,405,73,271,False,S6_donor_fisher
T,DeconvSC,100,LDK1;LDK2;LDK3,,0,179,57,84,False,S6_donor_fisher
Unknown,DeconvSC,100,LDK1;LDK2;LDK3,,0,0,33,66,False,S6_donor_fisher
aLOH,DeconvSC,100,LDK1;LDK2;LDK3,LDK1;LDK2;LDK3,3,1265,1086,2270,True,S6_donor_fisher
others,DeconvSC,100,LDK1;LDK2;LDK3,,0,0,148,139,False,S6_donor_fisher
B,DeconvSC,100,LDK1;LDK2;LDK3,,0,17,42,69,False,S7_native_decoder_scale
CD_IC,DeconvSC,100,LDK1;LDK2;LDK3,LDK1;LDK2;LDK3,3,686,63,118,False,S7_native_decoder_scale
CD_IC_A,DeconvSC,100,LDK1;LDK2;LDK3,,0,0,431,1296,False,S7_native_decoder_scale
CD_IC_B,DeconvSC,100,LDK1;LDK2;LDK3,,0,0,413,1055,False,S7_native_decoder_scale
CD_PC,DeconvSC,100,LDK1;LDK2;LDK3,LDK1;LDK2;LDK3,3,1046,358,505,True,S7_native_decoder_scale
CD_Trans,DeconvSC,100,LDK1;LDK2;LDK3,,0,16,206,368,False,S7_native_decoder_scale
CNT,DeconvSC,100,LDK1;LDK2;LDK3,LDK1;LDK2;LDK3,3,893,151,293,True,S7_native_decoder_scale
DCT,DeconvSC,100,LDK1;LDK2;LDK3,LDK1;LDK2;LDK3,3,871,245,536,True,S7_native_decoder_scale
Endo,DeconvSC,100,LDK1;LDK2;LDK3,LDK1;LDK2;LDK3,3,1060,76,166,False,S7_native_decoder_scale
Fib,DeconvSC,100,LDK1;LDK2;LDK3,LDK1;LDK2;LDK3,3,102,66,128,False,S7_native_decoder_scale
MC,DeconvSC,100,LDK1;LDK2;LDK3,LDK1;LDK2;LDK3,3,362,196,348,True,S7_native_decoder_scale
MPH,DeconvSC,100,LDK1;LDK2;LDK3,,0,594,42,118,False,S7_native_decoder_scale
NK,DeconvSC,100,LDK1;LDK2;LDK3,,0,29,78,117,False,S7_native_decoder_scale
Neut,DeconvSC,100,LDK1;LDK2;LDK3,,0,8,108,190,False,S7_native_decoder_scale
PT,DeconvSC,100,LDK1;LDK2;LDK3,LDK1;LDK2;LDK3,3,9414,1096,1831,True,S7_native_decoder_scale
Podo,DeconvSC,100,LDK1;LDK2;LDK3,LDK1;LDK2;LDK3,3,405,73,271,False,S7_native_decoder_scale
T,DeconvSC,100,LDK1;LDK2;LDK3,,0,179,57,84,False,S7_native_decoder_scale
Unknown,DeconvSC,100,LDK1;LDK2;LDK3,,0,0,33,66,False,S7_native_decoder_scale
aLOH,DeconvSC,100,LDK1;LDK2;LDK3,LDK1;LDK2;LDK3,3,1265,1086,2270,True,S7_native_decoder_scale
others,DeconvSC,100,LDK1;LDK2;LDK3,,0,0,148,139,False,S7_native_decoder_scale
B,DeconvSC,100,LDK2;LDK3,,0,17,28,46,False,LODO_without_LDK1
CD_IC,DeconvSC,100,LDK2;LDK3,LDK2;LDK3,2,466,42,78,False,LODO_without_LDK1
CD_IC_A,DeconvSC,100,LDK2;LDK3,,0,0,283,858,False,LODO_without_LDK1
CD_IC_B,DeconvSC,100,LDK2;LDK3,,0,0,271,701,False,LODO_without_LDK1
CD_PC,DeconvSC,100,LDK2;LDK3,LDK2;LDK3,2,671,251,350,True,LODO_without_LDK1
CD_Trans,DeconvSC,100,LDK2;LDK3,,0,11,140,247,False,LODO_without_LDK1
CNT,DeconvSC,100,LDK2;LDK3,LDK2;LDK3,2,588,102,198,True,LODO_without_LDK1
DCT,DeconvSC,100,LDK2;LDK3,LDK2;LDK3,2,637,163,358,True,LODO_without_LDK1
Endo,DeconvSC,100,LDK2;LDK3,LDK2;LDK3,2,726,50,110,False,LODO_without_LDK1
Fib,DeconvSC,100,LDK2;LDK3,LDK2;LDK3,2,69,44,85,False,LODO_without_LDK1
MC,DeconvSC,100,LDK2;LDK3,LDK2;LDK3,2,220,130,231,True,LODO_without_LDK1
MPH,DeconvSC,100,LDK2;LDK3,,0,435,28,78,False,LODO_without_LDK1
NK,DeconvSC,100,LDK2;LDK3,,0,18,52,78,False,LODO_without_LDK1
Neut,DeconvSC,100,LDK2;LDK3,,0,1,72,126,False,LODO_without_LDK1
PT,DeconvSC,100,LDK2;LDK3,LDK2;LDK3,2,7095,717,1192,True,LODO_without_LDK1
Podo,DeconvSC,100,LDK2;LDK3,LDK2;LDK3,2,306,49,178,False,LODO_without_LDK1
T,DeconvSC,100,LDK2;LDK3,,0,133,38,56,False,LODO_without_LDK1
Unknown,DeconvSC,100,LDK2;LDK3,,0,0,22,44,False,LODO_without_LDK1
aLOH,DeconvSC,100,LDK2;LDK3,LDK2;LDK3,2,948,730,1539,True,LODO_without_LDK1
others,DeconvSC,100,LDK2;LDK3,,0,0,99,92,False,LODO_without_LDK1
B,DeconvSC,100,LDK1;LDK3,,0,5,28,46,False,LODO_without_LDK2
CD_IC,DeconvSC,100,LDK1;LDK3,LDK1;LDK3,2,350,42,79,False,LODO_without_LDK2
CD_IC_A,DeconvSC,100,LDK1;LDK3,,0,0,287,862,False,LODO_without_LDK2
CD_IC_B,DeconvSC,100,LDK1;LDK3,,0,0,275,699,False,LODO_without_LDK2
CD_PC,DeconvSC,100,LDK1;LDK3,LDK1;LDK3,2,604,239,340,True,LODO_without_LDK2
CD_Trans,DeconvSC,100,LDK1;LDK3,,0,8,136,244,False,LODO_without_LDK2
CNT,DeconvSC,100,LDK1;LDK3,LDK1;LDK3,2,495,100,195,True,LODO_without_LDK2
DCT,DeconvSC,100,LDK1;LDK3,LDK1;LDK3,2,428,163,357,True,LODO_without_LDK2
Endo,DeconvSC,100,LDK1;LDK3,LDK1;LDK3,2,619,51,111,False,LODO_without_LDK2
Fib,DeconvSC,100,LDK1;LDK3,LDK1;LDK3,2,68,44,86,False,LODO_without_LDK2
MC,DeconvSC,100,LDK1;LDK3,LDK1;LDK3,2,225,132,234,True,LODO_without_LDK2
MPH,DeconvSC,100,LDK1;LDK3,,0,372,28,79,False,LODO_without_LDK2
NK,DeconvSC,100,LDK1;LDK3,,0,18,52,78,False,LODO_without_LDK2
Neut,DeconvSC,100,LDK1;LDK3,,0,8,72,127,False,LODO_without_LDK2
PT,DeconvSC,100,LDK1;LDK3,LDK1;LDK3,2,4866,730,1221,True,LODO_without_LDK2
Podo,DeconvSC,100,LDK1;LDK3,LDK1;LDK3,2,225,49,184,False,LODO_without_LDK2
T,DeconvSC,100,LDK1;LDK3,,0,98,38,56,False,LODO_without_LDK2
Unknown,DeconvSC,100,LDK1;LDK3,,0,0,22,44,False,LODO_without_LDK2
aLOH,DeconvSC,100,LDK1;LDK3,LDK1;LDK3,2,630,724,1511,True,LODO_without_LDK2
others,DeconvSC,100,LDK1;LDK3,,0,0,99,93,False,LODO_without_LDK2
B,DeconvSC,100,LDK1;LDK2,,0,12,28,46,False,LODO_without_LDK3
CD_IC,DeconvSC,100,LDK1;LDK2,LDK1;LDK2,2,556,42,79,False,LODO_without_LDK3
CD_IC_A,DeconvSC,100,LDK1;LDK2,,0,0,292,872,False,LODO_without_LDK3
CD_IC_B,DeconvSC,100,LDK1;LDK2,,0,0,280,710,False,LODO_without_LDK3
CD_PC,DeconvSC,100,LDK1;LDK2,LDK1;LDK2,2,817,226,320,True,LODO_without_LDK3
CD_Trans,DeconvSC,100,LDK1;LDK2,,0,13,136,245,False,LODO_without_LDK3
CNT,DeconvSC,100,LDK1;LDK2,LDK1;LDK2,2,703,100,193,True,LODO_without_LDK3
DCT,DeconvSC,100,LDK1;LDK2,LDK1;LDK2,2,677,164,357,True,LODO_without_LDK3
Endo,DeconvSC,100,LDK1;LDK2,LDK1;LDK2,2,775,51,111,False,LODO_without_LDK3
Fib,DeconvSC,100,LDK1;LDK2,LDK1;LDK2,2,67,44,85,False,LODO_without_LDK3
MC,DeconvSC,100,LDK1;LDK2,LDK1;LDK2,2,279,130,231,True,LODO_without_LDK3
MPH,DeconvSC,100,LDK1;LDK2,,0,381,28,79,False,LODO_without_LDK3
NK,DeconvSC,100,LDK1;LDK2,,0,22,52,78,False,LODO_without_LDK3
Neut,DeconvSC,100,LDK1;LDK2,,0,7,72,127,False,LODO_without_LDK3
PT,DeconvSC,100,LDK1;LDK2,LDK1;LDK2,2,6867,745,1249,True,LODO_without_LDK3
Podo,DeconvSC,100,LDK1;LDK2,LDK1;LDK2,2,279,48,180,False,LODO_without_LDK3
T,DeconvSC,100,LDK1;LDK2,,0,127,38,56,False,LODO_without_LDK3
Unknown,DeconvSC,100,LDK1;LDK2,,0,0,22,44,False,LODO_without_LDK3
aLOH,DeconvSC,100,LDK1;LDK2,LDK1;LDK2,2,952,718,1490,True,LODO_without_LDK3
others,DeconvSC,100,LDK1;LDK2,,0,0,98,93,False,LODO_without_LDK3
