panel,cell_type,linkage,module_id,module_size,gt_cohesion_mean_abs_r,genes
celltype_specific,CD_IC,average,1,7,0.21575896867762517,Klk1;S100g;Defb1;Hmx2;Calb1;Wnk1;Pah
celltype_specific,CD_IC,average,2,21,0.19309197631736394,Aldob;Miox;Dbi;Gpx1;Akr1a1;Hrsp12;Gatm;Scp2;Ndrg1;Ttc36;Fbp1;Ftl1;Gsta2;Pck1;Tmem27;Spink1;Acaa2;Acadm;Plscr2;Ass1;Akr7a5
celltype_specific,CD_IC,average,3,6,0.1496109452249309,Tmsb4x;Spp1;Gpx3;Fxyd2;Igfbp7;Umod
celltype_specific,CD_IC,average,4,407,0.13233306013743273,Malat1;Atp6v1g3;Itm2b;Tmem213;Cst3;S100a1;Car2;Atp1b1;Atp6v0b;Atp6v0e;Atp6v1f;Tfcp2l1;S100a11;Actg1;Cox7b;Cycs;Spink8;Gng5;Cystm1;Wfdc2;Slc25a4;Atp6v1e1;Aldoa;Atp6v1a;Rps27a;Uqcrq;Hsp90ab1;Atp5g1;Uqcrb;Mif;Atp5c1;Rps29;Rpl17;Atp5d;Serf2;2010107E04Rik;Rpl28;Atp5g2;Atp5l;Ndufab1;Rps16;H3f3a;Bsg;Rps14;Slc25a5;Actb;Scand1;H3f3b;Ndufb10;Atp5j2;Uqcr11;Slc25a3;Rpl37a;Atp5e;Uqcrh;Cox6a1;Rpl32;Ndufa13;Mdh1;Mpc2;Atp5o;Ndufc1;Ndufb8;Rps13;Rps20;Atp5g3;Rpl18a;Pgrmc1;Uqcrfs1;Rpl9;Rps15a;Rps10;Cox5a;Ndufb9;Rpl30;Usmg5;Fau;Rps12;Uqcr10;Rpl41;Rpl23;Rps7;Rps11;Ckmt1;Atp6v1c2;Rps24;Rpl21;Gnas;Atp1a1;Ndufs5;Ptma;Rps9;Rps23;Rps21;Ndufa5;Prdx2;Rpl13;Eif1;Ndufa6;Rpl18;Rpl10a;Cox6b1;Rps3;Sdhb;Rpsa;Rps3a1;Ndufb7;Rpl10;Cox7c;Cox7a2;Ndufa12;Cyc1;Ndufa11;Rps2;Rpl39;Minos1;Prdx1;Myl6;Mpc1;Rpl13a;Rpl37;Ndufb11;Rpl7;Atp5j;Rpl7a;Rpl11;Ndufa4;Rps5;Ndufb4;Rpl14;Rpl8;Rpl24;Rps19;Aes;Rps26;Rpl6;Rpl27a;Ndufb5;Rpl3;Sod2;Rpl19;Atp5f1;Rps8;Rps4x;Atp5k;Naca;Atp5a1;Rplp2;Mdh2;Ndufv2;Rplp1;Rps17;Ndufa2;Rps15;Oaz1;Rpl35a;Rpl34;Smdt1;Atp6v0d2;Pebp1;Rpl36;Atp6ap2;Gm8730;Rpl12;Cox5b;Pfdn5;2410015M20Rik;Hexb;Rpl38;Ndufs7;Calm2;Etfb;Tceb2;Atp5h;Ndufa8;Aldh1l1;Chchd10;Rpl36al;Rpl22;Atp6v1d;Prdx5;Gnb2l1;Tpi1;Pfn1;Cox6c;Ndufa1;Eef2;Ppib;Tspo;Ubb;Mal;Rps6;Chchd2;Uqcrc2;Cd63;Rpl26;Cisd1;Idh2;Etfa;Rps27;Ndufs2;Ndufs6;Vdac2;Rps25;Ndufa7;Tpt1;Ndufc2;Atox1;Jund;Vdac1;Iscu;Ddx5;Rplp0;Ndufb6;Ndufs3;Pam;Atp5b;Pkm;Rps18;Ppia;Txnip;Sdhd;Atp6v1b1;Calm1;Ndufb3;Ndufa10;Esd;Gabarap;Xist;Aco2;Bri3;Ndufb2;Pgam1;Dynll1;Ndufv1;Hsp90aa1;Timm8b;Ubl5;Ndufv3;Coa3;Btf3;Ech1;Shfm1;Taldo1;Edf1;Rpl36a;Mrps14;Rpl35;Anxa5;Nedd8;Eef1b2;H2afz;Mrpl42;Epcam;Ldhb;Bag1;Uqcrc1;1110001J03Rik;Hagh;Pdzk1ip1;Cox8a;Rps27l;Ociad2;Mrps24;Clcnkb;Rbx1;Cd9;Glo1;Ctsl;Nop10;Tbca;Rpl4;Dstn;Sumo2;Ptms;App;Cox7a2l;Myl12b;Npm1;Slc26a4;Ywhae;Cdh16;Gabarapl2;Ndufs8;Swi5;Cox4i1;Hnrnpa2b1;Cfl1;Clta;Timm13;Tma7;Srp14;Mrpl51;Rpl31;Sdhc;Arpc3;Sec61g;Ndufs4;Atp6v0a4;Phyh;Rhoa;Serpinb9;Fam13a;Aif1l;Higd2a;Vamp8;Rpl22l1;Tmbim6;Lamp1;Psma7;Psmb5;Dab2;Gpi1;Mrpl12;Cox14;Immt;Myeov2;Hadhb;Efhd1;Eps8;Fis1;Ldha;D8Ertd738e;Eif3k;Sri;Tmbim4;Sec62;Gm10709;Calr;Foxi1;Mien1;Rbm39;Eef1d;Chmp2a;Anxa4;Acadl;Mcee;Rabac1;Hsp90b1;Ghitm;Rpl23a;Tmem59;Hnrnpk;Guca2a;Id2;Pde1a;Tmem176b;Cstb;Bola3;Psmb1;Sub1;Mrps6;Eif4g2;Lamtor2;Rps28;Mrpl14;Tuba4a;Ndufa3;Ubc;Ncl;Eef1g;Idh3a;Higd1a;Ndufa9;Ctsd;Arf1;Rab14;Sec61b;Rhbg;Hras;Mrps21;Cd2ap;Eif4a2;Got1;Hspa9;Hsd17b10;Tax1bp1;Tomm7;Dnajc15;Mrps33;Cox17;Prdx6;Pcbp1;Cldn8;Gstt1;Cnn3;Acot13;Timm17a;Psma3;Marc2;Ost4;Slc25a39;Ube2d3;Car12;Romo1;Mrpl54;Spint2;Dad1;Arf5;Glod5;Echs1;0610012G03Rik;Mme;Aurkaip1;Serinc3;Itpr2;Mrpl20
celltype_specific,CD_IC,average,5,7,0.12273802159694344,Hspa8;Park7;Eef1a1;Gabarapl1;Aldh2;Ccs;2310036O22Rik
celltype_specific,CD_IC,average,6,6,0.11545654451662954,Gapdh;Hint1;H2afj;Gm42418;Ddt;Fam162a
celltype_specific,CD_IC,average,7,9,0.11498368000147037,Mt1;Cyb5a;Nudt4;Lgals3;S100a10;Krt7;Psmb6;Dcxr;Hsbp1
celltype_specific,CD_IC,ward,1,40,0.4145348928081836,Itm2b;Tmem213;Cst3;Atp1b1;Atp6v0b;Atp6v0e;Spink8;Wfdc2;Bsg;Pgrmc1;Atp1a1;Atp6ap2;Hexb;Ppib;Mal;Cd63;Aco2;Epcam;Pdzk1ip1;Ociad2;Cd9;Ctsl;App;Slc26a4;Cdh16;Lamp1;Tmbim4;Sec62;Calr;Rabac1;Hsp90b1;Tmem59;Guca2a;Tmem176b;Ctsd;Marc2;Car12;Spint2;Dad1;Serinc3
celltype_specific,CD_IC,ward,2,21,0.40555283515592094,Malat1;Tfcp2l1;Atp6v1a;Ddx5;Pam;Txnip;Atp6v1b1;Xist;Clcnkb;Atp6v0a4;Fam13a;Tmbim6;Efhd1;Eps8;Foxi1;Rbm39;Rhbg;Cd2ap;Cldn8;Mme;Itpr2
celltype_specific,CD_IC,ward,3,14,0.28156512329384814,Aldob;Miox;Dbi;Gpx1;Hrsp12;Gatm;Ndrg1;Ttc36;Fbp1;Ftl1;Gsta2;Pck1;Spink1;Ass1
celltype_specific,CD_IC,ward,4,21,0.2687550493149446,Atp6v1g3;S100a1;Car2;Actg1;Gng5;Atp6v1e1;Aldoa;Hsp90ab1;Scand1;Ckmt1;Atp6v1c2;Gnas;Atp6v0d2;Ndufs7;Aldh1l1;Atp6v1d;Anxa5;Nop10;Tma7;Hadhb;Rab14
celltype_specific,CD_IC,ward,5,58,0.18661150950048772,Atp6v1f;Cox7b;Cycs;Slc25a4;Uqcrq;Atp5g1;Uqcrb;Mif;Atp5c1;Serf2;2010107E04Rik;Atp5g2;Atp5l;Slc25a5;Gapdh;Ndufb10;Atp5j2;Uqcr11;Slc25a3;Uqcrh;Cox6a1;Mdh1;Mpc2;Atp5g3;Uqcrfs1;Cox5a;Uqcr10;Ndufs5;Ndufa6;Cox6b1;Cox7c;Cox7a2;Ndufa11;Minos1;Ndufb11;Atp5j;Aes;Sod2;Atp5k;Atp5a1;Cox5b;Atp5h;Ndufa8;Chchd10;Cox6c;Chchd2;Uqcrc2;Vdac2;Iscu;Ndufv1;Ldhb;Cox8a;Mrps24;Dstn;Cox4i1;Aif1l;Mrpl12;Cox17
celltype_specific,CD_IC,ward,6,10,0.18652554171363633,S100a11;H3f3a;Calm2;Lgals3;S100a10;Hsp90aa1;Krt7;Anxa4;Hras;Psma3
celltype_specific,CD_IC,ward,7,35,0.16273905649452974,Rps27a;Rps29;Rpl32;Rps13;Rpl9;Rps15a;Rpl30;Rpl41;Rpl23;Rps24;Rps9;Rps21;Rpl13;Rpl18;Rpl10a;Rpl39;Rpl37;Rpl7a;Rpl11;Rpl14;Rps26;Rpl3;Rpl19;Rps4x;Rps15;Rpl34;Rpl22;Rps6;Rpl26;Park7;Tpt1;Ubl5;Bag1;Pcbd1;Gm10709
celltype_specific,CD_IC,ward,8,38,0.15556561888345993,Cystm1;Ndufa13;Atp5o;Ndufb8;Ndufa5;Eif1;Rps3;Rpsa;Rps5;Ndufb5;Naca;Rplp1;Ndufa2;Oaz1;2410015M20Rik;Rps27;Rps25;Ndufa7;Ndufc2;Jund;Pkm;Ndufb2;Dynll1;Timm8b;Coa3;Shfm1;H2afz;Rbx1;Gabarapl2;Serpinb9;Cox14;D8Ertd738e;Sri;Mien1;Dnajc15;Mrps33;Prdx6;Arf5
celltype_specific,CD_IC,ward,9,18,0.1528334035803139,Rpl28;Sdhb;Atp5f1;Mdh2;Ndufv2;Prdx5;Etfa;Ndufs2;Vdac1;Ndufs3;Atp5b;Acat1;Uqcrc1;Phyh;Bola3;Tuba4a;Ndufa9;Timm17a
celltype_specific,CD_IC,ward,10,9,0.1380089761080373,Klk1;Tmsb4x;Spp1;Gpx3;Fxyd2;Oxct1;Umod;Wnk1;Mgst3
celltype_specific,CD_PC,average,1,108,0.20430590850674582,Klk1;S100g;Fxyd4;Aqp2;Calb1;Npy;Hsd11b2;Defb1;Cryab;Aqp3;Wfdc2;Clu;Kl;S100a11;Igfbp7;Atp1a1;Mt1;Cst3;Tmem52b;Cdh16;Serinc3;Atp1b1;Itm2b;Pdzk1ip1;Tmem213;Cd9;Npnt;Mal;Epcam;H3f3b;Apela;H2-D1;Aplp2;Kcnj1;Atp6v0e;Cdo1;Wnk1;Cd81;Hist1h2bc;Tspan1;Pgam2;Rhcg;App;Id2;Scnn1b;Kcne1;Tspan8;Cldn8;Spint2;Tacstd2;Ndufb11;Chpt1;Cav2;Tmbim6;Sdc4;Ndufa13;Hsp90b1;Ivns1abp;Cd63;Ndufb5;Bsg;Adgrg1;Rhbg;Atp6v1a;Ctsd;Spink8;Tmem59;Mgst1;Laptm4a;Rabac1;Ppib;Hist1h1c;Calr;Sec62;Tbck;Psap;Ndufc2;Tmem176b;Ndufa1;H2-K1;Scnn1a;Atp6v0b;Cisd1;Col4a4;Tmem176a;Dad1;Kng2;Lamp1;Scnn1g;Ndufs7;Cav1;Clcnkb;Kcnj16;Aco2;Scd2;Id3;Aqp4;Bcam;Cldn7;Mal2;Rtn3;Avpr2;Cdh1;Hoxd9;Col18a1;Ifitm2;Wls;Arl6ip1
celltype_specific,CD_PC,average,2,9,0.20282716918218466,Malat1;Xist;Neat1;Ddx5;Rbm39;Gls;Rsrp1;Srrm2;Erdr1
celltype_specific,CD_PC,average,3,28,0.17723207705590788,Tmsb4x;Fxyd2;Spp1;Car2;Lgals3;Ndrg1;Tfcp2l1;Krt7;Oat;Aif1l;Gstm2;Dbi;Aldh2;Tpi1;Hoxd8;Ctnna1;Cnn3;Tmem229a;Hif1a;Pebp1;Fam162a;Ahnak;Adh1;Pea15a;Prkar1a;Cog7;Gipc2;Ccnd1
celltype_specific,CD_PC,average,4,323,0.15399758918006015,S100a1;Actb;Nudt4;Ldhb;Slc25a5;Cox7b;Uqcr10;Txnip;Mdh1;Cox7a2;Rpl30;Slc25a3;Rps12;Rpl10;Mpc2;Rps23;Atp5g1;Rps21;Uqcrh;Rpl18a;Rps19;Chchd10;Atp5f1;H3f3a;Smdt1;Cox7c;Rpl21;Rpl14;Ptma;Rpl9;Cystm1;Calm1;Atp5o;Ndufb8;Rps13;Tspo;Rps3;Rps5;Rps11;Rps14;Rpl37;Rpl12;Atp5c1;2010107E04Rik;Aldoa;Atp5j2;Atpif1;Atp5j;Rps15a;Ndufa5;Uqcr11;Rps27;Aes;Mif;Atp6v1f;Ndufa12;Rplp2;Rpl13a;Atp5g3;Ndufb9;Rpl8;Rps24;Rps7;Hsp90ab1;Rpl39;Atp5l;Rpl17;Prdx1;Ndufa6;Uqcrq;Eif1;Atp5h;Cox6a1;Rpl35a;Ptms;Uqcrb;Cycs;Rpl28;Rps26;Rpl34;Serf2;Rpl36;Rps6;Cox5b;Cox5a;Rps16;Rpl24;Atp5e;Atp5g2;Rps20;Myl12b;Jund;Ndufb10;Rpsa;Oaz1;Rpl32;Ndufs5;Rps15;Rps4x;Rpl36al;Ndufc1;Gm8730;Slc25a4;Rpl10a;Oxct1;Calm2;Rpl3;Myl6;Hspa8;Gng5;Naca;Rps10;Pfdn5;Rpl18;Rps3a1;Atp5b;Rps25;2410015M20Rik;Hsp90aa1;Rpl27a;Pfn1;Usmg5;Rps2;Rpl19;Cox6b1;Rpl22;Gnas;Tceb2;Pkm;Rpl7a;Gapdh;Rpl6;Ndufa2;Sh3bgrl3;Rpl37a;Gnb2l1;Rpl26;Txn1;Rps8;Ybx1;Atp5d;Rpl38;Rps17;Gstt1;Atp5k;Krt18;Gpx4;Rpl41;Etfb;Rpl7;Dstn;Ndufab1;Ndufa11;Rps29;Bri3;Uqcrfs1;H2afj;Ubl5;Rpl13;Actg1;Ndufb7;Rps18;Rpl11;Gabarap;Minos1;Myl12a;Park7;Cox6c;Eef2;Ndufa4;Atp5a1;Rpl5;Hint1;Sod2;Vdac2;Rpl36a;Coa3;Rps9;Eno1;Vamp8;Csrp2;Shfm1;Idh2;Sumo2;Atox1;Ndufa7;Fau;Mpc1;Cyc1;H1f0;Hmgb1;Prdx2;Ldha;H2afz;Mdh2;Chchd2;Atp6v1e1;Dynll1;Cdc42;Ndufb4;Cyb5a;Rps27a;Eef1b2;Btf3;Rpl22l1;Rplp0;Npm1;Ywhae;Taldo1;Rpl23;Ndufv2;Ndufa8;Rpl31;Edf1;Cd2ap;Bag1;Ppia;Eif4a2;Esd;Rhoa;Tma7;Rpl35;Ndufb3;Prdx5;Nedd8;Rpl4;Ndufs6;Eef1a1;Ubc;Fis1;Gabarapl2;Rbx1;Vdac1;Cdkl1;1110001J03Rik;Tax1bp1;Sri;Pgam1;Gnb2;Morf4l1;Cited2;Sdhb;Psma7;Krt8;Clta;Cd24a;Ncl;Wwc1;Rplp1;Btg1;Rps27l;Psmb5;Ucp2;Sec61g;Wbp5;Ndufs2;Ech1;Cox4i1;Ndufb6;Chmp2a;Ubb;Lamtor2;Gm10709;Atp6v1g1;Gpi1;Suclg1;Akr1b3;Glo1;Ndufb2;Tpt1;Cfl1;Cox7a2l;Pgp;Arf1;Iscu;Mrps14;Mrpl42;Arf5;Uqcrc2;Timm8b;Tbca;Ost4;Timm13;Psmb6;Tomm7;Sec61b;D8Ertd738e;Nop10;Eif3k;Tpd52l1;Ndufv3;Rps28;Atxn7l3b;Cox8a;Psmb3;Ndufs3;Uqcrc1;Mgst3;Crip2;Sepw1;Sub1;Ndufa3;Arpc3;Sdha;Snrpd2;Ddt;Chmp5;Acat1;Mrfap1;Stx7;Anxa11;Ywhaq;Rpl23a;Hsbp1;1810037I17Rik;Eef1g;Arpc2;Higd2a;Rnf186;1110008P14Rik;Eif3f;Swi5;Eif5a
celltype_specific,CD_PC,ward,1,15,0.4593234512104359,Klk1;S100g;Calb1;Defb1;Clu;Kl;Spp1;Atp1a1;Tmem52b;Wnk1;Pgam2;Rhbg;Kng2;Clcnkb;Aco2
celltype_specific,CD_PC,ward,2,8,0.35964837357948687,Npy;Cryab;S100a11;H3f3b;Apela;Hist1h2bc;Hist1h1c;Id3
celltype_specific,CD_PC,ward,3,7,0.32440024554326985,Tmsb4x;Fxyd2;Car2;Oat;Gstm2;Fam162a;Adh1
celltype_specific,CD_PC,ward,4,24,0.3183536404250459,Igfbp7;Cdh16;Serinc3;Npnt;Mal;Epcam;H2-D1;Aplp2;Cd81;App;Cldn8;Spint2;Tmbim6;Sdc4;Adgrg1;Tmem59;Laptm4a;H2-K1;Bcam;Rtn3;Cdh1;Col18a1;Wls;Arl6ip1
celltype_specific,CD_PC,ward,5,24,0.3103283813045532,Wfdc2;Cst3;Atp1b1;Itm2b;Cd9;Atp6v0e;Tspan8;Tacstd2;Hsp90b1;Cd63;Bsg;Ctsd;Rabac1;Ppib;Calr;Sec62;Psap;Tmem176b;Atp6v0b;Col4a4;Tmem176a;Dad1;Lamp1;Cldn7
celltype_specific,CD_PC,ward,6,13,0.3001564151105035,Fxyd4;Aqp2;Aqp3;Pdzk1ip1;Chpt1;Mgst1;Tmem229a;Cd24a;Scd2;Aqp4;Mal2;Avpr2;Syne2
celltype_specific,CD_PC,ward,7,17,0.279239905766321,Hsd11b2;Mt1;Tmem213;Kcnj1;Cdo1;Tspan1;Rhcg;Scnn1b;Kcne1;Cav2;Ivns1abp;Spink8;Tbck;Scnn1a;Scnn1g;Cav1;Kcnj16
celltype_specific,CD_PC,ward,8,87,0.2360644399581276,Rpl30;Rps12;Rpl10;Rps23;Rps21;Rpl18a;Rps19;H3f3a;Rpl21;Rpl14;Ptma;Rpl9;Calm1;Rps13;Rps5;Rps11;Rps14;Rpl37;Rpl12;Rps15a;Rps27;Rplp2;Rpl13a;Rpl8;Rps24;Rps7;Rpl39;Rpl17;Prdx1;Rpl35a;Rpl28;Rps26;Rpl34;Rpl36;Rps6;Rps16;Rpl24;Rps20;Myl12b;Rpsa;Rpl32;Rps15;Rps4x;Gm8730;Rpl10a;Rpl3;Naca;Rps10;Rpl18;Rps3a1;Rps25;Rpl27a;Rpl19;Rpl22;Tceb2;Rpl6;Rpl37a;Gnb2l1;Rpl26;Rps8;Rpl38;Rps17;Rpl41;Rpl7;Rps29;Rpl13;Rps18;Rpl11;Rpl5;Rpl36a;Rps9;Vamp8;Fau;Rps27a;Eef1b2;Rplp0;Rpl23;Ppia;Rpl35;Rpl4;Eef1a1;Rplp1;Rps27l;Ubb;Tpt1;Cox7a2l;Rps28
celltype_specific,CD_PC,ward,9,49,0.23004884465331257,S100a1;Slc25a5;Cox7b;Uqcr10;Mdh1;Cox7a2;Atp5g1;Uqcrh;Chchd10;Cox7c;Cystm1;Atp5o;Atp5c1;Aldoa;Atp5j2;Atp5j;Ndufa5;Uqcr11;Ndufb9;Atp5l;Uqcrq;Atp5h;Cox6a1;Cox5b;Cox5a;Atp5e;Ndufb10;Ndufc1;Atp5b;2410015M20Rik;Cox6b1;Gapdh;Ndufa2;Atp5d;Gstt1;Atp5k;Ndufab1;Cox6c;Atp5a1;Eno1;Prdx2;Ndufv2;1110001J03Rik;Cox4i1;Pgp;Mrpl42;Timm8b;Cox8a;Ddt
celltype_specific,CD_PC,ward,10,7,0.21676176864074362,Malat1;Xist;Neat1;Gls;Rsrp1;Srrm2;Erdr1
celltype_specific,CNT,average,1,53,0.16843378136551038,Klk1;Tmsb4x;Malat1;Fxyd2;Spp1;Atp1a1;Clu;Wfdc2;Atp1b1;Itm2b;Igfbp7;Hsd11b2;Kl;Defb1;Cst3;Lgals3;Mal;Aqp2;Atp6v0e;Ndufa13;Ndufb11;Tmem213;Cd9;mt-Nd4l;Cd63;Kng2;Ndufa1;Ppp1r1a;Ndufc2;Cdh16;Pvalb;Pdzk1ip1;Krt7;Aco2;Ppib;Bsg;Rabac1;mt-Nd5;Car2;Slc12a3;Kcnj1;Dad1;Pth1r;Fxyd4;Tmem176b;Tmbim6;Cd81;Hsp90b1;mt-Atp8;Atp6v0b;Tmem176a;Sfrp1;Lamp1
celltype_specific,CNT,average,2,7,0.13356599331710864,Gpx3;Aldob;Miox;Hrsp12;Ftl1;Ttc36;Gatm
celltype_specific,CNT,average,3,6,0.10573522858861037,Dbi;Etfb;Scp2;Tomm7;Txndc17;Psma4
celltype_specific,CNT,average,4,7,0.10176758448316502,Cisd1;Rps27l;Sri;Emc6;Ndufa3;0610012G03Rik;Ifitm2
celltype_specific,CNT,average,5,7,0.10077184646705963,Sec61g;Ndufv3;Pcbd1;Lamtor2;Hadhb;Mrpl20;Mrpl14
celltype_specific,CNT,average,6,381,0.09635046571540735,S100g;Calb1;Wnk1;Pgam2;Mt1;Actb;Id2;Cdo1;Cystm1;Ndrg1;H3f3a;Rps24;Ndufb7;Atp5k;Ndufb10;Cox6a1;Tmem52b;Rps4x;Myl6;Rpl10;Mpc2;Ndufs5;Usmg5;Rps12;H3f3b;Atp5g2;Ndufab1;Atp6v1e1;Hspa8;Rpl24;Rps14;Sod2;Atp5g3;Mpc1;Rpl27a;Mif;Ndufa5;Rps7;Rpl18;Rpl21;Rpl13a;Cox7b;Uqcr11;Rpl10a;Rps15a;Ndufc1;Nudt4;Mdh2;Rpsa;Gng5;Rplp2;Rpl7;Rpl36al;Cycs;Rps20;2010107E04Rik;Rpl3;Ndufa12;Slc25a4;Aes;Rps3a1;Smdt1;Sdhb;Actg1;Rps29;Rpl35a;Ndufa11;Rps17;Ptma;Rps27a;Ndufb4;Fau;Ndufa2;Ndufb8;Oaz1;Rpl39;Atpif1;Rps13;Eif1;Tceb2;Rps3;Naca;Ndufb5;Rpl36;Rpl38;Prdx2;Rps19;Rps5;Rps16;Rpl6;Atp5f1;Rpl18a;Rpl11;Uqcrfs1;Pebp1;Cyc1;Rpl37a;Rps23;Rpl14;Prdx1;2410015M20Rik;Tfcp2l1;Rpl41;Idh2;Gapdh;Tspo;Ybx1;Uqcrb;Ndufa6;Rps10;Atp5d;Oxct1;Rps11;Minos1;Pkm;Gnas;Rpl26;Rps21;Rpl7a;Atp5c1;Txnip;Rpl19;Ndufv2;Serf2;Atp5g1;Rpl32;Rpl17;Rps2;Aldoa;Hsp90ab1;S100a1;Rpl12;Atp5l;Rpl30;Rpl23;Rpl34;Rpl9;Ndufb3;Rps26;Suclg1;Pfdn5;Rpl8;Ndufa8;Ndufs2;Atp6v1f;Rps15;Atp5j2;Gm8730;Atp5o;Bri3;Mdh1;Ndufb9;Vdac2;Uqcrq;Uqcr10;Rpl13;Calm1;Rps6;Aif1l;Rps9;Slc25a3;Rps18;Park7;Sumo2;Ndufs7;H2afj;Rpl22;Cox7a2;Ndufs3;Uqcrh;Uqcrc2;Tpi1;Pgam1;Hint1;1110001J03Rik;Mrpl42;Rps25;Ndufb6;Mgst3;Eef2;Rps27;Gabarap;Hspe1;Hoxd8;Cyb5a;Cox7c;Acat1;Rpl36a;Gnb2l1;Calm2;Ndufa4;Rpl5;Atp6v1a;Rpl22l1;Atp5a1;Bag1;Dstn;Cox5a;Ndufb2;Hsp90aa1;Ptms;Slc25a5;Vdac1;Atp5j;Rps8;Sh3bgrl3;Ndufa10;Cox6b1;Eno1;Ubl5;Ywhae;Timm8b;Shfm1;Txn1;Pfn1;Rplp1;Ndufs6;Atp5h;Eef1b2;Atox1;Gm42418;Cox5b;Sdha;Ubb;Ctnna1;Jund;Rpl31;Psma7;Ddt;Timm13;Psmb5;Sec61b;Echs1;Rpl35;Rplp0;Edf1;Ech1;Uqcrc1;Hadh;Eef1a1;Mrps14;Hagh;Anxa5;Ndufv1;Rbx1;Taldo1;Etfa;Phyh;Rpl4;Iscu;Chchd10;Vdr;Rhoa;Sub1;Ppia;Gabarapl2;Sdhd;Ddx5;Tma7;Tpt1;Ndufs4;Papss1;Oat;Atp5b;Clta;Psmb4;Chpt1;Cox6c;Srp14;Cnn3;Ivns1abp;Chchd2;Gstt1;Cdc42;Ndufs8;Cfl1;Ubc;Btf3;Nedd8;Nop10;Immt;Npm1;Ghitm;Gm10709;Hoxd9;Mrps24;Cav2;Eif5a;Tbca;Atp5e;Glo1;Mcee;Hnrnpa2b1;Dynll1;Ncl;Chmp2a;Rpl23a;Psmb3;Bola3;Cox14;Psmb6;Ywhaq;D8Ertd738e;H2afz;Mrfap1;Eif4a2;Gpi1;Hmgn1;Psmb1;Aurkaip1;Uqcc2;Chmp5;Ckmt1;Hnrnpk;Idh3a;Ezr;Higd2a;Eif3k;Mien1;Mrps21;Pomp;Sdhc;Arpc3;Rps28;Arf1;Myeov2;Prdx5;Mrpl12;Emx1;Ost4;Mrps16;Hibadh;Snrpd2;Eef1g;Idh3g;Cited2;Morf4l1;Hsbp1;Fis1;Idh3b;Cox8a;Serbp1;Tesc;Zfp706;Cdkl1;Psma3;Pdha1;Gng12;Crip2;Ndufa9;Myl12a;Eif4g2;Romo1;Cox7a2l;Gsta4;Nme1;Rnf7;Tax1bp1;Pnkd;2810428I15Rik;Calm3;Kif5b;Mrpl34;Cox4i1;Prkar1a;Gm10260;Cox20;Eef1d;Vapa;Hnrnpa0;Got1;Wbp5;Arf5;Eif3i;Hoxb5os;Smco4;Gnb2;Efhd1;Mrpl30;Pkig;Psma2
celltype_specific,CNT,ward,1,19,0.34240695111212177,Klk1;Spp1;Atp1a1;Clu;Wfdc2;Atp1b1;Itm2b;Igfbp7;Kl;Defb1;Cst3;Mal;Atp6v0e;Cd9;Kng2;Cdh16;Bsg;Kcnj1;Hsp90b1
celltype_specific,CNT,ward,2,7,0.2832408412873683,Tmsb4x;Fxyd2;Hsd11b2;Aqp2;Pdzk1ip1;Car2;Fxyd4
celltype_specific,CNT,ward,3,7,0.23096153435217218,mt-Nd4l;Ppp1r1a;Pvalb;mt-Nd5;Slc12a3;mt-Atp8;Sfrp1
celltype_specific,CNT,ward,4,6,0.1495578045779497,Gpx3;Aldob;Miox;Hrsp12;Ttc36;Gatm
celltype_specific,CNT,ward,5,47,0.14897343702838206,Ndufb7;Atp5k;Ndufb10;Mpc2;Usmg5;Ndufab1;Cox7b;Uqcr11;Ndufc1;Cycs;Ndufa11;Ndufa2;Rps13;Tceb2;Ndufb5;Tspo;Minos1;Atp5g1;S100a1;Atp5l;Atp5j2;Atp5o;Mdh1;Ndufb9;H2afj;Cox7a2;Csrp2;Cox7c;Rpl22l1;Cox5a;Ndufb2;Slc25a5;Atp5j;Ndufa10;Timm8b;Atp5h;Cox5b;Anxa5;Chchd10;Rps27l;Cox6c;Chchd2;Ghitm;Atp5e;Aurkaip1;Acadm;0610012G03Rik
celltype_specific,CNT,ward,6,19,0.13754913972489138,Tmem52b;Ndufa13;Ndufb11;Tmem213;Oxct1;Cd63;Ndufa1;Ndufc2;Aco2;Ppib;Rabac1;Dad1;Pth1r;Tmem176b;Tmbim6;Cd81;Atp6v0b;Tmem176a;Lamp1
celltype_specific,CNT,ward,7,19,0.13742448398400114,S100g;Malat1;Calb1;Wnk1;Pgam2;Mpc1;Atp5f1;Ndufa8;Ndufs2;Mgst3;Sdha;Etfa;Rhoa;Tma7;Papss1;Hibadh;Idh3g;2810428I15Rik;Hoxb5os
celltype_specific,CNT,ward,8,26,0.13518922544844297,Atp5g2;Rpl10a;Rpsa;Rpl36al;2010107E04Rik;Ndufa12;Rps3;Prdx2;Rpl11;Uqcrfs1;Rps10;Rpl7a;Rpl19;Serf2;Rpl17;Rps2;Ndufb3;Uqcr10;Uqcrh;1110001J03Rik;Mrpl42;Calm2;Mcee;Cox8a;Rnf7;Pkig
celltype_specific,CNT,ward,9,27,0.135011482352355,Actb;Cdo1;Cystm1;Ndrg1;H3f3a;Gpx1;Rpl27a;Nudt4;Actg1;Eif1;Naca;Tfcp2l1;Txnip;Atp6v1f;Vdac2;Aif1l;Hoxd8;Bag1;Rps8;Sh3bgrl3;Ctnna1;Ppia;Gabarapl2;Ivns1abp;Arhgap24;Cited2;Prkar1a
celltype_specific,CNT,ward,10,39,0.11634666590069241,Hspa8;Ndufa5;Mdh2;Ndufb4;Cyc1;Uqcrb;Ndufa6;Atp5c1;Uqcrq;Slc25a3;Ndufs3;Hint1;Atp5a1;Cox6b1;Ndufv3;Echs1;Uqcrc1;Hadh;Mrps14;Vdr;Sdhd;Ndufs4;Atp5b;Lamtor2;Ndufs8;Nop10;Immt;Psmb3;Mrpl20;Ckmt1;Idh3a;Ezr;Idh3b;Mrpl14;Ndufa9;Romo1;Mrpl34;Cox4i1;Hnrnpa0
celltype_specific,DCT,average,1,12,0.19129571566399134,Gpx3;Miox;Aldob;Gpx1;Ndrg1;Akr1a1;Hrsp12;Gatm;Scp2;Ttc36;Tmem27;Tcn2
celltype_specific,DCT,average,2,88,0.15485056273750378,Malat1;Calb1;Clu;Spp1;Kl;Wfdc2;Defb1;Xist;Wnk1;Neat1;Ier3;Atp1a1;Atp6v0e;Cdh16;Cd9;Id2;Kng2;Igfbp7;Kcnj1;Clcnkb;Tmem52b;Cst3;Itm2b;Mal;Sgms2;Sdc4;Cystm1;Nudt4;Cd81;Atp6v1e1;Ppib;Tfcp2l1;Tmbim6;Ddx5;Bsg;Atp1b1;Pth1r;Kcnj16;Ctsd;Lamp1;Atp6v1a;Arl6ip1;Rbm39;Rabac1;Hsp90b1;Chpt1;Tecr;Tmem59;Sec62;Tmem176a;Dad1;mt-Atp8;Ivns1abp;Psap;Vdr;Atp6v0b;Hnrnpa2b1;App;Gls;Epcam;Chka;Csrp2;Lgals3;Aif1l;Aplp2;Tsc22d1;Slc8a1;Tmem176b;Rsrp1;Rpl22l1;Tspan1;Ltc4s;Tmbim4;Laptm4a;mt-Nd4l;Rtn3;Tmem72;Col4a4;Tns1;Cdo1;Gas6;Hspa5;Ctsb;Cldn8;Marc2;Pdia3;Itga6;Erdr1
celltype_specific,DCT,average,3,356,0.13484121073064378,S100g;Klk1;Umod;Egf;Pvalb;Wfdc15b;Slc12a3;Ckb;Sfrp1;Mt1;Pgam2;Tmem213;Abca13;Ppp1r1a;Oxct1;Dbi;Gabarapl1;Fxyd2;Lpl;Ly6a;Cd63;Cycs;Mgst3;Rps15a;2410015M20Rik;Ndufa1;Mif;Ybx1;Slc16a7;Idh2;Rpl18a;Pkm;Rps2;Rps29;Rpl9;Sdhb;Prdx2;Mpc1;Minos1;H3f3a;Ndufb4;Rps3a1;Aco2;Ndufc1;Hoxd8;H2afj;Rpl17;Rpl21;Ndufb11;Atpif1;Cox7b;Gng5;Slc25a4;Rps21;Rpl30;Etfb;Cisd1;2010107E04Rik;Hsp90ab1;Ndufa11;Rps5;Ndufa12;Ndufab1;Hsp90aa1;Rpl39;Eif1;Shfm1;Oaz1;Rps3;Aes;Ndufb2;Cox6a1;Gpx4;Rps20;Hspe1;Ndufs7;Usmg5;Ndufc2;Atp5g2;Hspa8;Rps7;Ndufs6;Rpl24;Rps4x;Atp5k;Rpl13a;Rps23;Ndufv2;Ndufa7;Atp5g3;Pebp1;Rpl37;Ndufs3;Rpl32;Rpl14;Rps14;Rpl35a;Mdh2;Ndufb9;Bag1;Rps27a;Rps12;Rpl10;Ptma;Rps13;Rps19;Serf2;Cyc1;Uqcrc1;Ndufa6;Spint2;Ddt;Rps24;Ndufa2;Tceb2;Ndufs5;Rps9;Wnk4;Mpc2;Smdt1;Rps16;Ubc;Rpl18;Rpl10a;Gm8730;Rpl7a;Rplp2;Ndufb7;Pcbd1;Ndufb5;Rpl36al;Ndufa13;Naca;Rps26;Atp6v1f;Ndufb6;Tspo;Myl6;Rps15;Atp5f1;Atox1;H3f3b;Fabp3;Prdx1;Tfrc;Rps17;Rpl34;Rpl38;Suclg1;Mdh1;Hint1;Rpl37a;Rpl22;Ndufb3;S100a1;Rpl28;Aebp1;Uqcrfs1;Rps27;Atp5o;Rps25;Fau;Park7;Ndufs2;Gnas;Aldoa;Eef2;Uqcr10;Uqcr11;Rps11;Ndufb8;Cyb5a;Ndufb10;Sod2;Acat1;Rpl36;1110001J03Rik;Rpl6;Rpl7;Bri3;Ndufs8;Rpsa;Edf1;Rpl3;Pfdn5;Atp5j2;Ndufa8;Gabarap;Timm13;Ndufv3;Mrpl42;Uqcrc2;Rpl41;Rpl5;Ndufv1;Actg1;Ubl5;Tpi1;Rpl36a;Uqcrh;Rps6;Atp5c1;Sdha;Ptms;Ctnna1;Uqcrq;Rpl12;Gnb2l1;Calr;Rpl11;Gapdh;Uqcrb;Cox5a;Slc25a5;Ndufa3;Eef1b2;Rps8;Ndufa5;Ubb;Sostdc1;Raly;Rps18;Ndufa10;Ppia;Dstn;Sec61g;Atp5e;Rps27l;Pgam1;Uqcc2;Atp5d;Mrps24;Rpl8;Higd1a;Phyh;Cox7a2;Rps10;Rpl13;Echs1;Atp5g1;Slc25a3;Eno1;Atp6v1g1;Mrps6;Atp5j;Rpl27a;Hoxb5os;Hadhb;Bola3;Trpm7;Hadh;Vdac1;Ndufs4;Cox6b1;Sdhd;Hmgb1;Papss1;Sumo2;Timm8b;Ghitm;D8Ertd738e;Rpl35;Higd2a;Myeov2;Etfa;Vdac2;Rplp1;Calm2;Ifitm2;Romo1;Rpl23;Psma7;Cstb;Fis1;Nop10;Tma7;Ptgfr;Iscu;Emx1;Eef1a1;0610012G03Rik;Cox7c;Selm;Jund;Oat;Emc6;Sub1;Mrps14;Pnkd;Atp5l;Cox14;Ndufa9;Hagh;Tomm7;Lamtor2;Mrps21;Psmb5;Paqr5;Ywhae;Efhd1;Swi5;Gm10709;Glo1;Mcee;Hibadh;Tubb2a;Pdha1;Rpl19;Taldo1;Nedd8;Hcfc1r1;Gpi1;Mien1;Mrpl34;Psmb6;Clta;Hsd11b2;Chchd2;Rps28;Mrpl51;Tmem256;Hmgn1;Hspd1;Tbca;Pfn1;Srp14;Sdhc;Fkbp2;Pomp;Hnrnpa0;Ezr;Mrpl54;Hadha;Lamtor4;Vamp8;Mrpl30;H2afz;Psmb4;Ndufa4;Fth1;Reep5;Btf3;Cox7a2l;Pcbp2;Cox6c;Mrpl20;Pigr;Mrps16;Cnn3;Chchd10;Atp5h;Coq7;Sri;Nnt;Atp5a1;Rpl23a
celltype_specific,DCT,average,4,7,0.12467226478916249,Rpl26;Scand1;Rplp0;Sh3bgrl3;Aurkaip1;Suclg2;Mgst1
celltype_specific,DCT,ward,1,12,0.43969716538273446,S100g;Klk1;Umod;Egf;Wfdc15b;Ckb;Mt1;Oxct1;Lpl;Aebp1;Fth1;Pigr
celltype_specific,DCT,ward,2,12,0.36490387516568773,Pvalb;Slc12a3;Sfrp1;Tmem213;Abca13;Ppp1r1a;Slc16a7;Spint2;Tfrc;Trpm7;Ptgfr;Hsd11b2
celltype_specific,DCT,ward,3,40,0.2699839357258973,Fxyd2;Cycs;Mgst3;2410015M20Rik;Ndufa1;Rps29;Sdhb;Ndufb4;Ndufb11;Cox7b;2010107E04Rik;Cox6a1;Usmg5;Ndufc2;Atp5k;Ndufb9;Serf2;Ndufa2;Ndufb5;Ndufa13;Atp5o;Uqcr10;Uqcr11;Ndufb8;Atp5j2;Uqcrh;Uqcrq;Uqcrb;Cox5a;Slc25a5;Atp5e;Cox7a2;Atp5g1;Cox6b1;Cox7c;Atp5l;Ndufa4;Cox6c;Chchd10;Atp5h
celltype_specific,DCT,ward,4,13,0.24145293106366453,Malat1;Xist;Neat1;Ier3;Ddx5;Rbm39;Chka;Rsrp1;Tmem72;Tns1;Arhgap5;Itga6;Erdr1
celltype_specific,DCT,ward,5,23,0.22110465880910224,Calb1;Clu;Spp1;Kl;Wfdc2;Cd9;Id2;Cystm1;Nudt4;Atp6v1e1;Tfcp2l1;Pth1r;Vdr;Gls;Csrp2;Lgals3;Aif1l;Tsc22d1;Slc8a1;Rpl22l1;Tspan1;Ltc4s;Cdo1
celltype_specific,DCT,ward,6,49,0.20307924156562643,Defb1;Wnk1;Atp1a1;Atp6v0e;Ly6a;Cd63;Cdh16;Kng2;Igfbp7;Kcnj1;Clcnkb;Tmem52b;Cst3;Itm2b;Mal;Sgms2;Sdc4;Cd81;Ppib;Bsg;Atp1b1;Kcnj16;Ctsd;Lamp1;Rabac1;Hsp90b1;Tecr;Tmem59;Sec62;Tmem176a;Sostdc1;Dad1;Psap;Atp6v0b;App;Epcam;Pdzk1ip1;Aplp2;Tmem176b;Tmbim4;Laptm4a;Rtn3;Col4a4;Gas6;Hspa5;Ctsb;Cldn8;Marc2;Pdia3
celltype_specific,DCT,ward,7,26,0.20111513165770126,Mif;Mpc1;Ndufc1;Etfb;Ndufa11;Ndufs7;Cyc1;Tceb2;Mpc2;Ndufb7;Prdx1;Mdh1;Hint1;S100a1;Uqcrfs1;Ndufb10;Ndufv1;Atp5c1;Slc25a3;Eno1;Atp5j;Ndufs4;Vdac2;Psmb5;Chchd2;Atp5a1
celltype_specific,DCT,ward,8,11,0.1973452738081714,Gpx3;Miox;Aldob;Gpx1;Ndrg1;Akr1a1;Hrsp12;Cyb5a;Gatm;Scp2;Ttc36
celltype_specific,DCT,ward,9,45,0.15825181277697226,Gabarapl1;Ybx1;Idh2;Pkm;Prdx2;Minos1;Aco2;Gng5;Slc25a4;Rps21;Ndufa12;Shfm1;Ndufb2;Ndufv2;Atp5g3;Ndufs3;Mdh2;Uqcrc1;Ndufa6;Smdt1;Ndufb6;Atp5f1;Fabp3;Ndufb3;Ndufs2;Sod2;1110001J03Rik;Bri3;Uqcrc2;Ndufa5;Phyh;Echs1;Mrps6;Timm8b;Myeov2;Etfa;Romo1;Cstb;Fis1;Sub1;Tomm7;Lamtor2;Tmem256;Vamp8;Mrpl30
celltype_specific,DCT,ward,10,18,0.15457922943118865,Pgam2;Actb;Hsp90ab1;Rpl36al;Atp6v1f;Myl6;Rps17;Aldoa;Atp6v1a;Actg1;Ubl5;Ppia;Ivns1abp;Bola3;Hadh;Hagh;Efhd1;Calm1
celltype_specific,Endo,average,1,8,0.11107405945633754,Zbtb20;Nfat5;Rsrp1;Erdr1;Kank3;Mtdh;Kcnq1ot1;Luc7l2
celltype_specific,Endo,average,2,387,0.10584906326879175,Igfbp5;Fabp4;Plvap;Vim;Plpp3;Esm1;Emcn;S100a6;Plpp1;Aqp1;Crip1;Tm4sf1;Malat1;Klf2;Igfbp3;Apoe;Timp3;Kdr;Igfbp7;Ly6a;Ctla2a;Gng11;Tspan8;Ly6c1;Nrp1;Ly6e;Rsad2;Pbx1;Id3;Plscr2;Flt1;1810011O10Rik;Gpihbp1;Cldn5;Tmsb4x;Actg1;Sox17;H2-K1;Actb;Xist;Slc9a3r2;Rgcc;Ramp2;Cst3;Meis2;Sparc;Calm1;Crip2;Srgn;Col4a1;Gimap4;Bst2;Id1;S100a10;Rpl12;Eng;Tspo;Sgk1;Ehd4;Ptprb;Hsp90ab1;Prkcdbp;Rps3;Ifitm3;B2m;Rpl39;Rps21;Rps25;Rplp2;Cd9;Ifitm2;Rps7;H2-T23;Sptbn1;Slc6a6;Tcf4;Txnip;Rps26;H3f3b;Gnai2;Pecam1;Podxl;Sox18;Vamp5;Rps27;Rpl3;Cd300lg;Fam167b;Atox1;Eef2;Plat;Rpl35a;Rpl34;Ybx1;Gng5;Ifi27l2a;App;Rpl21;Laptm4a;Myl6;Myl12b;Rpl30;Rpl37;Rps5;Hspa8;H3f3a;Rpl10a;Rpl5;Rpl14;Rpl13a;Cd81;Sepw1;Rps12;Icam2;Psmb8;Gimap6;Rpl6;Gpx4;Clec2d;H2-D1;Rpl17;Eif1;Rpl26;Uqcrb;Naca;Rpl36a;Rpl38;Atp5h;Ddx5;Pfn1;Rps14;Marcks;Rpl37a;Rpl22;Fxyd5;Rpl7a;Clic1;Hmgb1;Dynll1;Rpl36;Rps17;Cd74;Adgrl4;Ptma;Rpl18;Gnb2l1;Epas1;Rhoa;Rpl10;Cox7a2;Ednrb;Rps6;Rps2;Rps15;Fabp5;Tinagl1;Hsp90b1;Serf2;Selm;Fkbp1a;Rps15a;Cd34;Rpl9;Rpl7;Pfdn5;Serinc3;Ebf1;Arpc3;AU021092;Egfl7;Rps29;Rpl35;Calm2;S100a13;Txn1;Gm8730;Rpl24;Itm2b;Aplp2;Gnas;Rpl4;Cfl1;Ifi203;Rbm39;Rps19;Rps16;Chchd2;Anxa2;Lmo2;Oaz1;Atp5g2;Rpl32;Cd47;Rps11;Rps4x;Cald1;Tceb2;Rps13;Rps18;Hspb1;Myl12a;Ehd3;Rpl28;Rpl18a;Rpsa;Rdx;Gm10709;Anxa5;Gas6;Eef1b2;Aldoa;Rpl8;Gnb2;H2afz;Cdh5;Calr;Rpl41;Ppib;S100a11;Shfm1;Rps20;Rps28;Rps3a1;Cdc42;Tmem59;Btf3;Sumo2;Rps9;Rpl11;Rps24;Tmbim6;Rpl23;Rps27a;Rpl36al;Col4a2;Lamp1;Rps23;Selk;Psma7;Scand1;Arpc2;Btg1;Esam;Rplp0;Gabarap;Tmem176a;Sh3bgrl3;Ndufa13;Bsg;Aes;Smdt1;Morf4l1;Mndal;Tek;Srrm2;Msn;Pi16;Adgrf5;Rps10;Eva1b;Pomp;Map1lc3b;Cd93;Hnrnpk;Ubb;Edf1;Bri3;Rps8;Cd200;Rpl31;S100a16;Hnrnpf;Arpc1b;Fau;Atp6v1f;Rpl27a;Snx3;Itgb1;Psmb10;Ndufb11;Ubc;Hnrnpa2b1;Psme1;Gimap1;Tuba1a;Son;Mef2c;Clta;Psmb9;Rbms1;Rhoc;Klf7;Tubb5;Tubb4b;Ets2;Rpl13;Arf5;Rac1;Ctsl;Eif3f;Dnaja1;Sh3glb1;Rras;Nedd8;Rpl19;Ifi27;D8Ertd738e;Anp32a;Arf1;Mgll;Clic4;Cnbp;Ostf1;Mal;Rpl23a;Gabarapl2;Fus;Npm1;Sdpr;Ecscr;Rasip1;Sepp1;Atp6v0e;AW112010;Psma3;Ywhae;Chmp2a;Slc50a1;Srsf5;Rpl22l1;Ppp1r2;Serbp1;Ifi44;Arhgap31;Psmb1;Csnk1a1;Eef1g;Rplp1;Arhgdia;Shisa5;Macf1;Nfib;Gimap5;Gnb1;Eif4g2;Gm10260;Eef1d;Rps27l;Mgp;Pdia3;Isg15;Hspg2;Il10rb;Mtch1;Rhob;Fis1;Nedd4;Ubl5;Hspa5;Cox7a2l;Tmem50a;Dad1;Wasf2;Arglu1;Ctsd;Tmed10;Ece1;Ywhab;Exoc3l2;Mapk3;Prex2;Psmb3;Ube2d3;Rab2a;Anxa3;Pltp;Ppp1ca;1810037I17Rik;Eif3h;Dlc1;Ppia;Srp14;Tagln2;Klf13;Ywhaq;Psmb4;Rap1b
celltype_specific,Endo,average,3,27,0.10576457525516074,Fxyd2;Gpx3;Miox;Gpx1;Aldob;Dbi;Chchd10;Atp5b;Cox5b;Prdx5;Akr1a1;Atp5e;Cyb5a;Ldhb;Atp5d;Uqcr11;Pebp1;Ndrg1;Ndufa6;Cox7b;Atp5g1;Mdh1;Ndufb8;Hrsp12;2010107E04Rik;Etfb;Gatm
celltype_specific,Endo,average,4,11,0.10512349047794343,Cox6c;Cox7c;Cox8a;Cox6b1;Ndufb9;Atp5a1;Cox5a;Slc25a3;Atp5g3;Ndufc1;Mif
celltype_specific,Endo,average,5,8,0.10210000465902792,Atp5j;Slc25a5;Cox4i1;Atp1a1;Atp5f1;Ndufa2;Prdx2;Ndufab1
celltype_specific,Endo,average,6,11,0.09560718242709487,Prdx1;Hint1;Uqcrq;Atpif1;Atp5o;Park7;S100a1;Eif5a;Ndufb4;Ndufb5;Ech1
celltype_specific,Endo,average,7,18,0.09124257132635412,Gapdh;Ndufa4;Uqcrh;Tmem176b;Rabac1;Cox6a1;Atp5j2;Uqcr10;Rbx1;Ndufs5;Cyba;Snrpb;Scp2;Slc25a4;Ndufa7;Ndufa8;Ndufa11;Psmb6
celltype_specific,Endo,ward,1,14,0.3778302896238015,Igfbp5;Plpp3;Emcn;Plpp1;Kdr;Ctla2a;Nrp1;Flt1;Eng;Sgk1;Cd300lg;Ednrb;Exoc3l2;Dlc1
celltype_specific,Endo,ward,2,14,0.2786670381672133,Vim;S100a6;Aqp1;Igfbp7;Tspan8;1810011O10Rik;Cldn5;Sox17;Gimap4;Ifi27l2a;Fxyd5;Tinagl1;Nfat5;Pltp
celltype_specific,Endo,ward,3,53,0.27046280945644485,Rpl12;Hsp90ab1;Rps3;Rpl39;Rps21;Rplp2;Rps7;Rps27;Rpl3;Rpl35a;Rpl34;Rpl21;Rpl30;Rpl37;Rps5;Rpl13a;Rps12;Rpl17;Rps14;Rpl37a;Ptma;Rpl10;Rps15;Rps15a;Rpl9;Rpl7;Rps29;Gm8730;Rpl24;Rps19;Rps16;Rpl32;Rps11;Rps4x;Rpl28;Rpl18a;Rpsa;Rpl8;Rpl41;Rps20;Rps3a1;Rpl11;Rps24;Rpl23;Rps27a;Rps23;Rps10;Rps8;Fau;Rpl27a;Rpl13;Rpl19;Rplp1
celltype_specific,Endo,ward,4,7,0.2593739571011984,Crip1;Tm4sf1;Klf2;Timp3;Slc6a6;Podxl;Ebf1
celltype_specific,Endo,ward,5,6,0.2497666571465565,Fxyd2;Gpx3;Miox;Aldob;Hrsp12;Gatm
celltype_specific,Endo,ward,6,12,0.24131507941500058,Fabp4;Plvap;Esm1;Igfbp3;Rsad2;Gpihbp1;Rgcc;Marcks;Cd74;Pi16;AW112010;Mgp
celltype_specific,Endo,ward,7,12,0.23006443208720362,Ramp2;Cst3;Srgn;Cd9;Laptm4a;Cd81;Icam2;Clic1;AU021092;Itm2b;Cdh5;Tmem59
celltype_specific,Endo,ward,8,20,0.19171896693800777,Apoe;Ly6a;Ly6c1;Ly6e;H2-K1;Bst2;Ehd4;Ifitm3;B2m;H2-T23;H2-D1;Adgrl4;Cd34;Btg1;Esam;Cd93;Mal;Arhgap31;Shisa5;Il10rb
celltype_specific,Endo,ward,9,31,0.15490570925457053,Rps25;Rps26;Eef2;Ybx1;Rpl10a;Rpl5;Rpl14;Rpl6;Rpl26;Naca;Rpl36a;Rpl38;Rpl7a;Rpl36;Rps17;Rpl18;Gnb2l1;Rps6;Rps2;Pfdn5;Rpl35;Rpl4;Rps13;Gm10709;Eef1b2;Rps28;Rps9;Rplp0;Rpl31;Cox7a2l;Eif3h
celltype_specific,Endo,ward,10,36,0.1483773909901873,Plscr2;Actg1;Actb;Slc9a3r2;S100a10;Ifitm2;H3f3b;Gnai2;Atox1;Myl12b;H3f3a;Eif1;Rhoa;Txn1;Gnas;Cfl1;Anxa2;Rdx;Anxa5;Pomp;Hnrnpk;Ubb;Edf1;S100a16;Hnrnpf;Psmb10;Rhoc;Tubb4b;Cnbp;Ostf1;Ppp1r2;Psmb1;Wasf2;Ppia;Klf13;Rap1b
celltype_specific,Fib,average,1,11,0.24965430170796907,Pfn1;Smdt1;Cox5a;Prdx1;Ppia;Eif1;Scp2;Cox6b1;Dbi;Hmgb2;Ndufa4
celltype_specific,Fib,average,2,13,0.2387894285747219,Calr;Cox7a2l;Pdia3;Atp6v0e;Pfdn5;Rpl5;Rbm39;Tpm3;Etfb;Ndufa7;Actr2;Manf;Klf6
celltype_specific,Fib,average,3,12,0.23571296258290236,Actr3;Hsp90b1;Napsa;Tln1;Hn1;Zfp706;Atp5o;Anp32a;Tmem59;Eno1;Stk38;Srsf9
celltype_specific,Fib,average,4,141,0.22278510972264223,Cd74;H2-Ab1;H2-Eb1;H2-Aa;Irf8;Naaa;Cst3;Fxyd2;Psap;Ckb;Actg1;Gpx3;Id2;Tmsb10;Eef1b2;Plbd1;H2-DMa;Ppt1;Txn1;Lsp1;Psmb9;Rps28;H2-DMb1;Gm10709;Rpl41;Rps15a;Ptma;S100a11;Rpl3;Naca;Sub1;Gm2a;Rplp0;Psmb8;Npm1;Atpif1;Rpl21;Rps13;Rpl24;Eif3f;Cd52;Hsp90ab1;Rpl35;Rpl39;Rps12;Ptms;Gm10260;Ucp2;Pomp;Gdi2;Rpl37a;Rpl4;Rnase6;Miox;Cox8a;Rps3;Rpl26;Rgs10;Eif3h;Atp5g2;Rpl35a;Cox7b;Rpl12;Coro1a;Rps17;Gabarap;Rpl36a;Rpl23a;Atox1;Rps15;Hint1;2700060E02Rik;Rpl27;Rpl14;Rps6;Rpl18;Rplp2;Rpl7a;Wdfy4;Sepw1;Rps25;Rps3a1;Rps18;Rpl10a;Nsa2;Btf3;Gnb2l1;BC028528;Rps21;Uqcrq;mt-Nd3;Sh3bgrl3;Rps2;Eef1g;Rpl8;Rpl15;Rpl9;Rps27;Gpi1;Gm8730;Atp5c1;Eef1a1;Cfl1;Rps26;Ndufa6;Rpl22;Rpl6;Cbfa2t3;Rpl19;H2-DMb2;mt-Nd4l;Eif3e;Actb;Rpl17;Srsf3;Rpl36;Xlr;Ndufs5;Selplg;Minos1;Rpl13;Pgls;Ywhaz;C1qa;Set;Snx3;Tbca;Rps9;Rpl32;Rps7;Reep5;Tapbp;C1qb;Gpsm3;Cxx1a;1110008F13Rik;Snrpd2;Rps5;Fuca1;Rps14;Unc119
celltype_specific,Fib,average,5,6,0.21426881652036434,Atp5h;Atp5b;Atp5a1;Tceb2;Map1lc3b;Ldhb
celltype_specific,Fib,average,6,11,0.21271068424019846,Ccl5;Txndc17;Gpx1;Basp1;Efhd2;Slc25a4;Spop;Tpm3-rs7;AW112010;Ier5;Isg15
celltype_specific,Fib,average,7,8,0.20832341876446714,Aif1;Ddx5;Lcp1;Uqcr10;Park7;Fabp4;Gltscr2;Nop10
celltype_specific,Fib,average,8,237,0.20714896723504056,Lyz2;Apoe;Ifitm3;Malat1;Ifi27l2a;Plac8;Fcer1g;Ifitm2;Ly6e;Tyrobp;S100a6;H2-D1;Lst1;Crip1;Ccr2;Vim;Ms4a6c;Wfdc17;Ctss;Ly6c2;Lgals3;Tmem176b;Cebpb;Cybb;Xist;F630028O10Rik;H2-K1;Ifi30;Prdx5;Sat1;Emp3;Mpeg1;Itm2b;Npc2;H2afz;Mbnl1;S100a4;Cyba;Msrb1;H3f3b;Fxyd5;Srgn;Btg1;Tspo;Pou2f2;Ms4a4c;Ccl6;Ptprc;Klf2;Ybx1;Gnas;Arpc2;Ctsb;Gngt2;Shfm1;Laptm5;Oaz1;Ly6c1;Ctsz;Bst2;Gnai2;Arhgdib;Myl6;H3f3a;Arpc1b;Ptpn18;B2m;Tmem176a;Rhoa;Rap1b;Serf2;Alox5ap;S100a10;Cdc42;Ctsh;Psme2;Clta;Uqcrh;Hspa5;Gapdh;Gng5;Eif5a;Mgl2;Rpl36al;Ubb;Gpx4;Anxa2;Lgals1;Taldo1;Erp29;Ostf1;Msn;Bri3;Sec61b;Sec61g;Samhd1;Lamp1;Clic1;Fam46a;Slc25a5;Scand1;H2-T23;Ndufb9;Hp;Ahnak;Irf7;H2afj;Myl12b;Spi1;Ifngr1;Hnrnpf;Mcl1;Zeb2;Pabpc1;Psma7;Cdk2ap2;Cd300a;Atp5f1;Adgre5;Ctsc;Ywhae;Arpc3;Unc93b1;Ssr4;Arf5;Eif3k;Rsrp1;H2afy;Smpdl3a;Marcks;Sumo2;Slfn2;Ly86;Abracl;Fyb;Pid1;Tmbim6;Psmb1;Tma7;Arpc5;Tpd52;Fn1;Aldoa;Atp6v0b;Ppib;Anp32b;Gnb2;AF251705;Ifitm6;Gmfg;Mdh1;Rps27l;Trf;Cotl1;St8sia4;Mndal;Uqcrb;Nedd8;Syngr2;Ptpn6;Ncl;Fis1;Neat1;Aes;Vamp8;Dock10;Ost4;Cap1;Rac1;Snrpe;2010107E04Rik;Klf13;Srrm2;Hmgb1;Psmb10;Stat1;Calm2;Tagln2;Pld4;Ncf4;Atp5k;Rbx1;Ndufb11;Eef1d;Iqgap1;Serinc3;Capza2;Ms4a6d;Jund;Rpl38;Serp1;Snrpb;Anxa1;Pitpna;Anxa5;Srsf5;Rap1a;Grn;Ptp4a2;Ppp1ca;Laptm4a;Rbm3;D8Ertd738e;Dnajc7;Prr13;Hnrnpa2b1;Cx3cr1;Chmp2a;Tmed10;Clec12a;Erdr1;Cd47;Morf4l1;Sf3b1;Dbnl;Rtn4;Mrpl33;Nap1l1;Ndufb8;Psmb5;Metrnl;Myl12a;Cd9;Tgfb1;Gsta2;Pcbp2;Brk1;Serbp1;Cd53;Tmem50a;Apbb1ip;Sec11c;Erh;Itgal;Pltp;Esd;Skap2
celltype_specific,Fib,average,9,19,0.2042461996274983,Calm1;Cox6c;Atp5d;Cox7c;Chchd2;Slc25a3;Gm42418;Ube2d3;Cox6a1;Ccdc12;Itgb2;Tmsb4x;Atp5j;Eif4a1;Hspe1;Iscu;Atp6v1f;Ldha;Arf1
celltype_specific,Fib,average,10,8,0.2033381736637455,Klk1;Atp1a1;S100g;Atp5j2;Fam49b;Lamtor2;Mdh2;Chchd10
celltype_specific,Fib,ward,1,23,0.5224990742012511,Lyz2;Ifitm3;Fcer1g;Ifitm2;Tyrobp;S100a6;Ms4a6c;Wfdc17;Ctss;Lgals3;Cybb;Emp3;S100a4;Ms4a4c;Ccl6;Lamp1;Zeb2;Cd300a;Smpdl3a;Fn1;Trf;Ms4a6d;Pltp
celltype_specific,Fib,ward,2,18,0.3913072517525064,Cd74;H2-Ab1;H2-Eb1;H2-Aa;Naaa;Id2;H2-DMa;Ppt1;Psmb9;H2-DMb1;Atpif1;Ptms;Wdfy4;Cbfa2t3;H2-DMb2;Xlr;Tbca;Cxx1a
celltype_specific,Fib,ward,3,13,0.38935171280221964,Ifi27l2a;Plac8;Ly6e;Ly6c2;Btg1;Ctsb;Ly6c1;Bst2;Irf7;Fyb;Serinc3;Isg15;Psmb5
celltype_specific,Fib,ward,4,29,0.383090291034875,Apoe;Lst1;Cebpb;Sat1;Msrb1;Srgn;Pou2f2;Klf2;Gngt2;Msn;Hp;Spi1;Ifngr1;Adgre5;Slfn2;Tpd52;AF251705;Ifitm6;Ptpn6;Cap1;Klf13;Ncf4;Iqgap1;Cx3cr1;Metrnl;Cd53;Tmem50a;Apbb1ip;Itgal
celltype_specific,Fib,ward,5,52,0.33552839137202073,Cst3;Ckb;Tmsb10;Eef1b2;Rps28;Gm10709;Rps15a;Ptma;Rpl3;Naca;Sub1;Rps13;Rpl31;Cd52;Hsp90ab1;Rpl39;Rps12;Gm10260;Rpl37a;Rpl4;Miox;Rps3;Rpl35a;Rpl12;Rpl36al;Rps15;Hint1;Rpl14;Rps6;Rpl7a;Rps25;Rps3a1;Rps18;Rpl10a;BC028528;Rps21;Sh3bgrl3;Rpl8;Rpl9;Eif3k;Gpi1;Gm8730;Eef1a1;Rpl6;Rpl19;Rpl17;Rpl38;Rpl13;Rps9;Rpl32;Rps5;Rps14
celltype_specific,Fib,ward,6,19,0.3081802251340297,Rpl41;Rplp0;Rpl21;Eif3f;Rpl35;Gdi2;Cox8a;Rpl27;Rplp2;Scand1;Sepw1;Gnb2l1;Uqcrq;Rpl15;Arf5;Rps27;Rpl22;Srsf3;Rps7
celltype_specific,Fib,ward,7,8,0.3024180135701878,Tmem176b;Tmem176a;Rgs10;Cyb5a;Mgl2;Fam46a;Fth1;Unc119
celltype_specific,Fib,ward,8,33,0.2932606759058693,Malat1;Irf8;Ccr2;Xist;Mpeg1;Mbnl1;Laptm5;Ptpn18;Eif3h;Hspa5;Erp29;Pdia3;Pabpc1;Unc93b1;Ssr4;H2afy;Sumo2;Psmb1;Ppib;Ccdc12;St8sia4;Mndal;Dock10;Pld4;Eef1d;Jund;Serp1;Set;Tmed10;Erdr1;Sf3b1;Nap1l1;Pcbp2
celltype_specific,Fib,ward,9,20,0.27077957886564624,Psap;Plbd1;Gm2a;Npm1;Pomp;Rnase6;Rpl26;Coro1a;Rps17;Rpl36a;Clic1;Rpl18;Eef1g;Atp5c1;Ndufa6;Hspe1;Ppp1ca;Clec12a;Fuca1;Skap2
celltype_specific,Fib,ward,10,20,0.26067988596665137,Fxyd2;Actg1;Gpx3;Lsp1;S100a11;Psmb8;Ucp2;Uqcrh;Hnrnpf;mt-Nd3;Cfl1;Eif3e;Vamp8;Actb;Selplg;Pgls;Hnrnpa2b1;C1qa;C1qb;Gpsm3
celltype_specific,MC,average,1,189,0.2216259678544055,Acta2;Tagln;Tpm2;Rgs5;Myl9;Sparcl1;Ren1;Crip1;Spp1;Mgp;Myh11;Tpm1;Sncg;Mustn1;Gpx3;Dstn;Mylk;Gng11;H2-D1;Apoe;Myl6;Fxyd2;S100a11;Flna;Ppp1r14a;Cald1;Tm4sf1;Wtip;Vim;Ctsl;Actb;Cryab;Ckb;Id3;Pln;Csrp1;Hopx;Igfbp5;Gm13889;Tmsb4x;H2-K1;Map3k7cl;Akr1b7;Mef2c;Ebf1;Itm2b;Tmsb10;Tmem176b;Id1;Rarres2;Ftl1;B2m;Fxyd1;Ptp4a3;Prkcdbp;Pfn1;Cnn1;Ndufa4l2;Filip1l;Col18a1;Aldob;Gstm1;Cst3;Pcp4l1;Miox;Zfhx3;Slc6a6;Bgn;Dynll1;Cd9;Cd63;Tmem176a;Lgals1;Cdh16;Sorbs2;App;Gpx1;Ldhb;Hspb1;Tinagl1;Rock1;Lbh;Myl12a;Rergl;Ppp1r12a;Mpc2;Sparc;Txnip;Slc25a4;Hrsp12;Bsg;Ndufa4;Ctgf;Calm2;Rras;Tln1;Gpi1;Timp2;Arpc2;Sepw1;Sept7;Aldoa;Ptrf;Uba2;Aplp2;Crip2;Actn1;Cyba;Ccdc107;Ndrg1;Akap12;Lmod1;Selm;Gsn;Atp6v0e;Cfh;Gng5;Aldh2;Akr1a1;Pdzk1ip1;S100a10;Cfl1;Pbxip1;Rbpms;Atp2a2;Des;Eif1;Calr;Edf1;Ndufs7;Ppib;Mfge8;Bcam;Palld;Fis1;Uqcrb;Sec62;Igfbp7;Gucy1a3;Cenpa;Btg1;Cox4i2;Ppp1r12b;Ifi27;Csrp2;Map1lc3a;Dag1;Ppp1cb;Clic1;Tbx2;Actn4;Serf2;Epas1;S100a1;Lamb2;2810428I15Rik;Gpc6;Notch3;Ptgis;Atp1a1;Gnas;Comt;Oxct1;S1pr3;Lpp;Spint2;Mcam;Prkar1a;Olfr558;Spink1;Emp3;Sh3bgrl;Thra;Nexn;Scp2;Msrb1;Lmna;Kif5b;Clu;Pde3a;C3;Higd1a;Nrip2;Plscr2;Rap1a;Rsu1;Gucy1b3;Iqgap1;Atp1b2
celltype_specific,MC,average,2,6,0.165961834435008,Ndufb8;Gpx4;Chpt1;Gm10260;Esd;Arpc3
celltype_specific,MC,average,3,7,0.16549495247987173,Col4a1;Timp3;Hsp90b1;Col4a2;Ifitm2;Nedd4;Lamp1
celltype_specific,MC,average,4,221,0.1485142784425484,Dbi;Chchd10;Jund;Tsc22d1;Prdx5;Rpl6;Rplp2;Atpif1;Rps26;Rpl37a;Gnb2l1;Rpl7;Atp5e;Atp5b;Actg1;Rps2;Uqcrh;Rps19;Atp5l;Rps21;Hmgb1;Rps27;Rpl26;Hnrnpk;Rpl5;Rpl22;Rps18;Ndufa13;Rps17;Rpl36;Ndufb7;Btf3;Cox5a;Atp5c1;Hsp90aa1;Atp5g3;Rpl12;Sumo2;Cox7a2;Hsp90ab1;Gapdh;Rpl36a;Calm1;Rps25;Ndufb10;Myl12b;Gm8730;Prdx2;Aes;Rpl36al;Uqcr10;Atp5g1;Ybx1;Atp5h;Hspa8;Atp5o;Ywhaq;Uqcrq;Rpl30;Rpl35a;Rpl34;Rps12;Rps23;Slc25a5;Rps15;Atp5d;Pebp1;Atp5a1;Rps15a;Cox6a1;Rpl7a;Hmgn1;Rps3;Rps13;Rplp0;Rpl14;Slc25a3;Cox7c;Rpl10;Cdc42;Cox7b;H3f3b;Ncl;Atp5j2;Ptma;Rps16;Rpl21;Rpl39;Rps6;Rpl4;Eef1b2;Atp5j;Rps7;H2afz;Ndufa12;Ndufa11;Rpl41;Anxa5;Rps4x;H3f3a;Tspo;Rpl3;Hint1;Pfdn5;Ndufs5;Ndufa5;Rpl17;Rpl10a;Atp5g2;Cox5b;Npm1;Txn1;Ech1;Rps20;Eef2;Rpl38;Rpl23a;Rpl35;Rps29;Naca;Rbx1;2010107E04Rik;Park7;Rpl11;Cyb5a;Rpl19;Ndufa7;Oaz1;Rhoa;Rpsa;Rpl37;Prdx1;Ndufb9;Etfb;Atp6v1g1;Clta;Rps28;Atox1;Vdac2;Rpl32;Gm10709;Rpl22l1;Ndufb11;Ndufa2;Hnrnpa2b1;Bri3;Chchd2;Atp6v1f;Cox6b1;Atp5f1;Rpl24;Dad1;Minos1;Ubb;Sec61g;Mif;Ndufa6;Rps5;Map1lc3b;Rpl28;Ywhae;Smdt1;Rps3a1;Rps27l;Rpl18a;Atp5k;Eif5a;Rpl18;Ndufv3;Vdac1;Rps9;Ndufb5;Psmb6;Cycs;Gabarap;Ndufab1;Ndufc2;Rps24;Ndufv2;D8Ertd738e;Cox7a2l;Scand1;Rps14;Ndufb3;Ndufb4;Rbm3;Psma7;Eef1a1;Mrfap1;Pkm;2410015M20Rik;Eef1g;Rpl13;Pnrc1;Cox6c;Ubxn1;Rps11;Rpl23;Vamp8;Rpl8;Uqcrfs1;Oat;Rps27a;Idh2;Psmb5;Cox8a;Srsf3;Psmb3;Rps10;Srp14;Rps8;Psma3;Eif3k;Tax1bp1;Snrpb;Chmp2a;Cystm1;Cyc1;Arf1;Psma2;Rpl27a
celltype_specific,MC,average,5,26,0.1442136966665956,Malat1;Xist;Ifitm3;Rasl11a;Cd81;Nr2f2;Itgb1;Laptm4a;Zbtb20;Ptms;Cpe;Rbm39;Tceb2;Fhl2;Srrm2;Tmem59;Gnb2;Kcnq1ot1;Gnai2;Selk;Rsrp1;Pnisr;Srsf5;Mdh2;Atp6v0b;1810037I17Rik
celltype_specific,MC,average,6,10,0.14239709915297533,Uqcr11;Shfm1;Ost4;Nedd8;Gm42418;Ndufs6;Ndufa1;Smim14;Swi5;Ubc
celltype_specific,MC,ward,1,13,0.43810059083307423,Spp1;H2-D1;Apoe;H2-K1;Tmem176b;B2m;Tmem176a;Cdh16;Cyba;Pdzk1ip1;Atp1a1;C3;Plscr2
celltype_specific,MC,ward,2,65,0.4375540949294102,Acta2;Tagln;Tpm2;Rgs5;Myl9;Sparcl1;Crip1;Myh11;Tpm1;Sncg;Mustn1;Gpx3;Dstn;Mylk;Myl6;Flna;Ppp1r14a;Cald1;Wtip;Vim;Actb;Ckb;Pln;Csrp1;Map3k7cl;Mef2c;Rarres2;Ftl1;Fxyd1;Prkcdbp;Pfn1;Cnn1;Filip1l;Pcp4l1;Zfhx3;Cd9;Sorbs2;Hspb1;Tinagl1;Rock1;Lbh;Rergl;Ppp1r12a;Ctgf;Rras;Uba2;Actn1;Ccdc107;Lmod1;Pbxip1;Atp2a2;Mfge8;Bcam;Palld;Ppp1r12b;Ppp1cb;Lamb2;Gpc6;Ptgis;S1pr3;Mcam;Sh3bgrl;Nexn;Msrb1;Lmna
celltype_specific,MC,ward,3,21,0.37012497119779014,Ren1;Gng11;Tm4sf1;Hopx;Igfbp5;Gm13889;Akr1b7;Ebf1;Ptp4a3;Ndufa4l2;Sept7;Ptrf;Cenpa;Cox4i2;Tbx2;Epas1;Notch3;Olfr558;Nrip2;Gucy1b3;Atp1b2
celltype_specific,MC,ward,4,54,0.2763246465325793,Rpl6;Rplp2;Rpl37a;Gnb2l1;Rpl7;Rps2;Uqcrh;Rps19;Rps21;Rps27;Rps18;Rpl12;Rpl36a;Rpl30;Rpl35a;Rpl34;Rps12;Rps15a;Rpl7a;Rps3;Rps13;Rpl14;Rps16;Rpl21;Rpl4;Rps7;Rps4x;Pfdn5;Rps20;Rpl38;Rpl35;Rps29;Naca;Rpl11;Rpsa;Rpl32;Rpl24;Rps5;Rpl28;Rps3a1;Rpl18;Rps9;Rps24;Cox7a2l;Rps14;Eef1a1;Rpl13;Rps11;Rpl23;Rpl8;Rps27a;Rps10;Rps8;Rpl27a
celltype_specific,MC,ward,5,7,0.2679246518758777,Mgp;Tmsb4x;Bgn;Cfh;Des;Gucy1a3;Emp3
celltype_specific,MC,ward,6,18,0.2595392463637015,Actg1;Gapdh;Rps25;Hspa8;Rps23;Rps15;Rpl10;Ptma;Rpl39;Rpl3;Rpl17;Rpl10a;Rpl19;Rpl37;Ubb;Rpl18a;Eef1g;Eif3k
celltype_specific,MC,ward,7,22,0.24688858045767773,S100a11;Ctsl;Cryab;Tmsb10;Gstm1;Slc6a6;Rasl11a;Ldhb;Myl12a;Mpc2;Txnip;Nr2f2;Bsg;Ndufb8;Timp2;Akap12;Ybx1;S100a10;Fis1;Ifi27;Dag1;Spint2
celltype_specific,MC,ward,8,8,0.2313184917094465,Fxyd2;Aldob;Miox;Hrsp12;Ndrg1;Akr1a1;Spink1;Scp2
celltype_specific,MC,ward,9,43,0.18093411067748288,Id3;Id1;Dynll1;Lgals1;Slc25a4;Id2;Calm2;Tln1;Gpi1;Arpc2;Ndufa13;Sepw1;Aldoa;Hsp90aa1;Crip2;Calm1;Gsn;Atp6v0e;Gng5;Aldh2;Cfl1;Rbpms;Eif1;Uqcrb;Btg1;Crim1;Csrp2;Map1lc3a;Actn4;2810428I15Rik;Vdac2;Gm42418;Oxct1;Lpp;Prkar1a;Selk;Rbm3;Kif5b;Pde3a;Higd1a;Snrpb;Rap1a;Iqgap1
celltype_specific,MC,ward,10,15,0.16741960406264056,Malat1;Xist;Aplp2;Zbtb20;Morf4l1;Srrm2;Serbp1;Gnas;Kcnq1ot1;Gnai2;Rsrp1;Eef1d;Pnrc1;Pnisr;Rsu1
celltype_specific,PT,average,1,90,0.22707032534397284,Malat1;Spp2;Slc34a1;Spp1;Tmem27;Gatm;Igfbp7;Cd63;Napsa;Cyba;Apoe;Lrp2;Kap;BC089597;Timp3;Slc27a2;Cml1;Pdzk1ip1;Acsm2;Spink1;Itm2b;Tcn2;Chpt1;Slc4a4;Atp1a1;Tmbim6;Dnase1;Xist;Tmem176a;Tmem176b;Ndufa13;Atp1b1;Lamp1;Lgmn;Maf;Tmbim4;Folr1;mt-Nd4l;Mdk;Fut9;Minos1;Slc5a2;Wfdc2;Ggt1;Bsg;Cyp2d26;Lamp2;Gpx3;Slc13a1;Ctsl;Apom;Ndufa1;Dab2;Slc22a1;Marc2;Abcg2;Slc22a8;Lrpap1;Higd2a;Pth1r;Shfm1;Sepp1;Mrps21;Aco2;Ccdc107;Nop10;Ddx5;mt-Nd5;Cst3;Lactb2;Arl6ip1;Lamtor4;Cldn10;Tomm20;Nox4;Calr;Cdh16;Kcnj16;Cd81;Hsp90b1;mt-Atp8;Romo1;Ndufa3;Sec62;Guca2b;Dnajc19;Cyp4b1;Dad1;App;Gk
celltype_specific,PT,average,2,18,0.13278584707695237,Gsta2;Actg1;Atp6v1g1;Car2;Comt;Ethe1;Dcxr;Mt1;Sord;Gsta1;Atp6v1e1;Asl;Odc1;Gm10639;Gsta4;Tkt;Cryl1;Tuba4a
celltype_specific,PT,average,3,342,0.1285109595643287,Hao2;Ttc36;Ass1;Actb;Keg1;Ech1;Cyb5a;Etfb;Esd;Rpl30;Cox6a1;Aldh2;Sult1d1;Ybx1;Txn1;Rps7;Hspa8;Rpl39;Cox7b;Ndufb8;Rpl37;Uqcr11;Rpl37a;Gm42418;Rps13;Suclg1;Khk;Rpl18;Mif;Uqcrb;Hsp90ab1;Naca;Rps5;Rpl34;Acaa2;Ndufb9;Mpc2;Aldoa;Hspe1;Rpl10;Rps26;Atp5c1;Ddt;Rpl24;Rps3a1;Rps15a;Rpl21;Rpl14;Slc25a4;Hint2;Park7;Rpl38;Rps12;Glyat;Rpl6;Ndufb4;Ndufb11;Rpl35a;Rps16;Cisd1;Pebp1;Uqcr10;Ndufab1;Atp5g1;Rpl7;Rpl22;Rps23;Rpl10a;Rps2;Atox1;Myl6;Atp5o;Rpl27a;Rps11;Atp5g3;Slc25a5;Rpl3;Rps21;Eif1;Usmg5;Mpc1;Uqcrfs1;Plscr2;Rpl17;Rps4x;Ndufa2;Ndufc1;Atpif1;Pcbd1;Atp5f1;2010107E04Rik;Fbp1;Rps29;Atp5j2;Rps3;Rpl36;Oaz1;H3f3b;Rpl13a;Atp5g2;Ndufb10;Rpl18a;Cela1;Cox7a2;Sod2;Akr7a5;Rpl7a;Rps20;Ndufa6;Aes;Cox6b1;RP24-64C6.3;Acadm;Rps14;Bphl;Uqcrq;Rpl9;Rps19;Sdhb;Serf2;Rplp2;Gm8730;Rps9;Rps27a;Cycs;Atp5j;Rps17;Rpl36al;Rps6;Gng5;H3f3a;Rpl26;Ndufa12;Cda;Calml4;Rpl12;Atp5l;Rps15;Uqcrh;Hpd;Ptma;Slc25a3;Cox7c;Rpl8;Atp5k;Eef2;Ndufb5;Gnb2l1;Pfdn5;2410015M20Rik;Rps25;Rpl11;Ndufa5;Ndufs7;Hrsp12;Hibadh;Rpl5;Atp5d;Cox5b;Cox5a;Rps18;Gabarap;Rps27;Atp5h;Acy3;Rpsa;Atp6v1f;Tpi1;Mdh1;Ndufs6;Hspd1;Pter;Atp5a1;Hint1;Txndc17;Rpl32;Atp5e;Prdx1;Mdh2;S100a1;Cyc1;Ndufs5;Scand1;Rpl36a;Rps10;Fau;Smdt1;Rps27l;Rps8;Rpl41;Tceb2;H2afj;Stard10;Rpl13;Scp2;Rpl28;Rpl19;Akr1a1;Acat1;Ndufa11;0610011F06Rik;Ndufv3;Vdac1;Eef1b2;Ppia;Pgam1;Ldha;Hadh;Rps24;Aldh7a1;Selenbp1;Hist1h2bc;Gnas;Ndufv2;Ndufb3;Edf1;Mrpl12;Ndufb6;Acaa1b;Chchd10;Rpl35;Gapdh;Ndufa4;Acot13;Uqcrc2;Ndufa8;Ndufa7;Btf3;Ldhb;Oat;Rplp0;Timm13;Fmo1;Prdx2;Bdh2;Iscu;Gpx4;Ndufs2;Rpl4;Etfa;Ubb;Clta;Pfn1;Mgst3;Rplp1;Rpl23;Ndufc2;Eif5a;Uqcrc1;Gstm5;Bri3;Swi5;Nme1;Cystm1;Rps28;Npm1;Ndufs3;Cox8a;Vdac2;Gstm1;Psma4;Ubl5;Hmgb1;Pecr;Ndufv1;Ppa2;Hagh;Timm8b;Msra;Atp5b;Miox;Ndufs8;Psmb5;Zfp706;Gm10709;Tmem256;Cox6c;Cbr1;Vamp8;Sdhd;Mrpl42;Acadl;Cryz;Phyh;Eno1;Ndufb2;Rpl31;Chchd2;Gclm;Gcdh;Lamtor2;Grhpr;D8Ertd738e;Sephs2;Rhoa;Ndufa10;Msrb1;Calm3;H2afz;Dnajc12;Dhrs4;Hgd;Bag1;Glo1;Fah;Mrps14;Ddah1;Prdx5;Gsta3;Nedd8;Cndp2;Sult1c2;Sec61g;Idh3g;Gpx1;Cmbl;Lap3;Calm1;Mrpl51;Tubb4b;Rpl23a;Eci1;Rab3ip;Psmb6;Echs1;Bola3;Tomm7;Tbca;Prelid1;Mrps24;Myl12b;Rbx1;Fdx1;Mrpl14;Vps29;Eef1d;Grpel1;Ost4;Pmpcb;Hsd17b10;Ugp2;Pepd
celltype_specific,PT,average,4,22,0.11968804644937649,Oxct1;Ndrg1;Idh1;Pah;Cat;Pdzk1;Idh2;4833439L19Rik;Hspa9;Sdha;Qdpr;4931406C07Rik;Eif4g2;Fmo2;Hnrnpa2b1;Sfxn1;Hsp90aa1;Aldh6a1;Gpi1;Suclg2;Ubc;Ghitm
celltype_specific,PT,ward,1,33,0.3741648126526954,Slc34a1;Spp1;Tmem27;Igfbp7;Cd63;Cyba;Apoe;Pdzk1ip1;Spink1;Itm2b;Tcn2;Tmbim6;Dnase1;Tmem176a;Tmem176b;Lamp1;Tmbim4;Folr1;Mdk;Bsg;Cyp2d26;Lamp2;Ctsl;Slc22a1;Abcg2;Lrpap1;Ccdc107;Cst3;Arl6ip1;Calr;Cd81;Hsp90b1;Dad1
celltype_specific,PT,ward,2,8,0.36077782613627024,BC089597;Slc27a2;Cml1;Chpt1;Ggt1;Apom;Slc22a8;Cyp4b1
celltype_specific,PT,ward,3,18,0.3382600707494092,Spp2;Lrp2;Timp3;Acsm2;Slc4a4;Atp1a1;Atp1b1;Lgmn;Fut9;Slc5a2;Gpx3;Slc13a1;Pth1r;Sepp1;Cdh16;Kcnj16;Sec62;App
celltype_specific,PT,ward,4,6,0.29374846215526185,Malat1;Xist;Maf;Dab2;Ddx5;Nox4
celltype_specific,PT,ward,5,16,0.20397906962453183,Esd;Mif;Slc25a5;Atp5f1;Atp5h;Mdh1;Prdx1;Akr1a1;Ppia;Chchd10;Gapdh;Ldhb;Ubb;Atp5b;Chchd2;Prdx5
celltype_specific,PT,ward,6,28,0.19990209289775737,Hao2;Ttc36;Ech1;Cyb5a;Etfb;Aldh2;Sult1d1;Txn1;Suclg1;Khk;Acadm;Bphl;Hpd;Hrsp12;Hibadh;Acy3;Pter;Acaa1b;Gstm1;Miox;Cbr1;Acadl;Gcdh;Dhrs4;Cndp2;Gpx1;Eci1;Myl12b
celltype_specific,PT,ward,7,67,0.1669635836552707,Rpl30;Rps7;Rpl39;Rpl37a;Rps13;Rpl18;Rps5;Rpl34;Rps26;Rpl24;Rps3a1;Rps15a;Rpl21;Rpl14;Rpl38;Rps12;Rpl6;Rpl35a;Rps16;Rpl7;Rpl22;Rpl10a;Rps2;Rpl27a;Rps11;Rps21;Rpl17;Rps4x;Rps29;Rpl36;Rpl18a;Rpl7a;Rps20;Rps14;Rpl9;Rps19;Rplp2;Gm8730;Rps9;Rps27a;Rps6;Rpl26;Rpl8;Gnb2l1;Pfdn5;Rps25;Rpl11;Rpl5;Rps18;Rps27;Rpsa;Rpl32;Rpl36a;Rps10;Fau;Rps8;Rpl41;Rpl13;Rpl28;Rpl19;Eef1b2;Rps24;Rpl35;Rplp0;Rplp1;Rpl23;Rps28
celltype_specific,PT,ward,8,34,0.1575789102707138,Cox6a1;Cox7b;Uqcr11;Ndufb9;Hspe1;Ddt;Hint2;Ndufb4;Ndufb11;Uqcr10;Atp5g1;Usmg5;Ndufa2;Atp5j2;Cox7a2;Ndufa6;Cox6b1;Uqcrq;Atp5j;Ndufa12;Atp5l;Cox7c;2410015M20Rik;Ndufa5;Atp5d;Cox5b;Cox5a;Cyc1;Ndufa11;Ndufa4;Gpx4;Cox8a;Cox6c;Ndufb2
celltype_specific,PT,ward,9,30,0.14826903813044934,Rpl37;Gm42418;Naca;Mpc2;Rpl10;Cisd1;Rps23;Rpl3;Eif1;Atpif1;2010107E04Rik;Rps3;Oaz1;Atp5g2;RP24-64C6.3;Rps17;Gng5;Cda;Calml4;Ndufb5;Ndufs7;Ndufs5;0610011F06Rik;Edf1;Iscu;Gstm5;Gm10709;Sec61g;Prelid1;Ost4
celltype_specific,PT,ward,10,22,0.13367678481600698,Ass1;Actb;Oxct1;Actg1;Acaa2;Aldoa;Slc25a4;Glyat;Fbp1;Tpi1;Atp5a1;Mdh2;Aldh7a1;Selenbp1;Idh2;Sord;Qdpr;Atp6v1e1;Gpi1;Gsta3;Cryl1;Tuba4a
celltype_specific,Podo,average,1,7,0.2595919495327873,Fxyd2;Miox;Aldob;Gpx1;Ldhb;Hrsp12;Gatm
celltype_specific,Podo,average,2,452,0.18523426667324505,Rasl11a;Tmsb4x;Malat1;Sparc;Fgfbp1;Vim;Igfbp7;Cdkn1c;Itm2b;Kcnq1ot1;Podxl;Tm4sf1;Gpx3;Nupr1;Sema3g;Nes;Xist;H2-D1;H2-Q6;Col4a3;H2-Q7;Ctsl;Magi2;Calm2;Tcf21;Plat;Ptpro;Sdc4;Anxa2;Neat1;Thsd7a;Enpep;Tmsb10;Cryab;Hsp90ab1;Itgb5;Actb;H3f3a;Kif5b;Gadd45a;Lrrfip1;Ptma;Hsp90b1;Hspa5;Rps23;S100a10;Pfdn5;Rps19;Col4a4;Arpc2;Nphs2;Actg1;Nphs1;Ybx1;Myl12a;Rpl30;Timp3;Synpo;Laptm4a;Atp5e;Sept11;H3f3b;Rpl41;Vegfa;Nap1l1;Mapt;Cst3;S100a11;Rps27a;Cox7c;Npnt;Rps27;Hs3st6;Tmem59;Rps12;Rps21;Cd59a;Rps29;Golim4;Itgb1;Rps9;Gng5;Smdt1;Cd81;Ppia;Dpp4;Eif3m;Arhgap24;Serf2;Vamp8;Mafb;Cd59b;Ifitm2;Wt1;Dad1;Cmtm7;Hist1h2bc;Cd2ap;Clic5;Cox7a2;Rpl37;Tmod3;Htra1;H2-K1;Rps16;Cldn5;Rps5;Rpl34;Rps14;Calr;Cystm1;Ezr;Rps3;Oaz1;Rpl10;Morf4l1;Gpx4;Rps13;Jund;Rpl9;Mmp23;Sepp1;Bsg;Rhoa;Uqcr11;Vdac2;Rpl32;Atpif1;Metrnl;Pdia6;Tomm20;Rps11;Rplp2;Csnk1a1;Gpsm3;App;Myl6;Ndufs5;Cyb5a;Rps6;Col18a1;Slc9a3r2;Rpl36al;Dag1;Anxa1;mt-Nd4l;Angptl2;Rpl14;Rpl8;Rpl11;Rpl39;Uqcr10;Rpl21;Rpl22;Clic3;Atp6v0e;Pfn1;Ptms;Rps25;Bri3;Sh3glb1;Tpt1;Rpl17;Rpl7;Pmepa1;Atp5g2;Bcam;Ddn;Rbm39;Srgap1;Tdrd5;Rps7;Tubb2a;Cd151;Pdlim2;Rpsa;Rhpn1;Rpl13a;Cox7b;Slc25a3;Sumo2;Efnb1;Tmbim6;Rpl7a;Aldoa;Gnas;2010111I01Rik;Rpl12;Rpl3;Atp5b;Top1mt;Gsta4;Rpl35a;Atp5l;Hspa8;Cox6c;Selk;Ppib;Qk;Cdc42;Rpl37a;Rps24;Pak1;Mgat5;Aplp2;Gabarap;Hint1;Rpl26;Rps15a;Fam65a;Park7;Rps3a1;Rplp1;Tspan15;Dynll1;Srp14;Aes;Gsn;Ubl5;1810037I17Rik;Rpl19;Shfm1;Rpl28;Cox5b;Hmgb1;Naca;Robo2;Rps26;Rpl24;Pard3b;Timp2;Sec62;Pebp1;Ndufb7;Cox4i1;Mpp5;Calm1;Dynll2;Gnb2l1;Ndufa5;Rpl13;Ost4;Mtch1;Col1a2;Tspan13;Pcolce;Uqcrb;Uqcrh;Ddx5;Ndufa7;Arf1;Sepw1;Rpl38;Atp5g1;Atp5j;Hnrnpk;Atp5k;Ndufb4;Rabac1;Vdac1;Ndufab1;Ndufb8;Rpl35;Wsb2;St3gal6;Pros1;Sec61b;Minos1;Rpl10a;Rpl23;Hnrnpa2b1;Pdia3;Actn4;Npr3;Prdx5;Atp5o;Rps20;Slc25a5;Atp5j2;Ildr2;Glo1;Prdx1;Ifngr1;Rps17;Ywhae;Psma7;Btf3;Tsc22d1;Cox6b1;Nedd8;Rps8;Eif5a;Mylk;Mpc2;Psma2;Rsrp1;Slc31a2;Mrfap1;Emp3;Rpl6;Lamp1;Psap;Ackr3;Rpl22l1;Rps15;Rpl27a;Ndufa6;Rps18;Foxd1;Rpl36;Rpl18a;Chmp2a;Sec61g;Arhgef18;Aplp1;Rps4x;Eif1;Pomp;Eml2;Rpl5;Atp6v1g1;Ubb;Scand1;Serbp1;Eif4a2;Ndufa11;Rab3b;Ndufa2;Fau;Srrm2;Rps2;Tshz2;Atp5c1;Pth1r;Psmb6;Mat2a;Atp5d;Txn1;Pcbp1;Hsp90aa1;Cfl1;Chchd2;Aif1l;Ech1;Mocs2;H2-T23;Zfp36l1;Atp5f1;Ndufb3;Cers6;Rbx1;Gm8730;Slc25a4;Siva1;Tceb2;Chmp5;Degs1;Ppp1ca;Edf1;Dpysl2;Ift20;Krcc1;Rpl4;Arhgef12;Lamb2;Nop10;Psmb3;Rps27l;Ctsb;Marveld1;Tubb2b;Fis1;Rps10;Wls;Mpc1;Eif4a1;Mrps14;Arhgdia;Parva;Psmb5;Anxa3;Rpl18;Ndufc1;Cnbp;Ndufa1;Tax1bp1;Man1a2;Eef1b2;Luc7l2;Ndufs7;Tmed9;Sema3e;Alcam;Ndufc2;Ndufa13;Eef1d;Ptbp3;Myl12b;Ssr4;Gabarapl2;Gnb2;Pttg1ip;2010107E04Rik;Serinc3;Atp5h;Mtss1;Psmb1;Ndufb9;Rpl36a;Fermt2;Tob1;Ndufa4;Atxn7l3b;Tmed10;Mrpl33;Srsf5;Lpin2;Hoxc8;Eif3c;Gnai2;Atp6v1f;BC031181;Ostf1;Fkbp2;Sema5a;Ndufb5;Spcs1;Eif3k;D8Ertd738e;Ubxn1;Psmc3;Myo6;Tuba1a;Atox1;Suclg1;C1qtnf1;Nenf;Canx;Emc7;Cpq;Calm3;Pdpn;Plekho1;Hmgn1;Fat1;Nfic;Ptov1;Hnrnpa3;Sumo1;Rpl31;Ndufa12;P3h2
celltype_specific,Podo,ward,1,37,0.408579223999659,Sparc;Igfbp7;Itm2b;Tm4sf1;H2-D1;H2-Q7;Ctsl;Plat;Sdc4;Enpep;Hsp90b1;Hspa5;Laptm4a;Cst3;Hs3st6;Tmem59;Cd59a;Cd81;Cd59b;Ifitm2;Dad1;Cmtm7;Clic5;Cldn5;Calr;Sepp1;Metrnl;Pdia6;Atp6v0e;Ppib;Aplp2;Tspan15;Pcolce;Rabac1;Lamp1;Aplp1;Pth1r
celltype_specific,Podo,ward,2,53,0.36221648031485765,Tmsb4x;Cdkn1c;Calm2;Tcf21;Anxa2;Tmsb10;Cryab;Hsp90ab1;Actb;H3f3a;Gadd45a;Lrrfip1;Pfdn5;Arpc2;Myl12a;Rpl30;H3f3b;S100a11;Rps29;Ppia;Serf2;Mafb;Cd2ap;Rps5;Rps14;Oaz1;Rpl10;Rhoa;Vdac2;Gpsm3;Myl6;Rpl22;Clic3;Pfn1;Bri3;Sh3glb1;Rpl7;Sumo2;Gnas;Cdc42;Srp14;Gsn;1810037I17Rik;Ost4;Sepw1;Ndufb4;Btf3;Ubb;Scand1;Siva1;Krcc1;Cnbp;Atxn7l3b
celltype_specific,Podo,ward,3,67,0.2731237439005751,Rps23;Rps19;Ybx1;Atp5e;Rpl41;Rps27a;Cox7c;Rps27;Rps21;Rps9;Gng5;Rpl37;Rps16;Rpl34;Cystm1;Morf4l1;Gpx4;Jund;Rpl9;Rpl32;Atpif1;Rps11;Ndufs5;Rps6;Rpl14;Rpl8;Rpl11;Rpl39;Rpl21;Rps25;Rpl17;Atp5g2;Rps7;Rpsa;Rpl13a;Gsta4;Rpl35a;Cox6c;Selk;Rpl37a;Rps15a;Park7;Rplp1;Rpl28;Naca;Rpl24;Dynll2;Rpl13;Ndufa7;Atp5j;Rpl35;Rpl23;Prdx1;Psma7;Nedd8;Rps8;Eif5a;Rps18;Rpl36;Rpl18a;Atp6v1g1;Chchd2;Ndufb3;Rps27l;Rps10;Ndufc1;Psmb1
celltype_specific,Podo,ward,4,35,0.2677048053828561,Podxl;Sema3g;Col4a3;Ptpro;Thsd7a;Itgb5;Col4a4;Nphs2;Nphs1;Timp3;Vegfa;Npnt;Golim4;Itgb1;Dpp4;App;Col18a1;Dag1;Tmem150c;Bcam;Efnb1;Tmbim6;Mgat5;Robo2;Col1a2;Pros1;Npr3;Ackr3;Lamb2;Wls;Atp1a1;Sema3e;Serinc3;Canx;Fat1
celltype_specific,Podo,ward,5,7,0.2595919495327873,Fxyd2;Miox;Aldob;Gpx1;Ldhb;Hrsp12;Gatm
celltype_specific,Podo,ward,6,40,0.2440397586040449,Rasl11a;Vim;Ptma;Actg1;Nap1l1;Eif3m;Rps3;Rps13;Anxa1;Ptms;Tubb2a;Aldoa;Rpl3;Rps3a1;Dynll1;Ubl5;Rpl19;Shfm1;Mtch1;Arf1;Vdac1;Rps17;Rpl6;Foxd1;Pomp;Rab3b;Cfl1;Rbx1;Chmp5;Edf1;Rpl4;Psmb3;Fis1;Eif4a1;Myl12b;Gnai2;Atp6v1f;BC031181;Ubxn1;Rpl31
celltype_specific,Podo,ward,7,32,0.23711858188105212,Nupr1;Rps12;Smdt1;Cox7a2;Cyb5a;Slc9a3r2;Tpt1;Slc25a3;Rpl12;Rps24;Gabarap;Rpl26;Aes;Ndufa5;Uqcrh;Rpl38;Rps20;Atp5j2;Ywhae;Rpl22l1;Rps4x;Eif1;Eml2;Rpl5;Serbp1;Fau;Rps2;Ift20;Tubb2b;Mpc1;Rpl36a;Mrpl33
celltype_specific,Podo,ward,8,19,0.22215823351832006,S100a10;Hist1h2bc;Hspa8;Hmgb1;Gnb2l1;Atp5g1;Ndufb11;Ndufb10;Ndufb8;Rpl10a;Glo1;Cox6b1;Rps15;Txn1;Hoxc8;Ostf1;Psmc3;Hmgn1;Sumo1
celltype_specific,Podo,ward,9,22,0.20728210031984623,Malat1;Kcnq1ot1;Xist;Magi2;Neat1;Wt1;Srgap1;Rhpn1;2010111I01Rik;Ddx5;Actn4;Rsrp1;Erdr1;Srrm2;Mat2a;Tuba1b;Dach1;Luc7l2;Mtss1;Nebl;Lpin2;Btg2
celltype_specific,Podo,ward,10,27,0.19533560709459216,Htra1;Cd151;Top1mt;Fam65a;Timp2;Tspan13;St3gal6;Son;Pdia3;Ildr2;Slc31a2;Emp3;Psap;Degs1;Ctsb;Marveld1;Man1a2;Tmed9;Alcam;Ssr4;Tmed10;Sema5a;Spcs1;C1qtnf1;Cpq;Pdpn;P3h2
celltype_specific,aLOH,average,1,10,0.1588226343687799,Gpx3;Miox;Aldob;Gpx1;Akr1a1;Hrsp12;Ttc36;Tmem27;Ndrg1;Gatm
celltype_specific,aLOH,average,2,130,0.15102850756441366,Malat1;Umod;Klk1;Egf;Slc12a1;Cldn10;Wfdc15b;Spp1;Ly6a;Sfrp1;Wfdc2;Ckb;Wnk1;Neat1;Kng2;Atp1a1;Mt1;Lpl;Atp1b1;Sostdc1;Igfbp7;Plau;Slc5a3;Xist;Fxyd2;Itm2b;Atp6v1f;Nudt4;Tmem213;Epcam;Cd63;Defb1;Mal;Gabarapl1;Cd81;Cryab;Pth1r;Actg1;Npy;Cdh16;Atpif1;App;Etnk1;Sec62;Clcnkb;Cst3;Rpl10a;Oxct1;Dst;Ivns1abp;Sdc4;Tmbim6;Hsp90b1;Bsg;Ptger3;Apoe;Ubc;Spint2;Tmem176b;Rabac1;Rpl36a;Atp6v0e;Tmem52b;Kcnj1;Tspan8;Arl6ip1;Tmem176a;Ddx5;Calr;Ppib;Paqr5;Pdzk1ip1;Atp6v1e1;Cyfip2;Tns1;Mgst1;Mt2;Slc16a7;Ccnd1;Tmem59;mt-Atp8;Chpt1;Rbm39;mt-Nd4l;Atp6v1a;Erdr1;Sdha;Atp6v0b;Lamp1;Ghitm;Fkbp2;Pkp4;Selm;Cgnl1;Pde1a;Ndufa3;Id2;Hadha;Cd24a;Dad1;Eif5;Ctsd;Ppargc1a;Hspa5;Laptm4a;Hoxd8;Abca13;Psap;Emc6;Gas6;Sptbn1;Efhd1;Wnk4;Arhgap5;Ezr;Rsrp1;Kcnj16;Tfcp2l1;Mfsd4;Hibadh;Ctnna1;Me3;Hagh;Mrpl20;Aplp2;Tfap2b;Ggt1;Tecr;Zbtb20;Tmem72
celltype_specific,aLOH,average,3,6,0.1311713186752216,Actb;Txnip;Btf3;Rbx1;Hnrnpk;Serbp1
celltype_specific,aLOH,average,4,320,0.12560778190460087,Mrps6;H3f3b;Cystm1;Mpc1;Gm42418;Ndufb4;Mgst3;Ybx1;Ppp1r1a;Ndufb10;Ndufs6;Cox6a1;Cox7b;Cycs;Bag1;Mif;Rpl10;Atp5f1;Idh2;Ndufab1;2010107E04Rik;Naca;Ndufc1;Usmg5;Rps2;Prdx1;S100a1;H3f3a;Rpl18a;Ptma;Atp5g3;Pkm;Rps7;Rps15a;Bri3;Rpl34;Oaz1;Slc25a5;Minos1;Ndufa11;Rpl37;Gm8730;Uqcr11;Rps3a1;Rps17;Uqcrb;Uqcrq;Rps19;Mpc2;Pebp1;Ndufa12;Uqcrfs1;Rpl26;Mdh1;Ndufa13;Dbi;Hsp90ab1;Rpl36;Atp5c1;Ndufb11;Rpl3;Atp5j2;Rpl13a;Ndufa2;Rpl35a;Sdhb;Ndufc2;Ndufb8;Ndufa8;Rpl22;Rps26;Ndufa5;Rps12;Uqcr10;Rpl30;Atp5k;Rpl12;2410015M20Rik;Mdh2;Hspa8;Rplp2;Rps27;Rps27a;Slc25a4;Ndufb5;Ndufv2;Aes;Rplp0;Rps23;Sod2;Ndufs7;Rpl39;Gnb2l1;Gng5;Gpx4;Ndufa6;Rps5;Cisd1;Ndufs5;Rpl14;Rps21;Tceb2;Gapdh;Pfdn5;Rpl27a;Rpl18;Ndufa1;Rpl36al;Rpl6;Rps25;Eif1;Rps15;Etfb;Gnas;Edf1;Hint1;Rps4x;Rpl21;Rpl7a;Aldoa;Atp5g1;Smdt1;Rpsa;Rps11;Ndufa7;Rpl38;Cyb5a;Ndufb2;Rps13;Suclg1;Eef2;Rps16;Rps29;Acat1;Rps14;Atp5g2;Scand1;Esd;Ndufs2;Tpi1;Rps6;Fabp3;Eef1b2;1110001J03Rik;Vdac2;Prdx2;Park7;Rpl37a;Aco2;Rpl5;Slc25a3;Rps3;Ndufb6;Atp5o;Ndufs3;Rps9;Rpl35;Uqcrc2;Rps18;Ndufs8;Tspo;Cox7a2;Myl6;Atp5j;Ech1;Rpl7;Rpl8;Uqcrh;Mrpl42;Rpl9;Rpl31;Etfa;Uqcrc1;Cox7a2l;Rpl24;Rps10;Ndufa4;Ndufb9;Atp5l;Rpl17;Gabarap;Fis1;Serf2;Calm1;Ndufb7;Ubb;Ndufb3;Hsp90aa1;Ptms;Eno1;Rpl41;Car2;Mrps24;Shfm1;Atp5d;Cox5a;Rpl28;H2afj;Hspe1;Atox1;Chchd10;Ndufv1;Rpl11;Cox7c;Ndufv3;Ldhb;Fau;Cox6b1;Rpl32;Rps20;Rpl4;Pfn1;Gabarapl2;Ubl5;Eif4a2;Hint2;Timm13;Ndufs4;Glo1;Rpl13;Mrpl12;Chchd2;Ndufa10;Npm1;Plscr2;Rps8;Psma7;Hmgb1;Calm2;Atp5e;Acadm;Gm10709;Coa3;Atp5h;Sdhd;Clta;Vdac1;Hspa9;Sec61g;Hadhb;Immt;Tbca;Rpl23;Sumo2;Gpi1;Rpl23a;Ppia;Ddt;Rpl19;Bckdhb;Rps24;Iscu;Atp5a1;Psmb5;Phyh;Atp6v1g1;Cox5b;Eef1g;Timm8b;Prdx5;Acadl;Eef1d;Oat;Dstn;Higd2a;Ppp1r1b;D8Ertd738e;Txn1;Rplp1;S100a11;0610012G03Rik;Atp5b;Mcee;Mrps14;Tax1bp1;Ywhae;Aurkaip1;Sub1;Taldo1;Lamtor2;Pnkd;Tma7;Eef1a1;Eif3k;Nop10;Tomm7;Hcfc1r1;Jund;Hspd1;Camk2n1;Mrpl34;Zfp706;Gm10260;Mrpl30;Swi5;Mrps21;Krt7;Tomm20;Cfl1;Bola3;Cstb;Myl12a;Nedd8;Mrpl51;Eif3f;Mrfap1;1700011H14Rik;Acot13;Cox6c;Idh3g;Echs1;Mrps16;Srp14;Polr1d;Eif3h;2700060E02Rik;Idh3b;Fdx1;Rab3ip;Hmgn1
celltype_specific,aLOH,ward,1,14,0.35886426975328,Umod;Egf;Slc12a1;Kng2;Lpl;Plau;Slc5a3;Etnk1;Dst;Kcnj1;Slc16a7;Abca13;Mfsd4;Tmem72
celltype_specific,aLOH,ward,2,12,0.34742729063961125,Klk1;Sfrp1;Wnk1;Fxyd2;Pth1r;Clcnkb;Tmem52b;Atp6v1a;Hoxd8;Kcnj16;Tfcp2l1;Ggt1
celltype_specific,aLOH,ward,3,7,0.3379363517040678,Malat1;Neat1;Xist;Ddx5;Rbm39;Erdr1;Rsrp1
celltype_specific,aLOH,ward,4,14,0.24495570291770277,Spp1;Ly6a;Wfdc2;Mt1;Sostdc1;Tmem213;Mal;Mgst1;Mt2;Selm;Emc6;Efhd1;Me3;Tfap2b
celltype_specific,aLOH,ward,5,35,0.24017924308081642,Atp1a1;Atp1b1;Igfbp7;Itm2b;Epcam;Cd63;Cd81;Cdh16;App;Sec62;Cst3;Sdc4;Tmbim6;Hsp90b1;Bsg;Spint2;Tmem176b;Rabac1;Atp6v0e;Tspan8;Arl6ip1;Tmem176a;Calr;Ppib;Tmem59;Atp6v0b;Lamp1;Fkbp2;Dad1;Ctsd;Hspa5;Laptm4a;Psap;Aplp2;Tecr
celltype_specific,aLOH,ward,6,54,0.2242330385841623,Ndufb4;Ybx1;Ppp1r1a;Ndufb10;Cox7b;Cycs;Atp5f1;Ndufab1;2010107E04Rik;Usmg5;Atp5g3;Slc25a5;Uqcr11;Uqcrb;Uqcrfs1;Mdh1;Dbi;Atp5c1;Atp5j2;Sdhb;Uqcr10;Atp5k;Slc25a4;Ndufv2;Ndufs7;Ndufa6;Cisd1;Ndufs5;Etfb;Atp5g1;Slc25a3;Atp5o;Cox7a2;Atp5j;Uqcrh;Ndufa4;Ndufb9;Atp5l;Ndufb7;Atp5d;Cox5a;Chchd10;Cox7c;Ldhb;Cox6b1;Chchd2;Atp5e;Atp5h;Ppia;Atp5a1;Cox5b;Prdx5;Atp5b;Cox6c
celltype_specific,aLOH,ward,7,6,0.1949955158995556,Cryab;Npy;H1f0;Timp3;H2-D1;Ctsl
celltype_specific,aLOH,ward,8,54,0.18013022562250403,Rpl10;Naca;Ptma;Rps7;Rps15a;Rpl10a;Rpl37;Rps3a1;Rps17;Rps19;Rpl26;Rpl13a;Rpl35a;Rpl22;Rps26;Rps12;Rpl30;Rps27a;Rps23;Gnb2l1;Rps5;Rpl14;Rpl27a;Rpl18;Rps15;Rps4x;Rps11;Rps13;Rps16;Rps29;Rps14;Esd;Rps6;Eef1b2;Rpl37a;Rpl36a;Rpl5;Rps9;Rps18;Rpl7;Rpl8;Rpl9;Rpl24;Rps10;Rpl17;Rpl41;Rpl11;Rps20;Rpl13;Rps8;Rpl23;Rpl19;Rps24;Gm10260
celltype_specific,aLOH,ward,9,12,0.1438822653774565,Gpx3;Miox;Aldob;Gpx1;Akr1a1;Hrsp12;Scp2;Ttc36;Tmem27;Ndrg1;Ftl1;Gatm
celltype_specific,aLOH,ward,10,57,0.1357256754745897,Mpc1;Mgst3;Ndufs6;Cox6a1;Bag1;Mif;Idh2;Ndufc1;Oaz1;Ndufa11;Uqcrq;Mpc2;Ndufa12;Ndufa13;Ndufb11;Ndufc2;Ndufb8;Ndufa5;2410015M20Rik;Hspa8;Ndufb5;Aes;Ndufa1;Rpl7a;Smdt1;Ndufa7;Ndufb2;Acat1;Atp5g2;Scand1;Fabp3;1110001J03Rik;Prdx2;Uqcrc2;Ndufs8;Myl6;Ech1;Mrpl42;Gabarap;Ndufv3;Ndufs4;Psma7;Sdhd;Hadhb;Tbca;Rpl23a;Iscu;Acadl;Hadha;Acaa2;Cd24a;Pnkd;Hcfc1r1;Camk2n1;Mrpl34;Swi5;Idh3g
shared_global_gt_hvg,ALL_PRIMARY,average,1,480,0.011257133140035794,Ren1;Hbb-bt;Mgp;Hba-a2;Akr1b3;Myl9;Hba-a1;S100a9;Sparcl1;Ccl2;Cd74;Tagln;Npy;Tpm2;Myh11;Fxyd4;Acta2;Ly6d;Cald1;Hbb-bs;S100a6;Kap;Rgs5;Lypd2;Slc12a1;Tpm1;Fst;RP23-306P12.3;Mpeg1;RP24-350A15.6;Atp6v1g3;Cryab;Aqp2;Crip1;Napsa;C3;Mylk;Aadat;Nupr1;Ubd;H2-Eb1;Gng11;Cxcl10;F13a1;Mustn1;Sncg;Crispld2;Akr1b7;Umod;She;Angpt2;Pecam1;Clnk;Slamf7;Bin2;Ccl5;Fcgr4;Mpv17l;Lyz2;Ptn;Hopx;Dcn;Bst1;Rasal3;Krt19;Ttr;Gm12840;Smoc2;4930556M19Rik;Tm4sf1;Sfrp2;Aqp3;Rgcc;H2-Aa;Igfbp3;Cd300ld;Slc7a12;Flna;Ppp1r14a;Hsd11b2;Oas1a;Pla2r1;H2-T24;Bgn;Tifab;Wfdc17;Siglece;Ccl9;Ccr2;Aif1;Egf;Vim;Ctla2a;Ndufa4l2;BC030343;Ptgds;Tyrobp;Gm13889;Lrrc25;Klk1b21;Ecm1;Fabp4;Fam78b;Stac3;Wnk1;Clec4a3;Slc12a3;Coro2b;Mest;Cbfa2t3;Klkb1;Syt15;Serpina1b;Stx1a;AI607873;Ddx60;Ccl4;Fetub;Gbp2b;Was;Ctgf;Iigp1;Pvalb;Ifi27l2a;Mndal;Lbp;Aqp1;Gzma;Myct1;Ube2c;Zc3h12d;Cnn1;Adcy7;AI839979;Clu;Cfh;Dchs1;Sfrp1;Aqp6;Kcng2;Scd1;Ankrd1;Pot1b;Zfp583;Defb1;Lrrc8e;C1qb;Tenm3;Csf2rb;Ifit1;Hist1h4c;Sox17;Calb1;Ebf1;B3gnt5;Cd79a;Wfdc15b;Sobp;Clmp;Pf4;P2rx7;Fbln5;Gm9885;C1qa;Fcgr1;Snhg11;Nxph3;Ifit3b;Apela;Ch25h;Pln;Stab1;Abi3bp;B3galt2;Bend4;Arl5c;Sult2a3;C1qc;Slfn8;Atp8a2;Arap3;Tmsb4x;Layn;Phf11b;Pirb;Ptp4a3;Cdc20;Lepr;Sema3d;H2-Ab1;Trim62;Mmp2;Aqp4;Pgam2;Rab30;Elmo1;Tnfaip8l2;Gpihbp1;Plvap;Cdk1;Themis2;H2-Oa;Csrp1;Lsp1;Gja5;Eya2;Ier3;1810011H11Rik;Cercam;Olfml3;Nrgn;F630028O10Rik;Col1a2;Tyro3;Pcp4;Crkl;Rab3b;Sostdc1;Slc7a5;Erg;Sox18;Mir155hg;Kdr;Naalad2;Slc15a3;Mctp2;Cx3cr1;Hck;Dennd2a;Gm42418;Ifi204;Laptm5;Rph3a;Evi2a;Il1b;Xist;Mettl7a2;Rsad2;S1pr1;Ephb1;Lypd1;Slc22a7;Hepacam2;Hhex;Gm17435;Ttc9;Mef2c;Cytl1;Hdc;Nes;5830473C10Rik;Hspb1;Col14a1;Igfbp5;Wtip;Ifitm3;Sash3;C3ar1;Igf1;Plcl2;Clec4b1;Slamf8;Icam2;Slco1a6;Tmsb10;Adamts5;Sema3e;Rac2;Ckb;Kcnj8;Scimp;Cldn5;Egr1;Tmem54;Sla;Pdzd4;Steap3;Ccdc17;Krt18;Apoc1;Msx1;Hcls1;Il33;Vcam1;Fbln2;Akap12;Tcf21;Pmp22;Sp140;Isg15;Clspn;Dmrt2;Fxyd1;Gm7120;Ccl6;Sptssb;Cyth4;Spdl1;Cyp2f2;Hsd11b1;Ccdc96;Npnt;Foxd1;Itih5;9530077C05Rik;AU020206;Slc5a3;Hmha1;Sparc;Colec12;Sfmbt2;Sp110;Nphs2;Filip1l;Mmd2;Ccl12;Igfn1;Dnase1l3;4930427A07Rik;Nccrp1;Snap91;Meg3;Lcp2;St3gal5;Plat;Socs3;Cyp1a1;Tie1;Gm26534;Meox1;Spink12;Rarres2;St8sia4;Gm43403;Serpina1d;Slc43a3;Traf1;Pi16;Sema3g;Egfl7;Emcn;Pkn3;Dnm1;Slc4a11;Rergl;Gpx1;Rgs10;Gata5;Mfng;Flt4;Prkcdbp;Robo4;Tgfbi;Klk1b27;Ubxn11;Nlgn2;Fam181b;Spink6;Acy1;Hapln3;Egfros;Mob3a;Arhgef15;Fut10;Emp3;Tmem100;Gm26917;Rasl11a;Alas2;Pdgfrb;Ushbp1;Clic3;Akr1c18;Thsd7a;Ccdc85a;Tmem204;Gm28523;Cd72;Palmd;Nipa1;Basp1;Kcne1;Dlgap5;Cct6b;Pltp;Fn1;Serpina1f;1700003E16Rik;Gbp5;Ifitm1;Dll4;Shisa3;Hist2h3c2;Uncx;Col6a2;Lgals3;Ighm;Cenpp;Tdrd5;Synpo;Corin;Smim10l2a;Krt7;Calml3;Tldc1;Calcr;Syt7;Gm17115;Wnt9a;Podxl;S100g;Itpr3;Micall2;Serpinb6b;Fam111a;Chst13;Oas2;Plet1;H1fx;Pcdh18;Fos;Slc6a18;Kcnq1ot1;Spidr;Serpine2;Des;Cd248;Fxyd5;Tmem74b;Ovca2;Slc26a10;Pcp4l1;Cd48;Tbck;Ltc4s;Marcks;Sh2d1b1;Ecscr;Wt1;Lockd;Robo2;P2ry14;Piezo2;Npr3;Polh;Arl11;Ly6c1;BC021614;Kif13b;Zfp114;Hspa1b;Zfp109;Lrp11;Flt1;Slamf9;Lbh;Rasd1;Eng;A930011G23Rik;Anks1b;Inhbb;Tshz2;Spata17;Slc22a19;AA467197;Mep1b;Tubg2;Ppp1r1a;Ctss;Gm15420;Ptprr;Spink8;Nckap1l;Lmo2;Apol10b;Serpinf1;Zfhx3;Emilin2;Jag2;Sgk1
