col_key,Sample,Cell_type,Status,n_cells
col0,GSM7062715_Bulk_iMGL_D0_rep1,"Activated, proliferative cells",D0,96
col1,GSM7062715_Bulk_iMGL_D0_rep1,"Homeostatic, immediate-early cells",D0,96
col2,GSM7062715_Bulk_iMGL_D0_rep1,"Activated, non-proliferative cells",D0,166
col3,GSM7062715_Bulk_iMGL_D0_rep1,Myeloid progenitor cells,D0,39
col5,GSM7062716_Bulk_iMGL_D0_rep2,"Activated, proliferative cells",D0,101
col6,GSM7062716_Bulk_iMGL_D0_rep2,"Homeostatic, immediate-early cells",D0,93
col7,GSM7062716_Bulk_iMGL_D0_rep2,"Activated, non-proliferative cells",D0,168
col8,GSM7062716_Bulk_iMGL_D0_rep2,Myeloid progenitor cells,D0,34
col10,GSM7062717_Bulk_iMGL_D0_rep3,"Activated, proliferative cells",D0,105
col11,GSM7062717_Bulk_iMGL_D0_rep3,"Homeostatic, immediate-early cells",D0,89
col12,GSM7062717_Bulk_iMGL_D0_rep3,"Activated, non-proliferative cells",D0,169
col13,GSM7062717_Bulk_iMGL_D0_rep3,Myeloid progenitor cells,D0,35
col15,GSM7062718_Bulk_iMGL_D1_rep1,"Activated, proliferative cells",D1,162
col16,GSM7062718_Bulk_iMGL_D1_rep1,"Homeostatic, immediate-early cells",D1,63
col17,GSM7062718_Bulk_iMGL_D1_rep1,"Activated, non-proliferative cells",D1,157
col20,GSM7062719_Bulk_iMGL_D1_rep2,"Activated, proliferative cells",D1,168
col21,GSM7062719_Bulk_iMGL_D1_rep2,"Homeostatic, immediate-early cells",D1,63
col22,GSM7062719_Bulk_iMGL_D1_rep2,"Activated, non-proliferative cells",D1,152
col25,GSM7062720_Bulk_iMGL_D1_rep3,"Activated, proliferative cells",D1,176
col26,GSM7062720_Bulk_iMGL_D1_rep3,"Homeostatic, immediate-early cells",D1,60
col27,GSM7062720_Bulk_iMGL_D1_rep3,"Activated, non-proliferative cells",D1,150
col30,GSM7062721_Bulk_iMGL_D2_rep1,"Activated, proliferative cells",D2,173
col31,GSM7062721_Bulk_iMGL_D2_rep1,"Homeostatic, immediate-early cells",D2,67
col32,GSM7062721_Bulk_iMGL_D2_rep1,"Activated, non-proliferative cells",D2,152
col35,GSM7062722_Bulk_iMGL_D2_rep2,"Activated, proliferative cells",D2,172
col36,GSM7062722_Bulk_iMGL_D2_rep2,"Homeostatic, immediate-early cells",D2,67
col37,GSM7062722_Bulk_iMGL_D2_rep2,"Activated, non-proliferative cells",D2,151
col40,GSM7062723_Bulk_iMGL_D2_rep3,"Activated, proliferative cells",D2,174
col41,GSM7062723_Bulk_iMGL_D2_rep3,"Homeostatic, immediate-early cells",D2,65
col42,GSM7062723_Bulk_iMGL_D2_rep3,"Activated, non-proliferative cells",D2,153
col45,GSM7062727_Bulk_iMGL_D4_rep1,"Activated, proliferative cells",D4,128
col46,GSM7062727_Bulk_iMGL_D4_rep1,"Homeostatic, immediate-early cells",D4,82
col47,GSM7062727_Bulk_iMGL_D4_rep1,"Activated, non-proliferative cells",D4,188
col49,GSM7062728_Bulk_iMGL_D4_rep2,"Activated, proliferative cells",D4,123
col50,GSM7062728_Bulk_iMGL_D4_rep2,"Homeostatic, immediate-early cells",D4,90
col51,GSM7062728_Bulk_iMGL_D4_rep2,"Activated, non-proliferative cells",D4,186
col53,GSM7062729_Bulk_iMGL_D4_rep3,"Activated, proliferative cells",D4,125
col54,GSM7062729_Bulk_iMGL_D4_rep3,"Homeostatic, immediate-early cells",D4,88
col55,GSM7062729_Bulk_iMGL_D4_rep3,"Activated, non-proliferative cells",D4,187
