"gene","cluster"
"ABCC4",1
"ABCE1",2
"ABI2",2
"ABI3",2
"ACAT2",2
"ACOT7",1
"ACP1",1
"ACP5",3
"ACTB",2
"ACTL6A",1
"ACTR3",2
"ADAM10",1
"ADAP2",2
"ADCK2",2
"AKR1B1",2
"AKR7A2",2
"ALCAM",2
"ALDH2",1
"ALOX5AP",2
"ALYREF",1
"ANAPC11",1
"ANKH",2
"ANKRD39",2
"ANLN",1
"ANP32B",1
"ANP32E",1
"AP1S2",2
"AP2S1",2
"APEX1",2
"APRT",2
"ARF3",2
"ARHGAP11A",1
"ARHGAP24",1
"ARPC2",2
"ARPC5L",2
"ASAH1",3
"ASF1B",1
"ASGR2",2
"ASPH",1
"ATAD3A",1
"ATAD5",1
"ATIC",2
"ATP1A1",2
"ATP2B1",2
"ATP6AP1",3
"ATP6AP2",2
"ATP6V0E1",3
"ATP6V1B2",3
"ATP6V1F",3
"ATXN10",2
"AURKA",1
"B2M",3
"BAG2",2
"BANF1",1
"BARD1",1
"BAX",2
"BAZ1B",1
"BCL2A1",3
"BCL2L12",1
"BCL7C",2
"BCLAF1",1
"BID",2
"BOLA3",2
"BOP1",1
"BRCA2",1
"BRI3",1
"BRI3BP",1
"BRIX1",1
"BTF3",2
"BTG3",1
"BUB3",1
"BZW1",1
"BZW2",2
"C12orf75",2
"C19orf38",1
"C19orf48",1
"C19orf70",2
"C1QB",2
"C1QBP",2
"C21orf58",1
"C5AR1",3
"CA2",2
"CACYBP",2
"CALHM2",2
"CALM2",1
"CALR",1
"CAMK1",2
"CAMTA1",2
"CARHSP1",1
"CBX1",1
"CBX3",1
"CBX5",1
"CCDC167",1
"CCDC18",1
"CCDC50",2
"CCDC85B",2
"CCNB1",1
"CCNB2",1
"CCT2",2
"CCT3",2
"CCT4",1
"CCT5",1
"CCT6A",2
"CCT7",1
"CCT8",2
"CD164",1
"CD180",2
"CD1E",2
"CD37",1
"CD44",1
"CD46",1
"CD52",1
"CD68",3
"CD99",2
"CDA",1
"CDC123",2
"CDC20",1
"CDK2AP2",1
"CDKN3",1
"CDT1",1
"CEBPB",3
"CEBPD",3
"CENPE",1
"CENPF",1
"CENPK",1
"CENPM",1
"CENPN",1
"CENPP",1
"CENPU",1
"CENPW",1
"CEP55",1
"CEP78",1
"CES1",3
"CFD",3
"CFL1",2
"CHAF1A",1
"CHEK1",1
"CHI3L1",1
"CISD1",2
"CKAP2",1
"CKAP5",1
"CKLF",2
"CKS1B",1
"CLEC11A",1
"CLNS1A",1
"CLPP",2
"CLSPN",1
"CLTB",2
"CMSS1",1
"COA1",1
"COL4A3BP",1
"COPS3",2
"COTL1",2
"COX20",1
"COX5A",2
"COX6C",2
"COX7B",2
"COX8A",1
"CPVL",3
"CRELD2",1
"CSE1L",1
"CSF1R",2
"CSF3R",3
"CSNK2B",1
"CSTA",1
"CTNNAL1",1
"CTSD",3
"CTSS",3
"CX3CR1",2
"CXADR",2
"CXCL1",3
"CXCL8",1
"CXCR3",2
"CXXC5",2
"CYB5B",1
"CYC1",2
"CYCS",2
"CYP27A1",3
"DACT3",2
"DAZAP1",1
"DBF4",1
"DCK",1
"DCPS",2
"DCTPP1",2
"DCXR",1
"DDB2",1
"DDOST",2
"DDX21",2
"DDX39A",1
"DEK",1
"DEPDC1",1
"DERL3",1
"DHCR24",1
"DHRS7",3
"DHX15",1
"DHX9",1
"DKC1",1
"DMXL2",1
"DNAJC21",1
"DNAJC9",1
"DNMT1",1
"DOK3",1
"DPYSL2",2
"DRAP1",2
"DTYMK",1
"DUT",1
"EBNA1BP2",1
"EBP",1
"EBPL",1
"ECHS1",2
"EEF1B2",2
"EEF1E1",1
"EIF1",3
"EIF1AX",1
"EIF2S1",1
"EIF2S2",1
"EIF3B",1
"EIF3I",2
"EIF3J",1
"EIF4E",2
"EIF4EBP1",2
"EIF4G1",1
"EIF5A",1
"EIF5B",1
"EMC9",1
"EMP1",3
"ENO1",1
"ENSA",1
"EPB41L2",2
"EPRS",2
"ERH",1
"ETFB",2
"ETV5",2
"EVA1B",3
"EXOSC8",1
"EZH2",1
"EZR",1
"FABP5",2
"FADS1",1
"FAM110B",3
"FAM136A",2
"FAM207A",2
"FANCI",1
"FARSA",1
"FARSB",1
"FASN",1
"FBL",1
"FCGRT",3
"FCN1",1
"FDFT1",1
"FDPS",1
"FFAR4",2
"FH",2
"FIBP",2
"FKBP3",1
"FKBP4",2
"FLNA",1
"FOLR3",1
"FOXM1",1
"FTL",3
"FUCA1",3
"FUS",1
"FUT8",2
"GADD45GIP1",2
"GALK1",2
"GAPDH",1
"GAS6",2
"GCHFR",3
"GCSH",2
"GDI2",2
"GGCT",1
"GGH",1
"GINS2",1
"GLMP",3
"GLO1",2
"GLRX",3
"GLRX5",1
"GMNN",1
"GMPS",1
"GNA15",2
"GNAS",2
"GNG2",2
"GNL3",1
"GNS",3
"GPAA1",1
"GPATCH4",2
"GPR82",2
"GPR84",2
"GPRIN3",2
"GRN",3
"GSN",2
"GSPT1",1
"GTF3A",2
"GTF3C6",2
"GTPBP4",1
"H2AFV",1
"H2AFY",2
"H2AFZ",1
"HACD3",1
"HADH",1
"HADHA",1
"HAT1",1
"HAUS1",1
"HELLS",1
"HERPUD1",2
"HEXA",3
"HINT1",2
"HINT2",1
"HIST1H4C",1
"HLA-DMA",2
"HLA-DQA2",2
"HLTF",1
"HMGA1",1
"HMGB1",1
"HMGB2",1
"HMGCS1",2
"HMGN1",1
"HMGN2",1
"HMGN3",1
"HMGN5",1
"HMMR",1
"HNRNPA1",1
"HNRNPA2B1",1
"HNRNPA3",1
"HNRNPAB",1
"HNRNPC",1
"HNRNPD",1
"HNRNPDL",1
"HNRNPF",2
"HNRNPK",1
"HNRNPM",1
"HNRNPR",1
"HNRNPU",1
"HP",1
"HPGDS",1
"HPRT1",1
"HSP90AA1",1
"HSP90AB1",2
"HSP90B1",1
"HSPA8",2
"HSPA9",2
"HSPB11",1
"HSPD1",2
"HSPE1",2
"HSPH1",1
"HTATSF1",1
"IARS",1
"ICMT",1
"IDH2",1
"IFI30",3
"IFRD2",2
"IGF2R",3
"IKBIP",2
"ILF2",1
"ILF3",1
"IMPA2",1
"IMPDH2",1
"INSIG1",2
"IPO5",1
"IPO7",2
"ITGA4",2
"ITGB1BP1",2
"ITGB3BP",1
"ITGB7",2
"KCNE5",2
"KHDRBS1",1
"KIF22",1
"KIF2A",1
"KIF2C",1
"KIF4A",1
"KNSTRN",1
"KPNA2",1
"KPNB1",1
"KRT18",2
"LAMP2",1
"LAP3",2
"LAPTM4B",1
"LCP2",1
"LDHA",1
"LDHB",1
"LEPROT",3
"LGALS12",2
"LGALS3",1
"LIG1",1
"LILRA2",1
"LINC01094",1
"LINC01235",2
"LITAF",3
"LMNB1",1
"LMNB2",1
"LMO7",1
"LRP1",3
"LRPAP1",1
"LRR1",1
"LSM2",1
"LSM3",1
"LSM4",1
"LSM5",1
"LSM7",1
"LTA4H",1
"LYAR",2
"LYZ",1
"MAD2L1",1
"MAGOHB",1
"MAL",1
"MANF",1
"MARC1",1
"MAZ",1
"MCEMP1",1
"MCM2",1
"MCM3",1
"MCM5",1
"MCM7",1
"MCUR1",2
"MEF2C",2
"METRN",2
"METRNL",2
"MGST1",1
"MIF",1
"MINOS1",2
"MIR4435-2HG",1
"MIS18A",1
"MKI67",1
"MLEC",2
"MMP9",2
"MND1",1
"MNDA",1
"MPC2",2
"MPHOSPH9",1
"MRPL11",2
"MRPL12",2
"MRPL14",2
"MRPL15",2
"MRPL17",2
"MRPL18",1
"MRPL24",2
"MRPL27",1
"MRPL3",2
"MRPL37",1
"MRPL4",2
"MRPL47",2
"MRPL51",1
"MRPL52",1
"MRPS12",2
"MRPS18B",2
"MRPS33",2
"MRPS34",2
"MRTO4",2
"MSH2",1
"MSH6",1
"MSRB1",1
"MVD",1
"MYBPH",2
"MYC",2
"MYL6",1
"MYO19",1
"MZT1",1
"MZT2A",1
"MZT2B",1
"NAA10",1
"NAA38",1
"NABP2",1
"NAP1L1",1
"NAP1L4",1
"NASP",1
"NCAPD2",1
"NCAPD3",1
"NCAPG2",1
"NCF2",1
"NCL",1
"NDC1",1
"NDRG2",2
"NDUFA12",2
"NDUFA4",2
"NDUFAB1",2
"NDUFB11",1
"NDUFB2",2
"NDUFC2",1
"NDUFS5",2
"NDUFS8",1
"NDUFV1",1
"NDUFV2",2
"NEAT1",3
"NEK2",1
"NELFCD",1
"NETO2",1
"NEUROG2",3
"NFE2",1
"NHP2",2
"NIFK",2
"NINJ1",3
"NME1",2
"NME4",2
"NOLC1",1
"NONO",1
"NOP56",1
"NOP58",1
"NPM1",2
"NPM3",2
"NRM",1
"NT5DC2",2
"NUBP2",1
"NUCKS1",1
"NUDC",2
"NUDCD2",1
"NUDT1",1
"NUDT5",2
"NUF2",1
"NUP214",1
"NUP37",1
"NUSAP1",1
"NUTF2",2
"NXT1",2
"OAZ1",1
"ODC1",2
"OGFRL1",2
"OLA1",1
"OLFM2",1
"OLFM4",1
"OLFML3",2
"OLR1",1
"ORC6",1
"OSTC",2
"OTULIN",2
"OXCT1",2
"PA2G4",1
"PAFAH1B3",1
"PAICS",1
"PAK1",2
"PAPPA2",3
"PARK7",2
"PARM1",2
"PARP1",1
"PCNA",1
"PDAP1",1
"PDCD11",1
"PDCD5",2
"PDIA3",1
"PDIA4",1
"PDIA6",1
"PEA15",2
"PEBP1",2
"PFDN2",2
"PFN1",2
"PGAM1",1
"PGK1",2
"PGP",1
"PHB",2
"PHB2",1
"PHF19",1
"PKIB",2
"PKM",2
"PKMYT1",1
"PLA2G7",3
"PLAC8",1
"PLD4",2
"PLEKHO1",2
"PLXDC2",3
"PMVK",2
"PNN",1
"POLD2",1
"POLD3",1
"POLE3",1
"POLR2H",2
"POLR3K",1
"POMP",2
"POP5",1
"POP7",1
"POU2F2",2
"PPA1",2
"PPA2",2
"PPDPF",1
"PPIA",1
"PPIB",2
"PPIH",1
"PPM1G",1
"PPP1R14B",2
"PRC1",1
"PRDX2",2
"PRDX3",2
"PRDX4",2
"PRDX6",2
"PRIM1",1
"PRKAR2B",2
"PRKDC",1
"PRMT1",2
"PRPS1",1
"PRPS2",1
"PRR11",1
"PSIP1",1
"PSMA1",2
"PSMA2",1
"PSMA3",2
"PSMA4",1
"PSMA5",2
"PSMA7",2
"PSMB1",1
"PSMB2",2
"PSMB5",1
"PSMB8",2
"PSMB9",2
"PSMC3",1
"PSMC4",2
"PSMC5",2
"PSMD1",1
"PSMD11",1
"PSMD13",1
"PSMD14",1
"PSMD2",2
"PSME2",1
"PSMG1",1
"PTMA",1
"PTMS",2
"PTTG1",1
"PXMP2",1
"QPCT",1
"RAB31",2
"RAB3D",3
"RABL6",1
"RAD21",1
"RAD23A",2
"RAD51C",1
"RALY",1
"RAN",1
"RANBP1",2
"RAP2A",2
"RASEF",1
"RB1",2
"RBBP7",1
"RBBP8",1
"RBFA",2
"RBM17",1
"RBM8A",1
"RBMX",1
"RBP7",1
"RBX1",1
"RCC1",1
"RCCD1",1
"RECQL",1
"RETN",1
"RFC1",1
"RFC2",1
"RFC4",1
"RGS10",2
"RGS16",2
"RHEB",2
"RHOC",2
"RIF1",1
"RNF149",3
"RNF7",1
"RNPS1",1
"ROR1",3
"RRS1",2
"RUNX3",2
"S100A11",1
"S100A6",1
"S100A8",1
"S100B",2
"SAC3D1",1
"SACS",1
"SAE1",1
"SAMM50",2
"SAPCD2",1
"SAT2",3
"SDCBP",3
"SDF2L1",1
"SEPT2",1
"SEPT7",2
"SERBP1",2
"SET",1
"SF3A3",1
"SFPQ",1
"SFXN1",1
"SHCBP1",1
"SHMT2",1
"SIVA1",1
"SKA2",1
"SLBP",1
"SLC11A1",1
"SLC12A5",2
"SLC16A1",2
"SLC1A4",2
"SLC1A5",1
"SLC25A3",2
"SLC25A39",2
"SLC25A5",2
"SLC29A1",2
"SLC38A1",2
"SLC39A8",1
"SLC7A5",2
"SLC7A7",1
"SLIRP",2
"SLPI",1
"SMARCB1",1
"SMARCC1",1
"SMC1A",1
"SMC2",1
"SMC3",1
"SMC4",1
"SNRNP25",1
"SNRNP40",1
"SNRPA",1
"SNRPA1",1
"SNRPB",1
"SNRPD1",1
"SNRPD2",1
"SNRPD3",1
"SNRPE",1
"SNRPF",1
"SNRPG",1
"SNU13",2
"SNX10",1
"SNX27",3
"SOD1",1
"SORL1",1
"SP6",2
"SPATS2L",2
"SPCS2",2
"SPDL1",1
"SPINT2",1
"SQSTM1",3
"SRA1",2
"SRM",2
"SRP72",2
"SRP9",1
"SRRM1",1
"SRRT",1
"SRSF10",1
"SRSF2",1
"SRSF3",1
"SRSF7",1
"SRSF9",2
"SSBP1",2
"SSR1",2
"SSRP1",1
"STK17A",2
"STMN1",1
"STOML2",1
"STXBP2",1
"SUB1",2
"SUMO2",1
"SUMO3",2
"SUPT16H",1
"SUSD3",2
"SUZ12",1
"SYNCRIP",1
"TACC3",1
"TACSTD2",2
"TAGLN2",1
"TCEA1",1
"TCF19",1
"TCF4",2
"TCOF1",1
"TCP1",1
"TECR",1
"TEX30",1
"TFDP1",1
"TGFBI",2
"THRAP3",1
"TIMELESS",1
"TIMM10",1
"TIMM13",2
"TIMP1",2
"TIMP2",3
"TIPIN",1
"TJP1",2
"TLR10",2
"TMEM109",1
"TMEM14B",2
"TMEM14C",2
"TMEM160",1
"TMEM97",2
"TMPO",1
"TMSB10",2
"TOMM22",2
"TOMM34",1
"TOP2A",1
"TOPBP1",1
"TPD52",2
"TPGS2",1
"TPI1",2
"TPM3",1
"TPM4",2
"TPR",1
"TPRKB",1
"TPTE",3
"TPX2",1
"TRA2B",1
"TRIM28",1
"TSPO",1
"TSR1",2
"TTF2",1
"TUBA1A",1
"TUBA1B",1
"TUBA1C",1
"TUBB",1
"TUBB4B",1
"TUBG1",1
"TUFM",2
"TXN2",2
"TXNL4A",2
"TYMS",1
"TYROBP",3
"UBA2",1
"UBE2C",1
"UBE2I",1
"UBE2N",1
"UBE2T",1
"UCHL3",2
"UCHL5",1
"UCK2",1
"UCP2",2
"UHRF1",1
"UQCC2",1
"UQCR10",2
"UQCRC1",1
"UQCRH",2
"UQCRQ",1
"USP1",1
"VARS",2
"VAT1",3
"VCP",1
"VDAC1",2
"VDAC2",2
"VDAC3",1
"VPS29",2
"VRK1",1
"WDR18",2
"WDR76",1
"WLS",1
"XPO1",1
"XRCC5",1
"XRCC6",1
"YBX1",2
"YBX3",2
"YDJC",1
"YEATS4",1
"YWHAE",2
"YWHAH",1
"YWHAQ",1
"ZC3H15",2
"ZFP36L1",2
"ZFP36L2",1
"ZNF714",1
"SNX5",1
"DNAJB11",1
"S100A9",1
"ORM1",1
"NDUFB8",2
"TRAP1",1
"HSD17B14",3
"TAX1BP1",3
"ARL6IP4",1
"PNO1",1
"BIRC5",1
"TMA7",1
"TAF15",1
"CREG1",3
"CD1C",2
"HIST1H1E",1
"ZDHHC12",1
"DDX54",2
"SCPEP1",2
"STIP1",1
"FCER1G",3
"APLP2",1
"AGPAT5",1
"COA4",2
"AGTRAP",3
"RWDD1",2
"PPP1CA",1
"RBMS2",1
"CMC2",1
"SLC4A7",2
"UBE2L3",2
"NOP14",2
"GAS2L3",2
"DCUN1D5",2
"ARHGAP9",2
"DNPH1",2
"CD3EAP",2
"GAMT",1
"LPXN",2
"HMGXB4",1
"COX6A1",2
"CPED1",2
"POLE4",1
"PRDX1",2
"NT5C",2
"MDH2",2
"THOC3",1
"TARS",1
"HDAC3",2
"H2AFX",1
"SEMA4C",2
"GOT1",2
"ADAM15",1
"RUVBL1",1
"CD86",2
"ALDH16A1",1
"CBR1",2
"DNAJC15",2
"LIMA1",2
"PALD1",2
"G3BP1",1
"GPX4",3
"CAND1",1
"CDCA3",1
"MRPL16",1
"RASGRP3",2
"KCNK17",1
"MAGEF1",1
"SPCS1",2
"NDUFA6",1
"RDH11",2
"HNRNPH3",1
"ST14",2
"CCDC124",1
"LRRK2",1
"MRPS23",2
"KHSRP",1
"NAA50",1
"UQCC3",1
"ALG8",1
"GMPPB",1
"EXOSC9",1
"NIT2",2
"CHRM3",1
"PCBD1",2
"CXCR4",1
"TADA3",2
"NAE1",1
"GSS",1
"HNRNPA0",1
"SF3B4",1
"CKS2",1
"ARL3",1
"MRPS26",2
"CST3",2
"APOO",2
"SSB",2
"BRK1",2
"NPL",3
"BAG1",2
"UPP1",1
"AIMP2",2
"AHCY",2
"PRADC1",2
"MGAT4A",1
"GALM",2
"SERPINB1",1
"RAC2",1
"UBTF",1
"TXNIP",1
"ARRDC2",1
"IDH3A",2
"MS4A4A",2
"NCEH1",1
"ACY3",2
"PDCL3",2
"TNF",2
"RRM2",1
"PAPSS1",1
"PADI4",1
"PHPT1",2
"MRPL1",1
"NPC2",3
"BNIP3L",1
"DNAJC1",1
"RANGAP1",1
"CEP152",1
"MYCBP",1
"TPT1",1
"PDLIM1",2
"FUT7",1
"PABPC4",2
"PNP",1
"RNF145",2
"JUND",1
"ZNF618",2
"UBL3",3
"ARPC1A",2
"EID1",1
"EIF3A",1
"KCNE1",3
"PSMD7",1
"NOP16",2
"TCERG1",1
"LARS",1
"AURKAIP1",2
"MRPL13",2
"SERPINB10",1
"SMARCA5",2
"PPP5C",1
"HMOX1",3
"FADS2",1
"IMP4",2
"ATPAF1",1
"CCR6",2
"DNASE2",3
"MRPS16",1
"DDT",1
"SEC62",1
"UQCRFS1",2
"CCAR1",1
"MAD2L2",1
"HNMT",3
"SUMO1",2
"ANXA1",1
"HDGF",1
"TMED2",2
"FOS",1
"ANOS1",3
"IER3",1
"SEC61B",2
"THOP1",1
"HRAS",2
"APH1B",3
"APPL1",1
"PDCD6",2
"ATXN1",1
"HDLBP",1
"HMBS",2
"KDELR2",2
"PSMD8",2
"RMI1",1
"MRPS21",1
"GLRX3",2
"GPN3",2
"HTRA1",2
"NOP10",3
"MPP1",1
"RSL1D1",2
"SF3B6",1
"MRPL20",1
"P2RY6",2
"TMEM258",1
"SNRPC",2
"GABRE",1
"SRD5A3",2
"EIF3M",1
"HIVEP3",2
"AKIP1",2
"NFAM1",1
"EIF3D",2
"ARF6",1
"MRPS15",2
"OTOA",3
"ATAD2",1
"TRIM26",2
"TK1",1
"CASP8AP2",1
"THOC7",1
"PON2",2
"ITGB2-AS1",2
"C12orf45",2
"BICD1",2
"POLR3H",2
"AHCYL1",2
"IVNS1ABP",2
"DGAT2",1
"GPAT3",2
"ACAT1",1
"CORO1A",2
"CTCF",1
"SIGMAR1",1
"STX3",1
"MLH1",1
"TOP1",2
"MMAB",2
"HAUS8",1
"RNF13",3
"PSMB6",2
"SLC2A4RG",1
"CCPG1",3
"NCAPH2",1
"FAM78A",1
"MRPL48",1
"PLP2",1
"ATP2A2",2
"SOWAHD",1
"CYFIP2",1
"GRWD1",2
"HAUS2",1
"ELAVL1",1
"CTSB",3
"ASCC3",2
"CCDC25",2
"RUSC1",1
"CALM1",2
"ATOX1",3
"CDCA5",1
"MANBA",3
"KLF2",1
"FYTTD1",2
"SNRNP70",1
"CTNND1",2
"TWISTNB",1
"HDAC2",1
"EXOSC5",2
"SLC24A4",1
"LAGE3",2
"APH1A",2
"LRRC59",1
"ARL6IP1",1
"ABTB1",3
"HMGB3",1
"EDNRA",2
"GNAI1",2
"ILKAP",1
"CYSTM1",3
"RBBP4",1
"PRAM1",1
"LST1",3
"ATP6V0D1",3
"TRIM13",2
"REXO2",2
"UBE2M",1
"HNRNPUL1",1
"COMMD4",1
"FCGR3A",3
"LAS1L",1
"LAMP1",1
"SF3B3",1
"KIF20A",1
"MOB3B",2
"GPX3",1
"SEPHS1",1
"MEF2A",2
"SCLT1",1
"GOT2",2
"SURF6",2
"BIN1",2
"PPT1",3
"SOCS6",2
"LAMTOR2",2
"SMC6",1
"PCMTD1",1
"RAE1",2
"CDK4",1
"IRF2BPL",2
"KIF1BP",1
"CDK6",1
"FAM111A",1
"LGALS1",2
"LEO1",1
"HNRNPA1P48",1
"ISOC2",2
"NDUFB10",2
"PRPF19",1
"PTBP1",1
"MRC2",2
"NUP88",1
"A2M",2
"PUF60",1
"SRSF1",1
"TIMM8B",1
"PHGDH",1
"CERS4",3
"CISD2",2
"FCGR3B",3
"AURKB",1
"MCTS1",1
"RRP36",2
"PRPF4",1
"NDUFA8",2
"ST3GAL1",3
"MEA1",1
"CCDC47",2
"MRPL57",1
"PPP1R12A",1
"COPB1",2
"NACA",3
"SEC11C",2
"LSM6",1
"KCNK6",1
"MCM6",1
"RTN1",2
"CTTNBP2",1
"SIRPB2",1
"LY86",2
"DAZAP2",1
"AIFM1",2
"C8orf33",2
"TSEN15",1
"SQLE",1
"LYRM7",1
"PRPF40A",1
"ANAPC5",1
"RCN2",1
"MAPK14",3
"ATP6V0A1",3
"OSBPL8",2
"FAF1",1
"MEGF9",1
"KIF23",1
"CORO2A",1
"SRSF11",1
"USP14",1
"ETHE1",2
"NET1",1
"DSC2",1
"PTPN13",2
"JUNB",1
"C1orf35",1
"ULK1",1
"LTV1",2
"MGME1",1
"CEBPZ",2
"WBP11",1
"ZNF438",3
"PHAX",1
"MAFB",3
"HNRNPH1",1
"EIF3G",2
"PLD1",1
"FST",1
"TMED10",2
"HSD17B10",1
"MRPL23",2
"MYO9B",3
"P2RY11",1
"DDX18",2
"RASSF2",1
"MARCH9",1
"RXRA",2
"EFHD2",2
"CDK2AP1",2
"SNHG8",2
"CD4",2
"TRIAP1",2
"SF3A1",1
"CTSZ",3
"HLA-DOA",2
"ITGB2",3
"TMEM238",2
"BUD31",1
"NCF4",1
"ADAM8",2
"FCGR1B",3
"GLUL",1
"ADRM1",2
"PRRC2C",1
"ARG2",2
"ACLY",1
"PGM2",2
"BCCIP",1
"MARCH1",2
"PELP1",1
"UTP6",2
"TIMM50",2
"ZNF318",2
"RAC1",2
"STX7",3
"METTL5",2
"RNPEP",1
"STARD7",1
"ECI2",2
"PGD",1
"FCER1A",2
"B3GNT5",2
"GPSM2",1
"CHMP4A",2
"ADAM28",2
"MYL12B",2
"SECISBP2L",1
"STRAP",2
"RAB11FIP1",3
"SRP14",2
"HLA-A",3
"PPP1R7",2
"BASP1",1
"PCNT",1
"MRPS11",1
"MARCKS",1
"NUPR1",3
"NSL1",2
"PDE3B",1
"GPBAR1",1
"TGM2",1
"C11orf24",2
"TIMM8A",1
"MMS22L",1
"ATG3",2
"U2SURP",1
"TFAM",1
"BRCA1",1
"NAV1",2
"NSMCE4A",1
"TIMM17A",2
"RHNO1",1
"SSR3",2
"TMBIM1",1
"SESN3",1
"PIF1",1
"S100P",1
"METTL17",1
"CNDP2",2
"SLC35B1",2
"APOE",3
"TNIK",1
"SUCLG2",2
"TMED9",1
"EWSR1",1
"TBCB",2
"CAPRIN1",1
"MRPS2",1
"RARS",1
"TOMM5",1
"CTSC",3
"NUDT21",1
"IMMT",1
"PSMB3",1
"ANXA2",2
"AMDHD2",3
"ENDOG",2
"MALT1",2
"KLHDC8B",3
"CCDC14",1
"ALDH9A1",2
"CMPK1",1
"DDX1",1
"PYURF",2
"PRDX5",1
"FPR2",1
"TMED3",2
"PRPF31",2
"RBM25",1
"CEBPE",1
"NOL7",1
"ENG",2
"RRM1",2
"ARID3A",1
"ARMC6",1
"PWP1",2
"UBE2S",1
"CYP1B1",1
"TLR8",1
"SNRNP48",2
"UPF3B",1
"STK17B",2
"NDUFAF2",2
"MAGOH",1
"METAP2",1
"PRKCA",1
"CHST13",3
"ANKRD22",3
"CAMK2D",2
"NSA2",1
"SS18L2",2
"POLR2I",1
"CADM1",3
"UBA52",1
"SCAMP2",2
"SERP1",1
"FAM200B",3
"SMOX",2
"KIF20B",1
"MDH1",2
"H3F3B",1
"LMNA",1
"LYPLA1",2
"DHFR",1
"SNHG15",2
"OSBPL1A",1
"SAMD1",1
"BCAT1",2
"SEC11A",2
"ING2",1
"PYGL",3
"OCIAD1",2
"COMMD8",2
"TBC1D1",2
"PILRA",3
"AZI2",1
"MRPS7",2
"UNC5B",2
"NUP107",1
"AK2",1
"KLF7",1
"MYCBP2",2
"PHF6",2
"TLR7",2
"MRPL22",1
"NDUFA9",1
"ASPM",1
"ZNF326",1
"CYFIP1",2
"UBE2V2",2
"CD33",1
"MSRA",3
"BCAT2",2
"LYRM4",2
"CENPB",1
"DLEU7",1
"YIF1B",2
"SLC20A2",2
"MRPS10",1
"MRPS25",2
"SNX30",1
"UBE2D2",2
"MRPL21",2
"SEC13",1
"ATL3",1
"EIF3K",2
"GPCPD1",1
"WDR77",2
"MRPL55",1
"CCND3",1
"FAM45A",1
"SAT1",3
"DNAJA1",1
"COPRS",2
"GRPEL1",2
"MRPS35",2
"SSR4",2
"FAM192A",2
"TIAM1",2
"AQP9",3
"ENHO",2
"AFG3L2",1
"HSPA5",1
"MRPL9",1
"FIP1L1",1
"ADGRG5",2
"FLT1",3
"YTHDC2",2
"ADGRE3",2
"HAX1",1
"MOCS2",2
"NDUFS2",2
"SLC35A4",1
"CHCHD7",1
"TMEM150A",3
"CCDC137",2
"EPAS1",1
"EIF4G2",1
"ZNF706",2
"CCDC153",3
"SFMBT2",2
"COQ2",2
"RENBP",1
"SLC25A23",2
"UTP18",2
"SSBP4",2
"PDCD2",2
"CTSA",3
"TGOLN2",1
"CAT",1
"MIDN",3
"TRAPPC4",2
"KCNAB2",1
"CHD4",1
"SEPT11",1
"CDK1",1
"SEL1L",1
"TACC1",2
"ZNF593",2
"DYNLL1",2
"SLC7A6",2
"PYM1",1
"RIN2",3
"ARAP1",1
"SFT2D2",2
"TLN1",2
"PTPN2",2
"P2RY8",1
"POLR2A",1
"ITM2C",1
"CCDC88A",2
"TREM1",1
"DPM2",2
"FUBP1",1
"ASGR1",1
"TOMM40",2
"ERP29",2
"MARCH2",3
"UMPS",1
"GRB2",3
"GM2A",3
"MRPL19",2
"NAA15",1
"PTPN7",1
"TMEM107",1
"CAPZA1",1
"FTH1",3
"NLRP12",3
"KDM6B",1
"TGFB1",2
"FXYD6",3
"CBR3",2
"FAM210A",1
"HBP1",1
"CAPZB",2
"MRPL54",2
"YARS",2
"NDUFV3",2
"PUM3",2
"MRPS28",1
"CD276",2
"DNAJC17",1
"PRPF8",1
"UBE2E3",1
"NOL11",1
"TP53",1
"ELP6",1
"CSK",1
"BRCC3",1
"SRSF8",2
"COPS8",1
"CNR2",1
"CEACAM1",1
"VMA21",2
"CEP57",1
"MRPL34",2
"UGCG",1
"PRSS8",1
"CDIP1",2
"CASP1",3
"GIMAP1",1
"SEH1L",2
"AARS",1
"TP53I13",2
"ACAA2",1
"UBAP2",1
"MUM1",1
"EI24",2
"RNASE6",2
"SMARCA4",1
"SMCO4",1
"IL27RA",1
"ALG5",2
"PIK3R5",3
"RAP1GDS1",2
"FCRL4",2
"ZCRB1",2
"ZNF787",2
"TMA16",1
"MGAT1",3
"NDUFA13",1
"IL10RA",3
"RUVBL2",1
"BST1",1
"PLGRKT",1
"ELL2",1
"RNF26",1
"SERINC1",3
"IFI27L2",1
"UXT",1
"COX7A2",1
"DHCR7",1
"ADSL",1
"MAP2K1",2
"IDI1",1
"DYSF",3
"PTGES3",1
"GADD45G",3
"EMD",1
"DBI",2
"UBXN2B",1
"EMB",1
"AIG1",2
"RBM38",1
"PTGR1",2
"GTPBP8",2
"FAM129A",1
"PSTPIP1",1
"CNTRL",1
"FDX1",2
"AXL",2
"NFATC2",2
"CDKN2C",1
"TMEM170B",1
"ACTG1",1
"POLR2D",1
"FUCA2",2
"FAM217B",1
"UQCRB",1
"CCSAP",1
"WBP2",1
"COLEC12",1
"PDCD7",1
"STK32C",2
"H3F3A",1
"NDUFB6",2
"AHSA1",1
"CITED2",1
"IER5L",3
"C8orf59",1
"PSMC2",2
"LUC7L3",1
"HDAC1",1
"DIAPH3",1
"MRGBP",1
"SPCS3",1
"ANKRD9",2
"SLTM",1
"SOD2",3
"SLC31A2",3
"RNF167",1
"PTRHD1",2
"NOL8",2
"ID2",1
"CTDSPL2",1
"EIF4H",1
"SWAP70",2
"ADI1",2
"MSN",2
"IVD",2
"FAM107B",1
"SLC50A1",2
"FOSB",3
"DERA",2
"GART",1
"CHCHD3",2
"FGFR1OP",1
"S100PBP",1
"REEP4",1
"GSAP",3
"ILVBL",1
"NUP93",1
"EED",2
"ACAP2",1
"RASSF4",3
"DEDD2",1
"ALDH1A1",1
"HPSE",1
"NRBF2",1
"PLIN2",3
"NENF",2
"SLC35C2",2
"CXCR2",1
"RRAGD",1
"SAP18",1
"KLHL6",1
"CCDC112",2
"TPP1",3
"YIF1A",2
"NDC80",1
"CLSTN1",2
"TAP2",2
"ERAL1",1
"PRPF38B",2
"PSTPIP2",2
"OGFOD1",1
"KBTBD11",1
"UROS",2
"GHITM",2
"HCLS1",2
"EIF3L",1
"TMEM165",2
"SVIL",1
"LBR",1
"ARHGEF40",2
"INTS10",1
"RNF126",1
"CALM3",1
"POLR2G",1
"FKBP15",3
"TSTA3",1
"IPO9",1
"JCHAIN",1
"SLC39A3",2
"IMMP1L",1
"GTSE1",1
"CPSF3",1
"ARRDC1",1
"DLGAP5",1
"GABARAP",1
"PRELID3B",1
"SLC35D2",3
"ARMT1",1
"NDUFAF4",2
"GALNT1",2
"SDHAF3",2
"YPEL3",1
"CLTA",2
"USP5",1
"LINC01410",1
"SLC25A37",1
"TIMM9",1
"TP53I11",1
"NUCB2",1
"AGRP",1
"LRG1",1
"TMEM45B",1
"HEG1",1
"ITGAE",1
"TES",1
"EPS8",2
"CBFB",1
"TIFA",1
"CSRP1",2
"GTF2H3",1
"NEFH",2
"PPIL3",2
"GLIPR1",2
"WDR46",2
"HMOX2",2
"HMGA2",1
"R3HDM1",1
"ETFA",2
"TUBGCP2",2
"P4HB",1
"PSMC1",1
"PECAM1",1
"CFAP97",2
"ANXA4",3
"MYO1C",2
"SLC39A11",1
"FTSJ3",2
"N4BP2L2",1
"PPIE",1
"SIRPB1",3
"PLEKHJ1",1
"NDFIP2",1
"METTL22",3
"APBB1IP",2
"MPDU1",1
"URI1",1
"EMP3",1
"DNAJC7",1
"EMC8",1
"NIPA2",2
"ANAPC15",1
"ARHGDIA",1
"DRG1",2
"HARS",1
"GABPB1-AS1",2
"KTN1",2
"DAD1",2
"ZNF511",2
"CCDC88C",1
"C3",2
"CHD1L",1
"CRISPLD2",1
"C2orf74",2
"SNW1",1
"CHCHD4",2
"C14orf119",1
"EEF1D",1
"SPECC1",2
"WDR74",2
"SNX17",1
"CNPY2",2
"SMIM19",2
"UBE2G2",2
"IDH3G",2
"NDUFB9",1
"STRBP",1
"STARD10",1
"PSMB7",1
"PSMC6",1
"ZSCAN16-AS1",1
"TMEM183A",2
"FRMD4B",2
"TULP4",3
"PTGES2",2
"POLR2E",2
"SLC45A4",1
"DNM1L",1
"WDR43",2
"SKP1",2
"DUS1L",1
"C1orf131",2
"OSCAR",3
"MBD2",2
"CPSF6",1
"NDUFS3",2
"RASSF1",1
"CARD9",2
"OPN3",2
"PGRMC1",1
"BLVRB",3
"LYL1",1
"TMEM256",1
"GPI",1
"GTF2H5",2
"SLC25A1",1
"TM7SF2",2
"VKORC1",2
"NDUFB7",2
"PIAS1",1
"TNFRSF1B",3
"VKORC1L1",1
"DDX17",1
"RGS2",1
"RNASEH2C",1
"CPM",3
"PFKL",1
"PAK1IP1",2
"MAPRE1",1
"ATP13A3",1
"BAZ1A",1
"HOOK3",2
"CCR1",3
"DDX56",1
"PNPLA2",1
"ENOPH1",2
"NDUFA10",1
"AOC1",2
"HAUS4",1
"ZC3H18",1
"TMEM120A",1
"GRINA",3
"RRP7A",1
"PIM3",1
"RNF130",3
"HIF1A",2
"LRPPRC",1
"PDZD11",2
"SF3B2",1
"PSMD4",2
"SART3",1
"NUP62",1
"DSTYK",1
"SPRED1",2
"SEC22B",1
"RTN3",1
"VCX",1
"MXI1",1
"ITM2B",2
"PLPPR2",1
"LUC7L2",1
"DOCK10",2
"NOC2L",2
"LAT2",2
"QPRT",2
"PIN1",1
"TIAL1",1
"TRAPPC1",2
"NOB1",1
"TCF3",1
"GRHPR",1
"AIF1",2
"C5AR2",1
"ALG3",1
"CRACR2B",1
"FOSL2",3
"DUSP12",2
"CAMP",1
"KIF14",1
"ATP2A3",1
"SDF4",2
"HMG20B",1
"AKT1",1
"NUDT14",2
"DENND2D",1
"CUL3",1
"ACSM3",1
"SREK1IP1",1
"DPEP2",1
"ANPEP",1
"PHF14",1
"LY96",3
"EFTUD2",1
"IQSEC1",1
"UBA5",2
"MRC1",3
"SCD",2
"NDUFA2",1
"COX7A2L",1
"RAP1A",2
"RBM47",3
"FNDC3A",3
"MAPRE2",1
"ETS2",2
"PNRC2",1
"SH3PXD2A",1
"NFIC",1
"FNBP1",1
"GYG1",1
"GRSF1",2
"TBC1D4",2
"LIPA",3
"AIMP1",2
"ARAP2",3
"EVI2B",1
"ARHGAP5",2
"ATP6V1G1",3
"KDM2B",2
"RBM28",2
"PITPNB",1
"DDX49",2
"TRMT10C",2
"PHF5A",1
"HPX",3
"SUCNR1",1
"NHSL2",1
"C19orf53",2
"MFSD1",2
"DNAJC8",1
"GLUD1",2
"STAT2",1
"CEACAM4",1
"NDUFS6",1
"UBB",1
"BCAS2",2
"TNFRSF14",3
"PMF1",1
"LAMC1",1
"SCRN1",2
"PLK1",1
"CCNB1IP1",2
"NUP210",1
"FBXL5",3
"CD1A",2
"GBA",3
"TMEM251",3
"ICAM4",1
"GNAI2",2
"ACADVL",1
"MGST2",2
"EXOSC3",1
"CKAP4",1
"NDUFB3",2
"ITPR2",2
"MORF4L2",1
"SPG21",3
"LMAN1",1
"IRS2",1
"FRG1",1
"BABAM1",1
"ATPAF2",2
"CLOCK",2
"MRPL50",2
"CHAMP1",1
"ZBTB8OS",2
"SLC39A1",2
"GLIPR2",1
"CIB1",2
"PSMG4",2
"UBXN4",2
"SLC25A33",2
"C16orf91",1
"GPR183",2
"ELOVL6",1
"MPZL1",2
"B4GALT5",1
"ANKRD12",3
"AATF",1
"SLC22A15",3
"MEMO1",1
"ORM2",3
"TMEM138",3
"ANTXR1",2
"PPIL1",1
"IDS",1
"PLD3",3
"SELL",3
"SETD3",1
"PFDN5",3
"DUSP5",1
"DDX5",3
"CSGALNACT2",1
"AOAH",1
"TYW3",2
"DEXI",3
"GARS",2
"PSME3",1
"PADI2",1
"TPP2",2
"ZYX",1
"SSNA1",1
"CRIP1",1
"ARG1",1
"CD24",1
"SERPINA1",3
"BIRC7",3
"HAUS6",1
"UBAC1",2
"C12orf10",2
"TERF2IP",1
"GFER",2
"MFAP1",1
"NIP7",1
"FAM49B",2
"AIP",1
"FCHO2",3
"NUBP1",2
"MPG",1
"WIPI1",1
"RMND1",2
"PPP4C",1
"CUEDC2",2
"OSGEP",1
"MYBL2",1
"CYSLTR1",2
"COMMD7",1
"RSRC2",1
"PLCG2",1
"PTPN11",1
"MAGED2",1
"DECR1",2
"MGAT2",1
"NAIP",3
"VEGFB",3
"DUSP23",2
"TAOK3",2
"SPC25",1
"CLN8",3
"MPHOSPH10",2
"TMX2",1
"SASH1",1
"DPP3",2
"RNF187",2
"VMP1",3
"NIF3L1",1
"FAM129B",2
"RAB8A",1
"ZG16B",3
"FGD3",3
"TMEM39B",2
"MAP1LC3B",3
"SYK",1
"IGF1",2
"S1PR2",2
"ZNF106",2
"NF2",1
"PTPN12",1
"C1GALT1C1",2
"RAB14",1
"ZNHIT3",1
"PTP4A1",2
"CFLAR",1
"NDUFA5",2
"CSTB",3
"RBBP6",1
"METAP1",1
"IDH3B",1
"B3GNT8",1
"KLF4",1
"NTMT1",1
"PMM1",1
"PEPD",3
"FBN2",1
"TRPM4",1
"GPS1",1
"STK38",1
"ARL6IP5",2
"S100A10",2
"SMARCAD1",1
"LRP3",1
"METTL7A",1
"ZNF689",2
"PARP8",1
"BLOC1S6",2
"DNAJC2",1
"UTP14A",2
"TBCA",2
"CERS6",1
"PCYT2",1
"MEFV",1
"DAP3",2
"UFL1",2
"ZYG11B",1
"ABCB1",3
"FILIP1L",2
"BDP1",1
"HEXB",3
"TRAPPC2L",2
"SMU1",2
"AKR1A1",2
"GNL2",2
"EIF5",2
"RBM10",1
"TNFSF13B",3
"TBRG4",1
"ASF1A",1
"SELPLG",1
"CARD16",3
"BLVRA",1
"SH3BGRL3",2
"USP10",1
"UFC1",2
"IGF1R",1
"GNGT2",2
"TERF1",1
"EIF4A3",2
"STUB1",1
"DCTN3",1
"EIF6",2
"G3BP2",1
"PLEKHG3",1
"CENPA",1
"ZFYVE16",3
"PRR15",1
"AMIGO2",1
"FAM43A",1
"SUMF2",2
"POLDIP2",1
"ARHGAP18",2
"TMX1",2
"PRKAR2A",2
"PHTF1",1
"SMIM4",2
"CDC37",2
"NAGK",3
"PTPN18",2
"CIAPIN1",1
"VSIG4",3
"LSM1",2
"PARL",2
"ATP8B4",1
"WSB1",1
"LPIN1",1
"CD58",2
"REXO4",1
"AIDA",1
"CCND1",2
"SAFB",1
"IMP3",2
"PDHA1",1
"RAB7A",3
"ZNF609",1
"EMC6",1
"WDFY3",1
"HCFC1",1
"ICAM3",1
"EIF2B3",2
"EIF1AD",1
"CNOT7",1
"FAM96B",2
"NIPSNAP3A",1
"TKT",1
"HSD17B7",1
"VBP1",1
"ELK3",1
"RASGRP4",1
"DDHD1",1
"SOWAHC",1
"INIP",1
"HIPK3",1
"RBM14",1
"EDF1",2
"ACSL4",1
"KCNA5",2
"LRMP",2
"NUP160",1
"HHEX",1
"DCTN2",2
"CLCN7",3
"BBX",2
"DDX46",1
"BTBD6",2
"MIS18BP1",1
"COPS4",2
"IER2",1
"CKB",2
"NUDT22",2
"MGMT",2
"IL7R",2
"DHX29",2
"WDR1",1
"HUWE1",1
"MKNK1",2
"PBRM1",1
"TMEM223",2
"DTD1",2
"SAFB2",1
"RNASEH1",2
"C11orf58",1
"EIF4G3",2
"AP1S1",2
"DENND3",1
"MALAT1",1
"SLC20A1",2
"CAP1",2
"SRP19",2
"SYAP1",2
"ERO1A",1
"RAB37",1
"ARPC4",1
"SLC18A2",1
"THEM4",2
"ARL8B",1
"CMTM6",1
"BTG1",1
"EAF2",1
"ZCCHC17",1
"ITPA",2
"CISD3",2
"CNTLN",1
"CDC45",1
"DENND1B",1
"MIR22HG",3
"PBDC1",2
"NUP153",1
"FKBP1A",2
"UBE2K",2
"GAA",3
"C12orf65",1
"ABHD5",3
"RIOK1",2
"FCGR1A",1
"HNRNPL",1
"KARS",1
"MACF1",1
"TEX264",2
"NAA20",2
"CBWD1",2
"CRNDE",1
"KLF5",1
"EIF2AK1",1
"MCM10",1
"CD300C",2
"OCIAD2",2
"STK40",3
"SPRY2",2
"HINT3",1
"EBAG9",2
"RRP1B",2
"G6PD",1
"TSN",1
"KNOP1",1
"ELAC2",2
"CLEC4G",3
"SRPRB",1
"GTF2F1",1
"XRN2",1
"CSTF3",1
"CYTIP",2
"SLC12A8",2
"RNASET2",2
"ZNF672",1
"RNF219",1
"NT5C3A",1
"AP5B1",1
"WDR61",1
"TACO1",1
"FAM111B",2
"FRAT2",1
"RBM22",1
"FAM89A",3
"GNB1",1
"CHDH",1
"CTBP1",1
"CRIP3",2
"TMEM14A",1
"HSD17B11",1
"DGCR6L",1
"TRIQK",1
"MELK",1
"CHD3",1
"STOX2",3
"MYOF",2
"SCARB2",3
"ECI1",1
"VASP",1
"RTN4",1
"DYNC1I2",1
"NMT1",1
"SPTSSA",2
"CD300A",2
"BUB1B",1
"GEMIN6",2
"PHLDA2",2
"VAMP2",1
"LUZP1",2
"ESCO2",1
"HM13",3
"HJURP",1
"RNPEPL1",1
"WIPF1",1
"MCTP1",1
"FURIN",1
"NME3",2
"GUK1",2
"FXN",2
"SERTAD3",3
"SLAMF8",3
"NDUFB5",2
"KPNA3",1
"TXNL1",2
"HBEGF",2
"DPAGT1",2
"MLF1",3
"RIT1",3
"TM7SF3",2
"PITPNA",2
"NSMCE1",1
"ARGLU1",1
"UBE2Q2",1
"TMX4",2
"JUN",3
"LMF2",1
"TTC3",2
"FKBP2",2
"DDX24",2
"CCNH",2
"FHOD1",1
"DENND5A",1
"AZU1",1
"HERC5",1
"SNX29",1
"PPIF",2
"SRSF4",1
"SF3B5",2
"RAB4A",2
"DGUOK",2
"CHCHD2",1
"ARPP19",1
"THBS1",1
"CAMK1D",2
"MRPL35",2
"SNUPN",2
"POLR2J",1
"C15orf40",1
"TIPRL",2
"GPATCH11",1
"CLINT1",1
"HNRNPLL",1
"XPOT",1
"GCLC",2
"RTCB",2
"MCMBP",1
"IRF1",3
"LMAN2",2
"BMS1",2
"MRPL46",2
"ASRGL1",1
"MRPS17",2
"PGLYRP1",1
"RAMP1",1
"ERI3",2
"DDX55",1
"RNF138",1
"MRPL40",2
"MAP4",2
"ARPC3",2
"KEAP1",1
"TNFRSF10C",1
"CEBPG",1
"SEPT9",2
"KIAA0513",1
"SF1",1
"PINK1",3
"CPQ",3
"GNPDA1",3
"SKAP2",3
"SCML1",2
"DNTTIP2",2
"DSCC1",1
"RNF125",2
"LTF",1
"DESI2",2
"COMTD1",2
"API5",2
"THOC6",1
"TTK",1
"SLC47A1",1
"AP3S1",1
"IK",1
"TSFM",2
"RRP15",2
"ZDHHC2",1
"DERL1",1
"USP53",2
"CLEC10A",2
"CDCA7",1
"RER1",2
"PSMG2",1
"EIF2B5",2
"LTB4R",1
"ADAMTSL4",1
"ZWILCH",1
"CDCA4",1
"CD300LF",3
"CDC25C",1
"DDIT4L",3
"IGSF6",2
"PCCB",2
"NOC3L",2
"ANP32A",1
"FBP1",1
"TIMM23",1
"NADK",1
"HEATR1",1
"KLHL5",2
"RAB9A",3
"SSPN",2
"ORAI3",1
"IFITM3",2
"ETF1",2
"CCL2",2
"KRT10",1
"EMG1",1
"TP53INP1",1
"PITHD1",1
"PBK",1
"LAMTOR4",1
"METTL2B",2
"MBD4",1
"PTGER2",1
"MALSU1",1
"THAP7",1
"E2F8",1
"MAFG",1
"CHCHD1",1
"DLAT",1
"RBM42",1
"ID1",1
"PPIG",2
"PRPF38A",1
"TXN",3
"KIAA0100",1
"ADA",1
"SEC61G",1
"FAH",3
"MAP3K1",1
"SRPK1",1
"EIF1AY",2
"SFXN4",1
"TCP11L2",1
"PALLD",1
"ITGAV",1
"SDHA",1
"PTS",2
"NLRP3",2
"PHF10",1
"SERINC2",1
"COPS2",1
"IER3IP1",1
"RHOF",1
"PIH1D1",2
"PRR14",1
"CAAP1",2
"CMAS",2
"ABT1",1
"RAD54L",1
"TXNDC9",1
"TLCD2",1
"PACSIN2",1
"PUSL1",2
"COPS6",2
"SPINT1",2
"ANXA3",1
"MRPL33",1
"ENTPD1",3
"TM6SF1",3
"LINC01506",3
"KIF15",1
"P2RX4",3
"RAP1B",1
"C7orf50",2
"UROD",2
"CIT",1
"AKTIP",1
"ERGIC1",2
"MRPS14",1
"CPEB4",1
"RALGDS",1
"C1orf162",3
"GAS7",1
"RAPH1",2
"ZNF281",1
"HIGD1A",2
"HAVCR2",2
"TOMM20",2
"GLB1",3
"CYB5A",2
"VCAN",1
"PRDM5",3
"VOPP1",2
"TMBIM4",3
"DTL",1
"KXD1",2
"NCOR2",1
"SPAG5",1
"RNASEH2B",1
"ALOX5",1
"CARD19",1
"APOBR",1
"CDC6",1
"CDC5L",2
"NBEAL2",1
"AUP1",2
"ERCC6L",1
"BIRC2",1
"RAB11A",1
"FBXO22",2
"HOMER3",3
"SKA3",1
"CYBB",3
"OSTM1",3
"RAD23B",1
"CMTM7",3
"POLQ",1
"RMDN1",2
"TMTC1",1
"PSPC1",1
"TMUB1",1
"SPRY1",3
"ABHD13",3
"C1orf56",1
"ENPP4",1
"UAP1L1",3
"SRP54",1
"THAP5",1
"MRPS27",1
"POP4",2
"TMEM126A",2
"KIDINS220",1
"SNX18",1
"CLN3",3
"LETM1",2
"LPAR6",2
"HLA-B",3
"DOK2",1
"MERTK",3
"UBE2A",2
"TMEM63A",1
"PSEN1",1
"ZFP92",1
"IER5",1
"CST6",2
"SPNS1",1
"SNX4",2
"SUCLA2",2
"BUB1",1
"NUB1",2
"CLCN4",3
"COQ4",1
"SPOP",1
"EXOSC4",2
"CASP4",3
"LRRC8D",2
"RAB1A",3
"ADORA3",2
"TMEM50B",1
"ARL6IP6",1
"EXO1",1
"GSTO1",1
"STX11",1
"DHRS4",1
"HAGHL",3
"SARS",2
"UPF3A",1
"FAHD2A",2
"PCNP",1
"BMX",1
"S1PR4",1
"TMEM230",2
"DDX50",1
"FAM27C",1
"ATRAID",2
"TANC2",1
"WDR12",2
"FAM160A2",1
"PHF20",2
"NQO2",3
"ASXL1",1
"LINC00996",1
"XPNPEP1",1
"TMEM99",2
"MPP7",1
"IL18",2
"FAM83D",1
"BACH1",1
"OGFOD3",2
"ACO2",2
"INO80E",1
"DPP7",3
"MB",2
"POLR2L",2
"CD47",1
"NRTN",1
"TMEM92-AS1",1
"ZBTB20",1
"DHRS1",1
"STIM1",3
"PQBP1",1
"CHRAC1",1
"SH3KBP1",2
"COX17",1
"EEF2",1
"GLT1D1",1
"PIGP",2
"MRPS18A",1
"SOCS3",3
"TIMMDC1",2
"C12orf43",1
"DRAM1",3
"MGAT4B",1
"CCDC34",1
"SGTA",1
"NSD1",2
"ZFR",1
"LRRN1",1
"E2F1",1
"FAM213A",2
"INO80C",2
"ZDHHC7",3
"FAM162A",2
"AGPAT1",1
"AC007952.4",3
"ZCCHC8",2
"MRPL45",2
"PCAT18",1
"NCOA7",2
"KIF18B",1
"SH3BP2",1
"PES1",1
"ZEB2",1
"SLC39A7",1
"MOB3A",1
"PDS5A",1
"CTNNBL1",1
"CSNK1G2",1
"DNMT3A",1
"ACTR2",1
"RNF44",1
"OSBPL11",2
"CAPNS1",2
"COX16",2
"DDX23",1
"RBM19",1
"MARS",2
"FUNDC2",2
"IAH1",1
"PDXK",3
"PREB",2
"CALCOCO2",2
"QSER1",1
"CDK11B",1
"INPP4A",1
"SKA1",1
"RGMA",1
"CDCA8",1
"OSM",1
"SSU72",2
"LSG1",1
"SNF8",2
"CEACAM8",1
"CXorf21",1
"DIAPH1",1
"ALG2",2
"ISG20L2",1
"ZBTB37",1
"PDHB",2
"DEPDC1B",1
"IL4I1",3
"C1orf123",2
"MSMO1",2
"JAZF1",2
"PIAS2",1
"GDE1",1
"ILK",2
"TROAP",1
"DHX30",1
"TCEAL8",1
"TIGAR",2
"CREM",2
"EPN2",1
"TRIB1",3
"BRD2",2
"IFNGR2",3
"FAM126B",1
"PPARG",1
"NACC2",1
"SNRNP200",1
"CDKN2A",1
"CAMKK2",1
"APEX2",1
"GLOD4",1
"VNN2",3
"ARF4",2
"LPAR1",2
"CXCL2",1
"CMC1",2
"PSMG3",1
"MYBL1",1
"PAF1",1
"ZNF791",2
"KIF3B",1
"DMC1",2
"RDX",1
"CST7",2
"PPAN",2
"BRD7",1
"PLK4",1
"SARAF",2
"JARID2",1
"LSM8",1
"NOL9",1
"KRR1",1
"TAF1D",1
"MGST3",2
"RWDD4",1
"AP2M1",2
"GAR1",2
"FANCD2",1
"UBE2R2",1
"B3GNT2",1
"SMARCD2",1
"FEN1",1
"TMEM203",2
"SUCLG1",1
"PSMD12",2
"PPP1R11",3
"CHORDC1",2
"COX14",2
"NBPF14",1
"NSDHL",2
"KIF11",1
"MAN2A2",1
"STX4",3
"NCBP1",1
"CDC25A",1
"ZNF652",2
"LRRK1",1
"KDM1A",1
"COX7C",2
"MRPL41",2
"HSD17B4",3
"CDH26",1
"APAF1",1
"SF3B1",2
"CLU",1
"PTPRE",3
"PPM1N",2
"PSMD9",2
"DENR",2
"TMEM205",1
"MAP3K3",1
"SPATA33",1
"TAF10",2
"B3GALT6",2
"MBOAT7",1
"GATA2",1
"DESI1",2
"SLC12A9",2
"FN1",1
"LAMTOR5",1
"TIMM44",2
"TMUB2",1
"PSMD6",1
"DDX3Y",1
"PTDSS1",1
"CHAF1B",1
"SMDT1",2
"PCBD2",1
"HPS3",2
"GTPBP6",2
"PRELID1",2
"SMARCA2",1
"CCNE2",1
"MMADHC",2
"DLGAP1",1
"CENPC",1
"IRF2BP2",1
"NCAPH",1
"HIST1H2BH",1
"MAP3K2",1
"PLEK2",3
"CSTF1",1
"PRCP",3
"CYTL1",1
"TMEM18",2
"ZNF367",1
"EXOSC7",2
"ENY2",1
"SPRYD7",2
"OIP5",1
"RHOB",3
"HIST2H2BE",3
"FLOT2",1
"RALA",2
"TPRA1",3
"SMAD2",1
"MPC1",1
"SNX7",2
"TRAF7",2
"CYP2S1",2
"GNB2",1
"ROCK1",2
"CLPB",2
"TNFRSF8",3
"SPOPL",3
"ZRANB2",1
"ELOVL3",1
"VASH1",2
"ABHD12",3
"SERPINB6",1
"MVK",1
"MARCH5",2
"PAM",1
"FAM96A",2
"MRPS18C",1
"SUGT1",2
"ANGPTL6",1
"SVIP",1
"CDC42SE1",2
"UBAP2L",1
"ARHGEF39",1
"ERCC1",2
"SRRM2",1
"PKN1",1
"NEIL3",1
"MAP4K4",1
"TRUB2",2
"CHID1",2
"GLA",3
"OAS3",2
"KMT2A",1
"NSFL1C",1
"MRPS9",2
"RAB27A",1
"ADPRHL2",2
"ISY1",1
"USP16",1
"HIST1H2AH",1
"NUP54",1
"CBLB",3
"COPS5",1
"DBNL",1
"ATG7",3
"GORASP2",1
"SRP68",1
"SRRD",2
"TRHDE",1
"EHD1",1
"CCNA2",1
"C9orf78",1
"GSTZ1",2
"MRPL32",1
"E2F7",1
"GTF2A2",1
"EXOSC10",1
"TMEM127",1
"PPARD",2
"TRMT6",2
"BRD9",1
"ACAD9",1
"CIRBP",1
"CCDC68",2
"MRPS30",2
"CDCA7L",1
"SPC24",1
"RECQL4",1
"SAR1A",1
"MED10",1
"ESPL1",1
"SEMA3A",3
"VPS26A",1
"NAA25",2
"SNAP29",2
"PIK3CB",1
"WNT10B",2
"LRRFIP1",1
"GBGT1",1
"SDS",3
"SCAND1",2
"HERC2",1
"HNRNPUL2",1
"ZC3H4",1
"PET100",1
"HOXB-AS3",1
"PDE4A",2
"POLE2",1
"SMIM14",1
"LARP7",1
"PTAFR",3
"TBL1X",3
"PRR13",1
"GRK6",1
"COX4I1",1
"CD82",1
"CARD6",3
"PCBP2",1
"TICRR",1
"CCNF",1
"NOL12",1
"U2AF2",1
"PTBP3",1
"ZC3H13",1
"STIL",1
"RAB10",3
"OGT",1
"RAB11FIP2",1
"PDLIM7",1
"RMI2",1
"PPP4R2",1
"ACIN1",1
"NUMB",3
"TGS1",1
"WAPL",1
"GANAB",1
"RCSD1",1
"CWC27",1
"CD302",1
"ARFGAP2",1
"TMEM184B",1
"SZRD1",1
"RTN2",2
"YY1",1
"TTC1",1
"PLXNC1",2
"AES",1
"LINC00472",2
"TPRG1L",1
"CCDC6",2
"DPP9",2
"FYCO1",1
"BRIP1",1
"TUBGCP3",1
"COMMD9",2
"CFDP1",1
"EME1",1
"VPS53",3
"RRAGC",3
"KIAA1143",1
"STT3A",1
"PNRC1",1
"ACAP1",1
"SMARCC2",1
"HOXB5",1
"ATCAY",3
"GRAMD4",1
"ATP6V0B",3
"P2RY2",1
"SMC5",2
"TFPI",1
"AP1B1",2
"ECE1",1
"WDR3",2
"ASB1",2
"EXOSC6",1
"EIF2B1",1
"PPHLN1",1
"FAM104A",1
"KCNK13",2
"OXA1L",2
"ACVR1B",1
"CWC15",2
"REEP5",2
"CNOT1",1
"RFWD3",1
"KRT8",2
"SLC15A3",1
"CLPTM1L",1
"NR1H2",1
"MAX",1
"BAIAP2",2
"RAB20",3
"MED4",1
"XPA",2
"TESPA1",1
"HSD17B12",2
"ST3GAL6",3
"DYNLL2",1
"PDK4",1
"TSEN54",1
"GLG1",1
"NOM1",1
"SIRPA",3
"ZNF32",2
"CD207",2
"HERC4",3
"MRPL28",1
"ATP6V1D",3
"TSSC4",2
"DGKZ",1
"GLS",2
"PROK2",1
"HIST1H3B",1
"NARF",1
"HIST1H2AC",1
"C12orf57",1
"RNF141",3
"PLAUR",3
"SEC63",1
"POLR2C",1
"PPP1CC",1
"SLC25A36",1
"FNIP1",1
"CD81",2
"MRPL42",1
"PELI1",1
"ARF5",2
"HMGCR",1
"VEZT",1
"JTB",2
"N4BP2",1
"PFKFB2",3
"SNX20",1
"ZDHHC24",2
"EIF3F",1
"CYP4F3",1
"FAAH",1
"SLCO4C1",1
"TREM2",2
"CD93",1
"TMEM123",3
"XRCC2",1
"ACACA",1
"CIAO1",2
"KCNAB1",3
"MRPL36",2
"MAD1L1",2
"AGR2",2
"MED13L",1
"PHC2",2
"ARSG",1
"TGFBR1",3
"ACTR1B",1
"WEE1",1
"CPD",1
"VAMP3",3
"NFE2L2",3
"CDK5RAP2",1
"ZPR1",2
"TANK",3
"CCDC150",1
"CXCL16",2
"MRPL2",2
"HIST1H1C",3
"WDFY2",1
"HIST1H1D",1
"STK38L",2
"PFDN1",2
"THRA",1
"MBD3",1
"NELFE",1
"TTF1",1
"HIST1H2AJ",1
"ANG",1
"RABIF",2
"NMRAL1",2
"PECR",2
"P2RY10",1
"GNPTG",3
"MAT2A",1
"HERC1",2
"PPP6R1",1
"CELF1",1
"IL17RA",2
"PMAIP1",2
"PXN",3
"PHYKPL",1
"SKI",1
"SCCPDH",1
"RBM3",2
"POLR2B",1
"EID2",2
"RGL4",1
"TAF11",1
"NPC1",3
"PPP1R21",2
"PARVB",2
"GPANK1",1
"GRAMD1B",1
"KDELC1",1
"GGA1",3
"EMC4",2
"ZC3H7A",1
"SGK1",3
"CS",1
"ZNF800",2
"C6orf62",1
"EIF4A1",2
"PDE4DIP",3
"XPO6",1
"BACE2",1
"PTRH2",2
"RBM15B",1
"LLPH",2
"TRIP13",1
"CTSH",2
"R3HCC1",2
"LHFPL2",3
"MAP4K5",1
"AAMP",1
"HSBP1",1
"TMBIM6",2
"PLAT",1
"SPAG1",1
"TNFAIP8L3",2
"RAB42",3
"DEF8",1
"GLTP",1
"PSMC3IP",1
"SUPT5H",1
"NCOA4",3
"LMO2",1
"MGLL",1
"ST8SIA4",3
"FCAR",3
"PCID2",1
"TSR2",1
"MORF4L1",1
"SMIM20",2
"DPM1",1
"ARSB",3
"DDX39B",1
"LSM12",2
"PLEKHO2",3
"IL1RL1",1
"STK25",1
"TXNDC15",2
"TDG",1
"POC1A",1
"ACKR3",1
"KHNYN",1
"SEC23B",2
"SNX6",2
"H2AFJ",2
"IWS1",1
"KIAA1211L",1
"NCS1",2
"ADAM17",1
"ZSWIM7",2
"LTBR",3
"FLOT1",1
"MAPKAPK5-AS1",3
"FRMD4A",2
"PPP1R3D",1
"KIF18A",1
"CSDE1",1
"WDR33",2
"KLF10",1
"NDUFB4",1
"KCTD20",2
"CPNE2",1
"PIK3C3",3
"C1orf122",2
"OAT",1
"IL1B",2
"OS9",3
"ANTXR2",3
"SLCO4A1",2
"AUNIP",1
"COPZ1",2
"NPW",2
"LAIR1",1
"CENPI",1
"PPP3CA",1
"TENM4",3
"COQ9",1
"PIGX",1
"PPP2CA",1
"CDC73",2
"SLC39A10",2
"ZNF22",1
"LINC00877",2
"SLC16A3",2
"TM2D2",2
"DNAJC5",1
"SOX4",1
"CD48",2
"CABLES1",3
"EPN1",1
"SREK1",1
"TMC6",1
"DDX60L",1
"ORC1",1
"NME8",1
"FLYWCH2",2
"RCAN3",2
"CYBA",3
"PYCR2",1
"SAR1B",2
"CTNNA1",1
"ITGA6",1
"GPX7",1
"DNTTIP1",1
"ARHGAP25",1
"TMEM144",3
"NABP1",1
"DDB1",1
"PCOLCE2",1
"PPP2R1A",1
"RILPL2",1
"THAP11",1
"SLC26A2",1
"C1orf43",2
"PPIL4",2
"HSPA4",2
"CCDC92",3
"ACSS3",1
"ARL5A",1
"MDM2",2
"ACTN4",1
"DDX27",2
"TLE1",2
"EMC10",1
"DERL2",2
"UBE2W",1
"TIMM22",1
"KCNMB1",2
"C11orf54",1
"ZBTB7A",1
"THUMPD3-AS1",1
"SDSL",2
"PSAP",3
"ZWINT",1
"LMCD1",1
"IL6ST",1
"CCL3",3
"TMEM106C",1
"FAM89B",2
"TRAIP",1
"KCTD7",3
"C16orf54",1
"CCNG1",1
"TFPT",2
"ASL",1
"CCZ1",1
"TBC1D2",1
"HLA-E",1
"MBP",2
"TCTN3",1
"VAMP8",1
"CDCA2",1
"TRIM2",3
"RBMS1",1
"TBL1XR1",1
"MAGT1",1
"USP7",1
"DIMT1",2
"ACSL3",2
"IFITM2",1
"LIMK1",2
"KIF27",1
"TMEM30A",1
"RAD54B",1
"FNDC3B",1
"STK4",3
"ASNSD1",1
"MR1",1
"TRAC",2
"MS4A3",1
"IBTK",2
"GSTM3",2
"MCTP2",1
"FERMT3",3
"LRRC4",1
"LIN7A",1
"SF3A2",1
"PDS5B",1
"SERPINF1",2
"TMEM167A",1
"CHTOP",1
"SLC11A2",1
"COX5B",2
"ADAM19",2
"VPS4A",1
"FAM178B",2
"PMPCA",1
"DGAT1",2
"YTHDF2",1
"OPA3",2
"NGDN",1
"SLC12A6",1
"YWHAB",2
"MAP4K2",1
"EXOC6",1
"HACD2",2
"CCNE1",2
"SMAD5",1
"RHOA",2
"PRPF4B",1
"NAGLU",3
"FHL2",2
"LAPTM5",3
"UBE2E2",2
"PLPPR3",1
"AUTS2",1
"NCBP2",2
"DAP",2
"MAN2A1",2
"TNIP1",1
"FBXW11",1
"INSIG2",2
"MAML2",3
"YWHAG",1
"NFATC3",1
"ILDR2",2
"DLEU2",1
"CCNL1",1
"CHI3L2",3
"DNMT3B",1
"CTSV",2
"SLFN13",1
"FAM173A",2
"ST20-AS1",1
"TTN-AS1",1
"C17orf53",1
"APOC1",3
"DOPEY2",3
"SCO1",1
"MOSPD2",3
"UBL4A",1
"TIPARP",1
"NUP85",1
"COL6A1",3
"ZDHHC16",1
"MFSD12",3
"TFEC",3
"CASP6",1
"FUOM",2
"MCOLN1",3
"ARCN1",1
"SPTAN1",1
"COG2",2
"ADAP1",3
"SNTB1",1
"SMIM12",2
"MECP2",1
"MYH14",3
"SPI1",3
"IQGAP3",1
"TPM1",1
"ID3",2
"CHRNA5",1
"RAD1",1
"POLR2F",1
"ATG101",2
"IFNGR1",2
"STX10",1
"ATF7IP2",1
"R3HDM4",1
"AKAP10",3
"STK10",1
"EMC7",2
"FANCA",1
"G6PC3",2
"CNPY3",2
"RNASE1",3
"ARL1",2
"ANXA11",1
"ODF2",1
"PFDN4",1
"ATP2A1-AS1",1
"PKDCC",2
"ZNF431",1
"RAB40C",1
"FLAD1",2
"SLC17A5",3
"PNPO",2
"LGALS9",2
"AATK",1
"MNS1",1
"LDLRAD4",1
"DNAJC19",1
"MCM4",1
"C1orf21",2
"LINC00623",1
"GTSF1L",1
"CNIH1",2
"RSL24D1",1
"NT5C2",1
"RNF34",1
"FAAP20",2
"BOD1L1",3
"S100A13",2
"SMARCE1",1
"FYN",1
"RASSF3",3
"IL2RG",2
"CDC42BPA",2
"SH2B3",1
"PDE7A",1
"ABCG2",2
"SIPA1L1",1
"NUP98",1
"ADGRG3",1
"SIGLEC7",2
"PTPN6",2
"MCRS1",1
"TSR3",1
"PRKAG1",2
"SNX8",2
"SIN3B",3
"TNFRSF4",1
"PFKP",2
"RNF146",1
"PXDC1",2
"DAXX",1
"ZDHHC6",1
"INPP1",3
"CLECL1",2
"DUSP2",3
"EVL",2
"DEAF1",1
"PLBD1",1
"CXXC1",1
"OARD1",1
"SND1",1
"CAST",1
"CDKN1C",1
"PLPP3",3
"BTK",1
"MS4A6A",2
"HYOU1",1
"ARHGAP4",2
"OR10J1",3
"WDR5",1
"SRGN",1
"CITED4",1
"SLF2",1
"GPC1",2
"SPG11",1
"IFI16",2
"LMBR1L",2
"OR52K1",1
"DDIT4",1
"DIAPH2",1
"E2F2",1
"OSBPL9",1
"MAP1LC3A",1
"GINS1",1
"SGK3",3
"MAPK9",1
"ZFP91",1
"PASK",1
"FBXO5",1
"SYNGR3",1
"CMTM2",3
"ITPRIPL1",2
"NUDT16L1",2
"GTF3C5",1
"FUNDC1",1
"ANKLE2",1
"UBE2J2",1
"ANKRD35",2
"TPST2",2
"WDHD1",1
"ATP6V1C1",3
"PDCD6IP",1
"ACAA1",2
"RARA",1
"PTPN1",1
"SCARB1",3
"PTPMT1",1
"KIF5B",1
"WDR45",3
"DUSP3",2
"CNBP",1
"TMEM126B",2
"SOBP",3
"RB1CC1",1
"MYO5A",3
"TRIM25",1
"CD2AP",2
"VCL",1
"ARL4C",2
"USB1",2
"GOPC",2
"PRPSAP1",1
"ROBO1",2
"WDFY1",1
"ZFAND2B",2
"LGMN",3
"AGO3",1
"CSNK1A1",1
"SURF4",1
"VPS37A",3
"SDHB",2
"TAL1",1
"SNHG9",1
"RASAL3",1
"VPS37B",1
"SLC38A5",1
"CTNS",3
"ACSL1",3
"NUDT4",1
"GAL3ST4",3
"OLIG1",1
"FKBP5",1
"STYX",1
"COA5",1
"RBMX2",1
"PHACTR2",2
"GTF2A1",1
"BPI",1
"EIF2B2",2
"FAM86B2",1
"PTGER3",2
"NXPE3",1
"ATP10A",2
"SORBS3",3
"UBE2D1",3
"PPTC7",3
"EIF4B",1
"MLKL",1
"UBR4",1
"SSR2",2
"TMEM237",2
"ODF2L",2
"CALCOCO1",1
"ARHGEF6",1
"SLC44A2",3
"HSPA1A",1
"GPR141",1
"GALNT2",1
"TBC1D10C",3
"COL9A3",1
"NCKAP1L",1
"FAR1",1
"SH3BP1",2
"RBM39",1
"GPC4",2
"USP15",1
"C19orf57",1
"DDX42",1
"GINS4",1
"VPS28",3
"SSTR2",1
"CHMP2B",3
"TPMT",1
"SPAG7",1
"PSMB4",1
"HOPX",2
"SPR",2
"MEIKIN",2
"GMCL1",1
"TMEM51",2
"PIR",2
"COMMD1",2
"TRIB2",1
"MVB12A",2
"ZBTB4",3
"SMARCD1",1
"CRTC3",2
"NUDT2",2
"HIST1H3G",1
"FBN1",1
"PTK2",1
"CCDC159",1
"VPS8",3
"PSMA3-AS1",1
"PNPLA1",1
"IL21R",2
"TNFRSF10D",1
"DPY30",1
"AVL9",1
"GLRX2",2
"EGFL7",1
"ADSS",1
"HLA-C",3
"RASGRP2",3
"SSSCA1",1
"SLC30A7",1
"HTATIP2",2
"WDR62",1
"SCAF11",1
"PARP14",1
"DNAJB12",2
"TMIGD3",2
"BCAP29",1
"SLC25A6",2
"PDGFA",2
"C19orf81",1
"COA7",2
"TMC8",1
"PKD2",2
"KATNBL1",1
"NT5DC1",2
"BCL11A",1
"NPTN",1
"CREBZF",1
"SDCCAG8",3
"SCIMP",3
"CLEC19A",3
"AKAP11",2
"DHPS",1
"RFC3",1
"ASCC2",2
"LRRCC1",1
"SNX24",3
"SNHG25",1
"ADNP",1
"TMEM147",2
"TPCN2",1
"MMP17",1
"NDRG1",2
"CCDC115",3
"SERINC3",1
"ELAVL4",2
"PLK3",1
"EIF2AK4",2
"RAB2A",1
"COL1A1",1
"NCBP3",1
"DCAF13",1
"APMAP",1
"CDC27",1
"MYL12A",2
"CHPF2",3
"MPHOSPH6",1
"RAP2C",1
"PRPF6",2
"SYT2",2
"HDAC9",2
"CLEC4E",3
"TMEM219",3
"SLC44A1",1
"CD1B",2
"ATRX",2
"TOR4A",1
"DEGS1",2
"CMTM3",2
"RIBC2",1
"LZIC",1
"DDX20",1
"UBXN11",1
"ST6GALNAC3",3
"LRP11",1
"FNBP4",1
"TMPO-AS1",1
"STT3B",1
"APOBEC3B",1
"PQLC1",2
"ATG12",1
"CSF2RB",1
"ECHDC2",1
"ETV4",1
"FUT8-AS1",2
"VAMP4",1
"LENG8",1
"P2RX1",1
"BHLHE40",1
"NUMA1",1
"NOS1AP",1
"CCDC12",1
"FAM161A",1
"AVEN",2
"IRF7",1
"PARPBP",1
"ACTN1",1
"RABGGTB",1
"PGM2L1",1
"CEBPA",1
"ARAF",1
"CTSL",3
"HGSNAT",2
"PPP2R2A",1
"IPCEF1",2
"MEAF6",1
"ALDH7A1",2
"JOSD1",1
"RALGPS2",1
"HIST1H2AM",1
"ACP2",3
"PARVG",3
"CEP63",1
"EHMT1",2
"SLC52A2",2
"PRKX",1
"MBOAT2",1
"UPF2",1
"SLC39A6",2
"CETN2",1
"GPSM3",3
"NXN",2
"THEMIS2",3
"RDM1",1
"PTPN23",3
"STX6",1
"ADPGK",1
"BCL7A",1
"TRGC1",1
"ARMC1",1
"NDUFC1",2
"PRCC",1
"NCSTN",1
"TARDBP",1
"TCF12",1
"RHOT1",1
"ATP6V0D2",3
"CENPJ",1
"IL10",3
"MAPKAPK2",1
"ARRDC3",1
"AP000345.2",2
"GRAMD1A",3
"NMI",2
"SHTN1",3
"CNRIP1",1
"CALU",1
"CTSK",3
"TROVE2",1
"UNC93B1",3
"GUSB",2
"C6orf203",1
"DCLK2",2
"HPCAL1",2
"FRAT1",1
"VEGFA",1
"CIZ1",1
"KCNN1",2
"TOB1",1
"QRSL1",1
"DRAM2",3
"PAFAH1B1",2
"TSC22D3",1
"RAB5B",1
"TGIF1",3
"POLR3G",2
"MBTPS1",1
"CRISP3",1
"AGBL1",1
"LTN1",1
"FAHD1",2
"EVI5",3
"CRCP",1
"SIPA1",1
"SUV39H2",1
"DGKD",1
"AASDHPPT",1
"CEACAM3",1
"AP3D1",2
"USP39",1
"RBM5",1
"ATP13A2",1
"NAV3",2
"ABHD17A",2
"EGR2",3
"ARAP3",1
"SSH1",2
"FAF2",1
"MCL1",1
"DYNC1LI1",2
"PRKCSH",1
"POLR2K",1
"AGAP3",3
"ASH2L",1
"COPE",2
"ZNF114",2
"YTHDF3",1
"CRYBG3",2
"CPSF7",1
"RGS18",1
"CDKN1A",2
"NFATC2IP",1
"CBX6",1
"SDAD1",2
"ALAS1",3
"ZNF131",2
"VPS13C",3
"GINS3",1
"SMCR8",3
"ZNF519",1
"KPNA1",1
"FLI1",1
"KDELC2",1
"TXNDC12",1
"ASPSCR1",2
"GPR160",1
"PIGF",1
"UBXN6",3
"TAOK1",1
"ZNF641",3
"NOTCH1",3
"SIGLEC15",3
"CEP135",1
"TCF25",2
"CDC7",1
"GPA33",2
"CLDND1",1
"TRO",1
"TTC19",2
"FGR",1
"LIPE-AS1",3
"SLC24A3",1
"MIA2",2
"UBE4B",1
"RCBTB2",2
"TXNDC11",3
"SNAPIN",2
"NTPCR",2
"ITCH",1
"MPZL2",1
"RABGAP1",3
"PIKFYVE",1
"SYTL1",1
"POR",3
"ELSPBP1",1
"RRBP1",1
"HERPUD2",1
"HCST",1
"IGFBP2",1
"WDR34",1
"MORC4",2
"DPF3",2
"PURA",1
"ZNF148",1
"DCSTAMP",1
"RNASEK",3
"NPDC1",2
"KIAA1191",1
"TRERF1",1
"ADK",2
"WDR54",2
"SPATA13",1
"NFYC",1
"TEAD4",2
"RMDN3",3
"GCA",1
"CHCHD10",2
"INPP5A",1
"RASSF8",2
"RRP8",1
"PDE4D",1
"TRPS1",3
"MAP2K2",1
"ARID5B",1
"XRCC3",1
"FXYD5",1
"QARS",1
"SLC13A5",3
"YAF2",1
"TNRC18",1
"RNF19A",1
"TNFSF12",3
"CREB3",2
"DHTKD1",2
"PHKG2",2
"RNH1",3
"OTUD6B-AS1",2
"LILRB3",1
"NDUFS7",2
"KLHL24",3
"JAK1",3
"APOLD1",1
"C11orf94",3
"NRGN",1
"RCC2",1
"SDR39U1",1
"XPC",1
"TAGAP",2
"LILRA5",3
"RAB33A",1
"PLAGL2",1
"C2",3
"SPIB",2
"NUDT3",2
"PIGBOS1",1
"VPS25",1
"ZFHX3",2
"MS4A2",1
"ZFYVE21",1
"GPATCH2L",1
"GDAP2",3
"CHTF18",1
"CLEC2D",3
"ABCC3",1
"FBXW5",2
"PIK3C2A",2
"FKBP1B",2
"CNOT8",1
"C1orf54",2
"RNF5",1
"MYB",1
"CINP",2
"KDM4B",1
"GOLT1B",1
"CHKA",3
"RABGAP1L",1
"ZNF827",1
"MARCH3",1
"AP1AR",3
"CHPT1",2
"TOP1MT",1
"MPI",2
"ELP5",1
"STIM2",1
"ALDOA",1
"RGMB",2
"FBLN2",1
"VWA1",1
"BPTF",1
"AC019205.1",1
"MPO",1
"GPR18",2
"ENDOD1",2
"APEH",1
"DFFA",1
"CXCL6",1
"ZNF467",1
"RNF135",2
"VDR",1
"NFKBIA",3
"PTOV1",1
"CCS",1
"FBXL20",3
"LONP1",2
"PYCR1",1
"GOLGA4",3
"ANXA6",1
"REEP3",2
"SIN3A",1
"JAG2",1
"MAF",1
"ADAR",1
"UQCRC2",2
"RBFOX2",2
"KIF24",1
"HIST1H2AI",1
"DTNA",2
"GID8",1
"ZC3H8",1
"PAXBP1",1
"CABYR",2
"BRAT1",1
"STAB1",2
"CDC42EP3",1
"ZFAND5",3
"RIC8A",1
"FAM72C",1
"PHF21A",1
"SLC4A1AP",1
"FAM120A",1
"MGAM",1
"IL4R",3
"ZBTB7C",1
"COASY",1
"FAM208B",2
"FAM222A",2
"FAU",1
"FEM1C",3
"HIST1H2AB",1
"PPP4R3A",1
"ZNF580",2
"HPGD",2
"TATDN1",2
"RAPGEF3",1
"APOOL",1
"RFC5",1
"CDKL5",1
"NUCB1",3
"NDUFS1",1
"SNN",3
"PUS7L",1
"WHAMM",1
"HACD4",2
"OSBP",1
"MED1",1
"DKK2",2
"VPS35",2
"GPC6",2
"JMJD8",2
"PLEKHM2",3
"SPEN",1
"TOX2",1
"UBE2G1",1
"BCL7B",1
"DISC1",2
"NEURL1B",1
"GBE1",1
"DARS",1
"TRAM1",3
"MACC1",2
"NCBP2-AS2",2
"PCYOX1",3
"SPRYD4",2
"CD2BP2",1
"RSBN1L",1
"NUDT16",2
"MPLKIP",2
"PSMD3",1
"MRPS22",2
"UBP1",1
"C9orf16",1
"YIPF3",1
"KCTD12",3
"MYL4",1
"SYT6",2
"EPOR",1
"TRAPPC6A",3
"SNCA",2
"CHL1",1
"F5",1
"PHLDA1",3
"IL13RA1",2
"LKAAEAR1",1
"SPARC",1
"S100A4",2
"HLA-DRB5",2
"IRAK1",1
"MCM3AP",2
"FNTA",2
"DONSON",1
"RAF1",1
"IKZF1",1
"NUFIP2",1
"C5orf24",1
"EHMT2",2
"SH3BGRL",3
"CCDC144NL-AS1",1
"HAUS5",1
"NHLRC3",1
"JDP2",1
"ADD3",1
"TUBA4A",1
"TST",1
"PIGR",2
"SLC7A2",1
"ANAPC16",1
"PGPEP1",1
"PAFAH2",3
"GPD2",1
"SERF2",2
"MYL6B",1
"UBE2F",2
"SVOPL",1
"MED19",1
"PLS3",1
"LUC7L",1
"FAM102B",2
"CD320",1
"MYO1F",3
"PRTN3",1
"SLC38A6",3
"UXS1",1
"DMWD",1
"UBA1",1
"CBFA2T3",1
"ERGIC3",1
"TDP2",1
"URM1",2
"DCTD",2
"ZNF516",1
"MFF",1
"BTF3L4",2
"SAP30",1
"PPP2R5A",1
"FANCG",1
"SLC23A2",2
"FAM72D",1
"H6PD",1
"CHD6",1
"TRAF4",1
"RBL1",1
"FRY",1
"RAB11B",1
"PELI3",3
"DYRK1A",1
"IGFBP4",2
"HIST1H2AG",1
"INCENP",1
"B4GALT2",1
"MYDGF",2
"ZNF518A",1
"CLNK",2
"GOLM1",2
"STAT3",1
"TMEM41B",1
"CDK16",1
"TLCD1",2
"SLC25A40",1
"RABAC1",3
"SERPINB2",1
"CLEC7A",3
"ARHGEF3",2
"BLOC1S1",3
"PLRG1",1
"MCU",1
"ARHGAP35",1
"EIF2S3",2
"ZC3HAV1",1
"REG4",2
"PCYT1A",2
"VPS36",2
"FAM214B",1
"COIL",1
"TOMM7",2
"FGL2",2
"YLPM1",1
"TNPO1",2
"SLC30A4",2
"FOPNL",1
"NNT",1
"CEPT1",1
"GCLM",2
"DSTN",1
"CENPO",1
"ABR",1
"ABCG1",3
"TBC1D14",1
"CLEC4A",2
"ATP8A1",1
"ITPRIP",1
"RGP1",2
"NCOA2",1
"SLC15A4",3
"RIPK3",1
"TMOD3",1
"NATD1",1
"LTC4S",1
"ARL2BP",2
"C2orf91",2
"FSCN1",3
"HSPB1",2
"IP6K1",1
"DLGAP3",2
"HPDL",2
"RNF166",3
"HCK",1
"ZC3H14",1
"M6PR",3
"ITGAL",1
"TBC1D7",2
"PIGT",1
"DEF6",1
"HDDC3",2
"DOK1",2
"PMEPA1",3
"TSKU",1
"SBDS",2
"TRPT1",2
"ARPIN",2
"RFX3",1
"ADRB1",1
"KRTCAP2",2
"MMP25",1
"CDC26",2
"ECSIT",2
"MCM8",1
"EML1",2
"CCDC138",1
"ACADM",1
"CTDSP1",1
"SNRNP27",1
"STXBP5",1
"TMEM106B",1
"SPRY4",2
"ZNF395",1
"PAQR5",1
"LARP4",2
"FAM98A",1
"ST3GAL4",1
"AAMDC",1
"EPHB3",2
"CDS2",3
"TMEM179B",3
"AGPAT2",1
"TANC1",1
"CARM1",1
"PHC3",1
"MPP6",2
"EIF4E2",2
"TFEB",2
"LSM10",3
"UBE2L6",3
"CASP10",1
"CARD11",2
"IRF4",2
"LRRC25",3
"RBPJ",1
"AMFR",2
"LPIN2",3
"DIDO1",1
"NCAPG",1
"C5",1
"FTX",1
"TOX",1
"GIPC1",2
"GYPC",1
"GLDN",1
"NELFB",1
"CLIP4",3
"TBC1D5",1
"HIBCH",2
"ING4",1
"ZNF507",1
"POM121C",1
"ITPR3",2
"TMF1",1
"CERS2",1
"BRMS1",2
"MRPS31",1
"CASP2",1
"CLDN1",2
"EIF4A2",1
"PREX2",2
"RIC3",1
"SPTBN1",1
"SCYL1",2
"SLC6A12",2
"GEMIN7",2
"C9orf72",1
"COPG1",1
"PPL",1
"ATOH8",1
"VMO1",2
"PLIN5",1
"GATA1",1
"THUMPD3",2
"AP2B1",1
"CUX1",1
"NECAP2",3
"GCAT",1
"COL18A1",1
"CTDSP2",1
"SURF2",2
"PLEK",2
"SMIM15",2
"TLE4",1
"PRIM2",1
"TBC1D15",1
"TMEM56",1
"CYP20A1",1
"ISG15",3
"CSGALNACT1",3
"CHTF8",1
"CCDC26",2
"C5orf34",1
"MIER1",1
"ATM",1
"SCNM1",2
"ZGRF1",1
"C9orf116",2
"HTT",1
"IP6K2",1
"ELOF1",1
"ISYNA1",1
"DEFA4",1
"ATP6V1E1",1
"CD38",1
"ARID2",1
"KNTC1",1
"MLLT11",1
"PANX2",1
"SYMPK",1
"SLC12A7",2
"VIM",2
"PANK2",1
"HAPLN3",1
"UTP3",2
"ARIH2",2
"SIGLEC10",1
"HTR7",2
"ADGRD1",1
"CENPL",1
"HIST1H2BF",1
"TSPAN2",1
"ARHGAP19",1
"SORT1",2
"RACGAP1",1
"TDRD9",1
"PIN4",1
"EIF2A",1
"NRIP1",1
"SERTAD1",3
"ZNF385A",3
"TRNT1",1
"ANKRD44",2
"LYN",3
"PHKG1",2
"PPIP5K2",2
"SNAI1",2
"HCFC1R1",1
"NEMF",2
"PSMB10",2
"ZNF770",1
"EIF1B",1
"B3GAT3",2
"LCP1",2
"ARFRP1",1
"DCLRE1C",1
"C10orf82",1
"FAM72B",1
"DUSP14",1
"INTS1",1
"SIGLEC9",2
"COLGALT1",1
"MED21",2
"DYNC1H1",2
"MAST3",3
"MRPL43",2
"FAM50A",2
"RHOQ",3
"FGD5",3
"BAD",1
"CMTM8",1
"TONSL",1
"RELB",3
"SSBP3-AS1",3
"HS3ST1",2
"CASP3",2
"ZHX1",1
"SDHD",2
"EML4",3
"NLRC5",1
"LPL",1
"DCLRE1A",1
"TAF6",1
"TNFAIP6",1
"ZBTB38",2
"SRGAP2",2
"CTSG",1
"ARRDC5",1
"ADRB2",1
"ACTR1A",1
"RGS9",1
"C15orf53",1
"SLC36A4",1
"PTCD3",1
"ABCB4",2
"ARHGAP31",2
"CCL4L2",3
"ARHGAP11B",1
"NFKBIE",2
"RAB8B",1
"CCM2",1
"VTA1",1
"BMPR2",1
"ISCA1",2
"TYMP",3
"LY6E",2
"BAG5",1
"PGLS",2
"AC022021.1",1
"APP",1
"SP140L",2
"TGFA",3
"HSPG2",2
"DOCK11",1
"STAG1",1
"PCLO",2
"ASAP2",1
"GOSR2",2
"CHMP1B",1
"EPHX1",1
"NKTR",1
"KCNMB4",2
"TNFRSF9",2
"RTKN2",1
"KATNA1",1
"TET3",1
"SNX2",3
"EFHC1",1
"AC012368.1",1
"AKIRIN1",2
"GFI1",1
"LINC01088",1
"ACYP2",2
"FCGR2B",2
"CCDC106",1
"S100A12",1
"ATP11B",1
"LASP1",1
"LYRM2",1
"PPM1M",3
"UST",2
"HIST1H3F",1
"CCDC88B",1
"TMEM50A",2
"ARF1",1
"SMAP1",1
"SLC2A1",1
"SEPT6",1
"SETDB2",3
"VPS51",1
"LSM14A",1
"ABCF1",1
"THOC2",1
"HP1BP3",1
"TBC1D10B",1
"ANKRD13B",2
"CPEB2",1
"ADCY4",1
"SMS",2
"RARG",2
"LYST",1
"PPP6C",1
"TCTEX1D2",1
"MARCKSL1",1
"GATM",2
"IRF2",3
"ST13",2
"MOB4",1
"TSPAN31",1
"PSAT1",1
"KANK2",1
"ARHGAP6",1
"ADAMTS5",3
"SLC2A3",1
"RGS1",3
"DYNLT3",2
"MLST8",1
"ZCCHC10",2
"LAYN",2
"TLR5",3
"ALKBH7",2
"GPR68",2
"RYK",1
"CISH",1
"GOLIM4",1
"RAP2B",3
"CTSW",1
"ZFAND3",1
"DMTN",1
"AC109826.1",1
"VAC14",3
"MIEF1",1
"MRPS5",2
"BATF2",3
"NUPL2",1
"RNASEH2A",1
"BMP2K",3
"ZNF146",1
"CARD8",1
"ARL11",1
"RNF2",1
"CENPH",1
"PIK3R3",1
"C20orf27",2
"SMIM7",2
"DNAJC12",2
"TMIGD2",1
"LCN2",1
"HELZ",1
"AEBP1",1
"THRIL",1
"PRKRA",1
"PTGS1",1
"CUTC",1
"NOSIP",1
"C19orf24",2
"GLI3",2
"HSPBAP1",3
"NFAT5",2
"FAM69B",1
"GIGYF1",1
"OTUB1",1
"IGF2BP1",1
"SLC37A2",3
"HK2",3
"LGALS8",1
"APIP",2
"SH3YL1",1
"GEN1",1
"DYNLT1",1
"UTY",1
"HIST1H2AL",1
"SRI",2
"GSDMD",1
"PAK2",1
"SSFA2",1
"C16orf87",1
"CAPG",3
"RARA-AS1",3
"CDV3",2
"PTEN",1
"ZNF780A",3
"EIF3H",1
"SUV39H1",1
"NCK1",3
"SUGP2",1
"IRF3",1
"HECA",3
"CEP295",1
"ISPD",1
"MMP15",2
"DGCR2",1
"NTHL1",2
"MRPL44",2
"ARHGEF12",2
"APOPT1",1
"MKNK2",1
"HIP1",2
"TRNAU1AP",1
"NTAN1",2
"TALDO1",1
"GMPPA",1
"NRP2",3
"FAM133B",2
"VHL",1
"KMT2C",1
"DNAJB9",3
"ABHD2",1
"MASTL",1
"MICU1",3
"RBL2",1
"TLR2",2
"KIAA1211",1
"ARHGAP21",1
"RRAS",3
"MICAL3",1
"OSER1",1
"CCR7",3
"DOCK2",1
"CLIP2",1
"NAP1L5",1
"PCGF2",2
"RBM12",1
"ANAPC13",1
"ITGAX",3
"TPD52L2",1
"ARMCX6",1
"NRSN2",1
"SLF1",1
"TSPAN13",2
"HSPA4L",1
"NSUN5",1
"NKILA",1
"SLC22A4",1
"NUAK2",3
"CTBP2",1
"KHDRBS3",1
"ROBO4",1
"TMEM102",2
"TAF3",1
"SS18",1
"POGZ",1
"NALT1",3
"KHDC1",1
"SNRK",1
"TRIM24",1
"C2orf48",1
"PRKCH",2
"NOL4L",1
"IQGAP2",1
"USP4",1
"RANBP17",1
"ARHGEF2",1
"ELOVL5",1
"CUTA",1
"CDCP1",2
"WDR41",1
"SUPT7L",1
"CD40",2
"LRRC8C",1
"LINC01480",2
"CHST2",2
"ELF1",1
"EXOG",2
"ACTR6",2
"RERE",1
"IFI27L1",1
"CHAC2",2
"SLCO2B1",2
"SUN2",1
"GPRC5C",2
"TIFAB",2
"SFSWAP",1
"TMEM70",3
"TAPBP",3
"SULT1C2",3
"EGR1",1
"APPBP2",1
"P3H2",2
"TMEM169",2
"ORAI1",2
"CCDC102A",2
"EDEM2",3
"TXNDC17",2
"SYCE2",1
"SPATS2",1
"CCR2",1
"THAP1",1
"ATP6V1H",2
"UBE2J1",1
"PITPNM1",1
"CLEC4D",1
"ENOX1",2
"ABCA2",2
"SAMSN1",1
"BAG4",1
"TRIP6",2
"HBS1L",1
"RAP1GAP",1
"TNRC6C",1
"NT5M",2
"MPEG1",2
"IDO1",3
"CREBRF",3
"UGGT1",1
"CACFD1",1
"RNASE3",1
"SIRT2",3
"DEPDC7",2
"CCND2",1
"STRIP2",2
"AGO2",1
"POLA1",1
"LRRC20",1
"ERGIC2",2
"GNB3",1
"WTAP",1
"IQCC",2
"SCYL2",1
"SP110",2
"RAD51",1
"LILRB2",3
"SP3",1
"BRD3",1
"DNAJB6",1
"ARL2",1
"C3orf38",2
"TRADD",3
"HTRA4",3
"SLA",1
"LIN9",1
"MLC1",1
"BLM",1
"CIR1",1
"ZNF428",1
"LAMTOR3",3
"EBI3",2
"PPP2R5E",1
"PHACTR4",1
"SNCG",1
"KLHL23",1
"POLA2",2
"CLIC3",2
"HS3ST3B1",2
"FANCB",1
"FCHSD2",1
"ANKRD49",1
"MYO1G",1
"PABPN1",1
"WWP1",3
"CD63",1
"ODF3B",1
"CCL4",3
"FBXO2",2
"SLC18B1",2
"ITGA7",2
"DDX41",1
"DNPEP",2
"FBXO43",1
"OGDH",2
"TMEM33",3
"GSTK1",3
"BAZ2B",1
"SCAMP3",2
"SEMA4D",1
"TWF2",2
"NCCRP1",3
"ACP6",1
"DCAF7",1
"TCEAL4",3
"NUDT9",2
"KIF1C",1
"DEPTOR",1
"AK6",1
"SCOC",1
"UNC119",2
"ANKRD13A",1
"CUL1",1
"PLEKHM3",1
"ALPK1",1
"MSL1",1
"TREML1",3
"STXBP6",1
"POLE",1
"MRRF",2
"LAMP3",3
"CLIC4",1
"NUDT8",2
"SIAH1",1
"SLC16A1-AS1",2
"CKAP2L",1
"ZNF644",1
"GHRL",2
"EEA1",2
"DNAJB1",1
"CD6",1
"PGAM5",1
"LAPTM4A",1
"ISL2",3
"EPCAM",2
"TMC3-AS1",1
"BEX1",1
"SON",1
"PPP1R16B",2
"DCTN6",2
"PEX13",2
"CCDC59",1
"ASIP",3
"ISCA2",1
"RASSF7",2
"FPR1",1
"LPAR5",1
"HIST2H2AB",1
"OPA1",2
"MICAL2",1
"IGSF3",1
"MESP1",2
"WAS",2
"MVP",1
"AK7",2
"DHRS11",2
"NDRG3",2
"DMAP1",1
"GPR137C",1
"SP4",1
"TTC7A",1
"CBL",1
"GIGYF2",1
"PITPNC1",3
"KDM1B",1
"DHRS3",1
"COPS7A",2
"CCDC125",1
"BST2",2
"CDK19",1
"LINC01611",2
"HAMP",3
"HSPA6",3
"PKP2",1
"RHOU",1
"ATG4C",2
"DSN1",1
"RHOT2",1
"ZNF688",2
"HLX",3
"TYK2",1
"VPS41",3
"CAMLG",1
"GPR162",3
"LYSMD2",2
"IARS2",1
"FAM208A",1
"TLR4",1
"IFT80",1
"C6orf106",3
"WAC-AS1",1
"SEC31B",1
"PPID",1
"CEP164",1
"FAM3C",1
"PDCD4",1
"IL10RB",1
"ZNF397",1
"BORA",1
"PSME1",2
"ELMO1",1
"CD3E",2
"WASF1",2
"PSMA6",1
"MSX2",2
"GBP5",1
"MED30",1
"RTTN",1
"DNM2",2
"DPH3",3
"BAMBI",1
"USP8",1
"TM9SF3",1
"NAPG",1
"THBD",1
"ZEB2-AS1",3
"RTF1",1
"TMEM134",2
"SC5D",1
"BOK",2
"PREX1",2
"ZNF552",1
"CTTNBP2NL",2
"DDX19B",2
"NEDD8",1
"TMEM11",2
"FNBP1L",1
"TMCO1",2
"TRIB3",3
"ACOT9",2
"CFAP73",2
"RANGRF",1
"MYO6",2
"EPB41L3",3
"VAMP7",1
"AGA",1
"PLK2",1
"TCTN1",1
"CIB2",1
"HIST1H2BJ",1
"MAPK1IP1L",1
"WDR26",3
"CDC25B",1
"TTC9C",1
"FAM13A-AS1",1
"AMHR2",1
"SLC25A10",1
"TUBB6",2
"SOCS1",1
"RABEP1",2
"GTF2H2",1
"PARD3",1
"EPS8L2",2
"OSBP2",1
"RASGRP1",3
"DDX52",1
"RIPPLY3",3
"IMPAD1",1
"KLF3",1
"HIST1H2BN",1
"SEC24D",2
"FMNL3",1
"ENC1",1
"TSPAN4",2
"FAM81B",1
"TRPV4",2
"DDIT3",3
"CCDC93",1
"OST4",3
"ARFIP1",2
"TGM5",2
"LNPEP",1
"EP300",1
"MIEN1",3
"TMEM176B",3
"SRSF6",1
"ING3",1
"SYNJ2BP",2
"TET2",1
"GPR3",2
"WNT5B",3
"PPARA",1
"C19orf66",3
"CNOT6",1
"KIF21A",2
"TRABD",1
"PPP1CB",1
"VWA5A",1
"ORMDL2",2
"IGF2BP3",1
"FAHD2B",1
"CTPS1",1
"DAPK2",2
"TMEM47",1
"MEX3D",1
"GGT1",2
"ZMYM2",1
"KIF13A",3
"TMEM245",1
"GNLY",1
"CDKN2B-AS1",1
"FBXO41",2
"AHNAK",1
"SRGAP3",2
"SLC5A3",1
"MAP1A",1
"PPFIA3",1
"C1orf115",2
"MICAL1",2
"IRAK3",1
"ARHGAP33",1
"ZNF521",1
"SOS2",3
"PLEKHA5",1
"LAD1",3
"RNF4",2
"OSGIN1",3
"YARS2",1
"MED15",1
"REV1",1
"RNFT2",1
"GOLGA3",1
"CCDC15",1
"HIRIP3",1
"KDELR3",2
"TOR3A",1
"MRVI1",3
"C4orf48",2
"ABAT",1
"RNASE2",1
"EPB41L4A",1
"LMBRD1",3
"CCDC189",2
"TMEM141",2
"LINC01356",2
"PRRG4",1
"DHX8",1
"SMIM1",1
"FGFBP1",1
"KCNQ1OT1",1
"MXD1",3
"EMC2",3
"PBX1",1
"MIR3142HG",2
"LCMT1",1
"ZNF695",1
"RUFY3",2
"TRGC2",1
"UBQLN1",1
"CRLF2",3
"KCNQ3",2
"HOXB3",1
"SLC31A1",2
"SLC16A5",3
"TNFSF10",1
"CEP350",1
"SHPRH",1
"UBR5-AS1",1
"GALC",3
"TANGO2",1
"ITFG2",2
"KCNJ2",3
"ATP12A",1
"SIL1",1
"CDC42",2
"NR1H3",3
"MAVS",1
"HOXB7",1
"ATF6",1
"RECK",2
"IQGAP1",1
"NOTCH4",2
"USF2",3
"PGLYRP2",1
"AGAP1",2
"FZD1",2
"YWHAZ",1
"CDC16",1
"DNASE1",1
"KIF25",2
"CMIP",1
"ZNF366",2
"TMEM37",3
"DDA1",1
"OCEL1",1
"LRFN3",2
"CD84",1
"BOLA3-AS1",1
"SLC40A1",1
"ANKS6",2
"RAB3IL1",3
"TGFBR2",1
"CYSLTR2",2
"TRG-AS1",3
"SLCO5A1",3
"SRFBP1",2
"FKBP7",1
"ZNF280D",1
"ROR2",3
"EXOC7",1
"USP3",3
"ZDHHC5",2
"PDE6H",1
"EIF2B4",2
"KIAA1551",3
"SUSD1",1
"FEM1B",1
"SLC9A3R2",1
"KLHDC2",2
"IL17RB",1
"OGFR",1
"SMIM24",1
"E2F4",1
"CHP1",1
"GPT2",2
"COPS7B",1
"TP53INP2",1
"FRMD3",1
"TMEM60",1
"ZBED1",1
"GSTT2B",2
"GFI1B",1
"AC004988.1",1
"SRSF5",1
"TSPYL2",1
"CDYL",2
"PCMT1",1
"ICE1",2
"PPP1R18",1
"HSD3B7",1
"TM9SF2",1
"SACM1L",1
"CCDC134",2
"OTUD4",1
"CLMN",1
"MCOLN2",2
"EDEM1",1
"WAC",1
"PCSK7",1
"TRPM7",3
"ALAS2",1
"DDRGK1",3
"SH3D21",3
"FAM20C",2
"RAC3",1
"RAB21",1
"ATF4",1
"PGBD5",2
"ZMYND8",1
"PLTP",1
"ITGA5",1
"STK11",1
"FREM1",1
"COL17A1",1
"F8",2
"PRTFDC1",2
"ATP6V1A",3
"NCKAP5L",3
"UBXN7",1
"PSMF1",2
"BAIAP2L2",1
"ETV2",2
"ABHD14B",2
"P2RY1",1
"LPCAT2",1
"UNC13D",1
"CHCHD5",1
"VPS72",1
"VTI1B",2
"COMMD3",1
"TNFSF15",2
"MRFAP1",1
"CDC42EP4",1
"UNG",1
"PDE6G",1
"KCTD15",1
"CXorf38",2
"FCAMR",2
"MARCH7",3
"VPS45",2
"PFKM",2
"PLEC",1
"TAP1",2
"DCAF6",2
"NIN",1
"C16orf72",3
"RAB5C",2
"GNPAT",1
"SIGIRR",1
"LRIF1",1
"RSRC1",1
"DNAJB5",2
"PDPR",1
"PPP1R9B",1
"CEP72",1
"FNIP2",3
"CLTC",2
"GALNT12",2
"RHOD",1
"SRGAP2C",1
"PHF20L1",3
"SLC26A11",3
"DCAF11",1
"PIK3R1",2
"CC2D2A",2
"PNKD",2
"GMFG",1
"C18orf54",1
"SLC43A2",3
"PTP4A3",1
"SYPL1",1
"HIST1H3H",1
"PACSIN3",2
"MAP3K11",1
"CRYZL1",1
"KDM3B",1
"ZCCHC2",3
"RASSF8-AS1",2
"GPR19",1
"SLC35B4",2
"GABARAPL1",3
"HOXB6",1
"LHFPL5",3
"CRNKL1",1
"ATP9A",3
"ABCA7",1
"SEPT5",3
"CLIC1",1
"HOXB4",1
"PICALM",3
"FBXO7",1
"TNFRSF21",1
"SH3BP4",2
"EYA3",2
"ZBTB44",1
"ADGRG1",2
"ARHGEF1",1
"TMEM19",2
"DBN1",1
"ARFGAP3",1
"FBXO4",1
"ASH1L",1
"AKNA",1
"FAM53B",1
"ARHGAP22",2
"SCN4B",2
"CARD8-AS1",3
"ARRB2",2
"SPINK4",1
"COA3",1
"PEX19",1
"NR2C2",1
"PRL",1
"CBFA2T2",1
"SMARCA1",1
"GTF2E2",2
"LRRC75A",1
"KRIT1",1
"POLD1",1
"SEMA6B",3
"CABIN1",1
"CASKIN2",1
"FASTK",1
"PARD6G-AS1",2
"TMCO4",2
"FAM168B",1
"COQ3",2
"JUP",1
"TGM3",3
"MPP3",2
"PCBP1",1
"CPA3",1
"SFXN2",1
"MDM4",1
"CCRL2",3
"EMP2",2
"ABI1",3
"MPV17",2
"ADCY6",2
"AQR",1
"REST",1
"SYS1",1
"TMEM8B",1
"DTX2",3
"VGLL4",1
"GHDC",3
"SEC23A",3
"TFDP2",1
"C1D",1
"OPTN",1
"PLEKHF2",1
"PKN3",1
"KDELR1",1
"WDR90",1
"TIMM10B",1
"RAD51AP1",1
"KIAA0319L",3
"AAK1",2
"BIN3",1
"BRAF",3
"YPEL5",1
"ZDHHC17",3
"STK24",1
"ASB8",1
"AKT3",1
"KLC1",1
"TATDN3",2
"YRDC",1
"EZH1",1
"SEMA7A",1
"TRIM36",2
"LYPLAL1",3
"RNF144A",1
"CPNE1",1
"NFIX",1
"FCMR",2
"SLC35E1",2
"DGKG",1
"AXIN2",3
"SMAD3",1
"TMLHE-AS1",1
"THOC1",1
"MAN1C1",2
"PARD6G",1
"SHC3",2
"EHD4",2
"CDSN",1
"ACOT13",1
"PPM1H",1
"SMAD1",1
"RNF175",2
"BCAP31",2
"GLYR1",1
"MBD6",3
"NXT2",1
"CUL2",1
"KIN",1
"C1orf226",1
"COL8A2",1
"NFU1",1
"SEPHS2",3
"C8orf88",1
"NBEAL1",1
"SLC30A5",1
"RNF113A",1
"CNP",1
"ZMIZ1-AS1",3
"ATRIP",1
"TRIM27",1
"LILRA6",3
"FKBP8",2
"CCDC28B",1
"POLH",1
"APOC2",2
"SPATA20",2
"SNHG7",1
"COL6A2",3
"C12orf76",1
"RAB32",2
"SLC39A14",1
"RFTN1",1
"RNF115",1
"MIR503HG",1
"TSC22D4",1
"KLF9",2
"ZNF443",1
"ZNF704",1
"SMCHD1",3
"C1orf174",1
"LAT",1
"STK16",2
"IL6R",3
"NHLRC4",1
"TMEM44",1
"TSC22D1",1
"PTGS2",3
"CYB561D2",1
"C6orf223",1
"ADARB2",3
"DLG1",1
"CEP170B",2
"MESP2",1
"ENOSF1",3
"TNFRSF11B",3
"UBAC2",2
"CCNG2",1
"PNKP",1
"GRK5",1
"MDFIC",1
"CD160",1
"SEMA4A",1
"HIVEP1",1
"CHD8",1
"MARCH6",1
"YTHDF1",1
"GPR35",1
"SIGLEC5",1
"OTUD1",3
"ETV1",2
"TOR1B",1
"ARID3B",3
"CPSF2",1
"COL7A1",2
"ATP5S",1
"CNOT2",1
"CD244",1
"ORMDL1",2
"KLHL36",1
"SLC25A4",1
"DMXL1",3
"CD101",1
"PDCD10",2
"MKLN1",3
"HK3",1
"RNF208",1
"DRC1",1
"MPND",2
"ZDHHC19",1
"TRDC",1
"CNN3",1
"PRSS57",1
"COPB2",2
"IFI35",3
"BCAR1",1
"BEND3",2
"BECN1",2
"TRIOBP",1
"TP53RK",2
"CCR3",3
"ZCCHC9",2
"CYB5R4",3
"WDR13",1
"PUS7",2
"RHAG",1
"HMBOX1",3
"SLC25A46",1
"VPS9D1-AS1",2
"NFE2L3",1
"ZNF358",2
"MOCOS",1
"STARD13",3
"CCDC168",2
"TIMM17B",1
"F2R",1
"PROCR",1
"SCFD1",1
"USP25",3
"MLLT6",2
"YIPF4",1
"GAPT",1
"C8orf76",1
"ZDHHC4",1
"APOBEC3C",1
"RBCK1",1
"PKP4",1
"KIAA1549",1
"LCORL",1
"GSTP1",1
"FANCC",1
"DSE",3
"XRCC4",1
"ANKRD33B",1
"INO80D",1
"AKAP13",1
"DR1",1
"FIGNL1",1
"IGKC",3
"FOXP1",1
"CAPN1",1
"TMOD2",3
"CDH1",2
"CD300E",2
"EFCAB14",2
"PTK7",1
"LGALSL",3
"DLL3",2
"ATP8A2",1
"TOR1AIP2",1
"P2RY12",2
"SYNGR1",1
"H2AFY2",1
"SSX2IP",1
"TMEM9",1
"PGM1",1
"MOSPD3",1
"NR3C1",1
"HIGD2A",2
"DBF4B",1
"SIPA1L2",3
"ITGA2B",1
"C1RL",3
"DHX38",1
"ARMC10",3
"GTF2B",2
"ZBTB8A",1
"NAAA",1
"LINC00906",1
"EIF5A2",3
"LSS",1
"LINC01184",2
"C16orf95",1
"KLF15",1
"LINC00958",3
"PPP1R9A",1
"SYF2",1
"TRAPPC6B",1
"IGFBP5",1
"NFKBID",1
"ARRDC4",1
"DIP2A",1
"PAOX",2
"THOC5",1
"HSPA2",2
"GATAD2B",1
"NPR1",3
"AC003681.1",1
"TGFBR3L",2
"HACD1",1
"SLC16A10",1
"KATNAL1",1
"ZNF655",1
"RAB11FIP4",3
"HDAC4",3
"IQSEC2",2
"ERLIN2",1
"FAM198A",2
"PMP22",3
"AMD1",1
"BTG2",1
"AR",1
"SMYD3",1
"SWSAP1",3
"LINC01336",1
"VTI1A",1
"OAZ2",3
"RBM4B",1
"GIMAP8",3
"GTF2I",1
"DENND4B",1
"SEMA4B",1
"SLC22A23",1
"KIT",1
"ABHD14A",1
"SYT11",1
"RHOH",1
"SPN",1
"TM9SF4",1
"CCM2L",1
"AC004069.1",2
"PCM1",1
"SLAMF7",3
"CPPED1",1
"ESAM",1
"EXT1",1
"AC027307.2",3
"HPS5",1
"BCL6",1
"NEBL",3
"RNF144B",3
"FUT4",1
"PCOLCE",1
"ZMYND19",1
"FOXJ2",3
"FAM210B",3
"WWP2",3
"ATP6V0E2",1
"SLC28A3",1
"SETD2",1
"EFCAB7",1
"DDX6",1
"THG1L",2
"RHPN2",2
"AMPD3",1
"SCG5",2
"DUSP11",2
"ZNF865",3
"BEGAIN",1
"PI4KA",1
"NLRX1",1
"TNFRSF12A",1
"SLC48A1",1
"DEPDC1-AS1",2
"MAP3K13",2
"ALDH1B1",2
"RGS14",1
"LVRN",1
"TMEM150C",3
"TTTY14",1
"GAPLINC",2
"SLC22A31",1
"CYB561A3",1
"IPO8",1
"BDH1",2
"NEIL1",2
"NEU3",3
"MEF2C-AS1",2
"OTUD7B",2
"CSRP2",2
"MARCO",3
"LINC01352",3
"RAB27B",1
"PHF1",1
"GSPT2",1
"UBE2D4",2
"BEST1",3
"HYKK",2
"ITGB1",2
"SMG9",1
"ANAPC7",1
"ECHDC3",2
"NT5DC3",2
"ZNRF3",1
"SLK",1
"ZNF524",1
"OSGIN2",3
"HS3ST2",3
"TMED5",3
"CD83",3
"PPAT",2
"NDUFB1",1
"TAF9",1
"GTF3C2",1
"TTC14",3
"RUNDC3A-AS1",1
"AC105760.2",1
"SPATC1",1
"DCTN1",1
"HECTD1",1
"C3orf67",2
"TXLNA",2
"HEXDC",2
"TRIM56",1
"RNU6ATAC35P",3
"ATMIN",1
"TIE1",1
"GRAP2",1
"FAM95B1",1
"TRIM22",1
"ATG4B",1
"YTHDC1",1
"LINC00937",1
"BIRC3",3
"SSBP3",1
"KCNH2",1
"RAB30-AS1",1
"ARSA",3
"TTC39B",1
"GJB2",1
"PLAGL1",1
"HDAC5",1
"ARID4B",1
"EPS15",1
"C12orf49",3
"ARID5A",2
"UBN2",1
"LSP1",2
"ZNF165",1
"TIMP3",1
"SLC9B2",1
"ARHGAP10",3
"ASAH2B",1
"EXTL1",2
"UBE2Z",1
"WWC3",1
"MAPKAPK5",2
"SYN2",1
"RGL3",3
"TNS3",2
"ATP1B3",2
"MARK3",1
"NUP50",1
"ZNF512B",1
"RAD9B",2
"SAMD4B",1
"PKD2L1",3
"BLOC1S4",2
"MARK4",3
"ORC3",1
"C3AR1",2
"SLC9A1",3
"CLPX",2
"LINC01539",3
"HPS4",1
"RIN3",1
"SCAF4",1
"PRRT2",1
"C4orf46",1
"TUBB2B",3
"SLC30A2",1
"LRRC41",1
"MLLT10",1
"PJA2",1
"NDUFA7",1
"PRELID3A",2
"NR2C2AP",2
"ZBTB16",1
"HIBADH",3
"SATB1",1
"FAM204A",2
"EMID1",1
"ZNF532",2
"TCF15",1
"STAT6",1
"POFUT1",3
"GDF11",1
"CLEC12A",1
"CSNK2A1",1
"LIMS1",2
"CACNA1D",1
"PFDN6",2
"RNF114",3
"ACOT11",1
"PAQR4",1
"C1orf198",2
"HOXB2",1
"SH2D4B",1
"APC",1
"FHIT",1
"ENPP2",2
"CCR5",2
"SAMD9L",1
"PGA5",3
"RNF212",1
"PRKD3",1
"APOL4",1
"PIM1",1
"IFT81",2
"ZFYVE26",3
"UGP2",1
"PGRMC2",2
"BRWD3",3
"TAB3",1
"IST1",1
"REPS2",3
"GNPNAT1",2
"NEO1",1
"WASF3",2
"EHBP1L1",1
"GUCY2F",3
"CALCRL",1
"PRRT4",1
"PVALB",3
"PDE12",1
"FANCM",1
"ADIPOR2",1
"UBE4A",2
"TNFAIP8",1
"CRISPLD1",1
"XYLB",1
"YIPF1",1
"MXD3",1
"MCC",2
"CDC40",1
"RHEBL1",1
"MYO7B",1
"TRMO",1
"DNAH14",1
"GNAO1",2
"AC068491.3",2
"SLC39A9",3
"IL1RAP",1
"ZNF85",1
"WDR82",1
"CETP",2
"TSHZ3",1
"CHEK2",1
"NANOS3",1
"TOP2B",1
"DGKA",1
"FHL1",1
"ACHE",3
"INPP5J",2
"CMTM5",1
"YME1L1",1
"IRF8",3
"ASPHD1",2
"MECOM",1
"HOXB8",1
"MYCL",2
"RARRES3",1
"NRF1",1
"SLC12A3",2
"AGPAT4",1
"RAB15",2
"ITGA9",1
"SLFN5",1
"HRH2",3
"NISCH",1
"CEP57L1",1
"MED29",2
"ALDH1L2",2
"GXYLT1",1
"HYLS1",1
"SEL1L3",2
"SEC14L1",2
"EXD3",1
"ST8SIA6",1
"YKT6",2
"TMEM9B",2
"ERRFI1",3
"EEF1A1",1
"FPR3",2
"GPBP1L1",1
"ARID1B",1
"ZDHHC1",3
"ZMYND11",1
"GRIP2",2
"ADAMTS10",2
"COMMD6",3
"GPR157",3
"ZNF682",1
"JAGN1",1
"GCSAML",1
"ESF1",2
"AEBP2",3
"STAMBP",1
"DEPDC4",1
"CREB1",1
"C17orf99",1
"TOM1L1",2
"XBP1",1
"ALDH18A1",2
"FMNL2",3
"ZNF581",3
"FAAP24",1
"RAB38",3
"ISCU",2
"BCO2",2
"PIK3C2B",2
"TRIM59",1
"PDZK1IP1",1
"MXD4",2
"MARCH8",1
"SENP6",1
"GMPR",1
"PIGS",1
"GPS2",2
"TEN1",1
"SP1",3
"THAP10",2
"TMEM145",1
"CLTCL1",1
"RHOG",1
"MEX3B",1
"TAZ",1
"RUNX1",1
"PTPN9",1
"AP3S2",1
"DNAH17",1
"ELL",3
"CLEC6A",1
"MFGE8",1
"FAM151B",3
"FBF1",1
"SPAG16",2
"TOR1A",1
"TRAF3IP3",1
"AP1S3",1
"TMEM208",2
"TAF9B",1
"HAAO",2
"SHOX2",1
"CD55",1
"LYPLA2",1
"TMEM52B",3
"PYCARD",2
"SRR",1
"PPP3CB",1
"EMC3",2
"ITGB5",2
"NDUFA11",2
"C20orf194",3
"RTCA",1
"CBWD5",2
"MAU2",1
"FGD2",1
"PDPN",2
"SGSH",3
"TNFRSF11A",2
"RAB40B",2
"SHROOM4",1
"ITPRIPL2",2
"LRCH3",1
"ZNHIT1",2
"WDR11",1
"DDIAS",1
"BUD13",2
"DCUN1D1",3
"E2F5",1
"STAM",1
"MRM1",2
"AFTPH",3
"IRAK1BP1",1
"SCP2",1
"NECAP1",1
"C1orf112",1
"TMSB4X",1
"LMO4",1
"DLD",1
"TTC17",1
"MATK",1
"AP3B1",2
"MROH6",1
"RNASE4",3
"KDM6A",1
"MYEOV",2
"ARMCX3-AS1",3
"GPBP1",1
"VPS13A",1
"KCMF1",1
"SMPD3",2
"LACC1",2
"KCNE3",3
"PIK3CA",1
"TAB2",2
"TRIP10",2
"REV3L",1
"IFRD1",1
"GOLGB1",3
"AFF1",1
"NQO1",2
"NCKAP5",2
"AZIN1",1
"F12",1
"NCOA3",3
"OR52K2",3
"ATP1B1",1
"BSG",1
"COA6",3
"GRK4",1
"CCNDBP1",3
"SYTL4",1
"MYO1B",2
"CCDC74A",2
"FBXO27",2
"PRRC2A",1
"TNFRSF1A",3
"KCNN4",1
"ERC1",2
"ZBTB11",1
"NLRC4",1
"TPD52L1",3
"PARP4",2
"ISG20",3
"TBC1D9B",1
"RBM7",1
"NRDE2",1
"BATF3",2
"TMEM229B",2
"CCDC43",1
"SMC1B",1
"CNOT11",1
"KLF8",2
"GKAP1",1
"METTL23",2
"SERPINB8",1
"SSH2",1
"ZNF823",1
"AGFG2",1
"TMLHE",3
"UQCR11",2
"PLEKHM1",3
"GFRA1",1
"PRRC2B",1
"LPAR4",1
"TYRO3",1
"ICA1",3
"SEZ6L2",2
"SRGAP1",2
"C16orf70",3
"FCRLB",2
"DNA2",1
"PDSS1",2
"NBPF12",1
"PCF11",1
"KIAA1109",3
"TMEM71",1
"RNASEL",1
"ADAMDEC1",3
"DEGS2",1
"RRAS2",2
"EXOSC1",1
"ETNK1",2
"HSD17B6",1
"FAM32A",1
"SBF2",1
"TSC1",3
"ANKRD17",2
"HIST1H2AK",1
"NCR3LG1",1
"THUMPD1",1
"KIF13B",1
"TRIM14",1
"ZDHHC3",1
"BEX4",2
"RBKS",2
"BIVM",1
"STARD9",2
"AC138123.1",3
"CYTH1",3
"STON2",1
"SRPK2",2
"ACVR1C",3
"TRAF1",2
"RRP1",2
"ZNF224",1
"CSNK2A2",1
"ANAPC10",1
"TSPAN6",1
"SPAG9",2
"NMNAT1",3
"EPHA4",1
"KIF25-AS1",2
"ZRANB3",1
"C16orf74",1
"SCFD2",2
"CIDEB",2
"SMTN",1
"BSDC1",1
"SHISA5",1
"CATIP",3
"C20orf203",2
"ATF1",2
"NEK7",1
"ATG16L2",1
"CCDC8",1
"PTGIR",3
"FLVCR2",3
"FGFRL1",2
"TMEM253",3
"SLC8A1",2
"POLR3GL",1
"CCL22",3
"PLPP1",2
"SMURF2",3
"RMND5B",1
"GMIP",1
"SUDS3",2
"MOGS",3
"LIMCH1",3
"NRXN2",1
"PIK3IP1",1
"TESK2",1
"N4BP2L1",3
"CBX4",1
"ZNF239",2
"AGTPBP1",1
"TMEM8A",1
"USP22",1
"MFSD2A",3
"PIDD1",1
"ATP2C1",2
"LATS1",1
"WNT11",1
"MSL2",3
"ZRSR2",3
"HAL",3
"C4orf3",2
"SMNDC1",1
"TSPAN33",2
"ZFC3H1",1
"MAP2K3",1
"MMGT1",1
"FAM8A1",1
"ANKRD11",1
"ALS2",1
"NF1",1
"GCSAM",3
"IPO4",2
"STAT5A",1
"RBM18",2
"SCARNA9",1
"MLPH",3
"TMEM178A",3
"ANKRD20A4",1
"SFXN3",2
"C12orf66",2
"CDC34",1
"GTF2H1",1
"PIP4K2C",3
"TMEM176A",3
"RAB18",3
"FBXL3",1
"CHST11",2
"SLC22A18AS",3
"JAM2",2
"PMPCB",1
"OFD1",2
"PRAC2",2
"ADGRE5",1
"MYLK4",1
"MCF2L",2
"BATF",1
"ITGAM",1
"IL32",3
"PPM1K",1
"ATL1",1
"RAB7B",2
"RCOR2",2
"CEP290",1
"MPV17L",2
"KCNK5",1
"ACOX1",3
"FANCL",1
"USE1",1
"TXNRD1",2
"MILR1",3
"DNAJB14",3
"TM2D1",1
"FAM24B",2
"CDK5RAP3",1
"TNFAIP2",1
"ACACB",1
"FBXO17",2
"ZNF718",1
"TRPC4AP",1
"NDUFA1",2
"KHDC1L",3
"FOXN3",2
"EPSTI1",3
"HECTD4",3
"KL",1
"SOAT1",3
"LINC00891",3
"CHST10",2
"RSPH3",3
"UBXN1",2
"EIF3E",1
"EVPLL",1
"OAF",1
"INSM1",3
"HYI",1
"ANKRD13D",1
"WFS1",2
"IFT20",3
"MPPE1",1
"LBH",1
"NPEPPS",1
"P2RY13",1
"PTPN14",2
"STK3",3
"SLFN11",2
"NLRP1",1
"SLC25A15",2
"TMEM204",2
"DDX11",1
"CAD",1
"SYNGR2",3
"SETX",2
"GTF2F2",1
"RSF1",1
"SIGLEC14",1
"PILRB",1
"NIPSNAP3B",2
"NEMP2",1
"TPRG1-AS1",2
"SLC7A1",2
"LETM2",1
"HDHD3",3
"GOSR1",2
"SURF1",2
"AHR",3
"PTPN22",1
"TNNT1",1
"AC022098.1",3
"SLC16A4",1
"CLN5",3
"LARP1",1
"ANXA7",2
"MORC3",3
"DICER1",1
"MINK1",3
"VPS37C",1
"TMEM136",1
"TMEM243",3
"CCNC",1
"MAN2C1",1
"CORO1C",3
"NINJ2",1
"SEMA6A-AS1",1
"XAB2",1
"NLE1",2
"NES",2
"UBXN2A",1
"KLHL35",2
"LCTL",2
"STAU1",1
"TMTC2",1
"ZNF684",1
"MPDZ",1
"CHST1",3
"KLK1",2
"GPN1",1
"KIAA0232",3
"ST8SIA6-AS1",1
"SOX15",1
"ARHGAP30",3
"GOLGA2",1
"SLC27A2",1
"ZNF711",1
"KANSL1L",1
"DCTN4",1
"ZNF587",1
"ANKRD29",1
"GNG7",3
"PATL1",1
"SERPING1",1
"CEP131",1
"NEK5",1
"PCYOX1L",1
"DAPP1",2
"C15orf48",2
"MRPS36",1
"NTRK1",1
"LINC00672",1
"LRRC34",1
"FLII",1
"TOR2A",1
"DAB2",2
"SLC29A3",3
"FAM229B",1
"TMEM150B",1
"B4GALT6",1
"URB1",1
"RBP1",3
"KBTBD7",1
"PPP4R3B",1
"SMG7",1
"PCED1B",1
"C5orf15",1
"DNAJC5B",3
"ARHGEF19",2
"PEX2",2
"AGRN",2
"GSK3B",1
"JMY",3
"GADD45A",1
"CTBS",1
"AC018816.1",1
"ECSCR",3
"EPG5",3
"MIR222HG",1
"NBPF26",1
"KLHL29",3
"PRKAR1A",1
"TRMT1L",1
"SAP30BP",1
"CXXC4",2
"BCORL1",1
"LINC00243",3
"DCP2",1
"NUDT15",1
"PRKAR1B",2
"LINC00862",3
"RGS19",1
"MLYCD",3
"PTPRU",1
"DSG2",1
"XPO7",1
"ZNF485",2
"ATXN2L",1
"GAB2",3
"CAPN3",1
"TFRC",2
"MMP14",2
"CAMTA2",3
"MAST1",1
"SRC",3
"CLASRP",3
"EEF2KMT",2
"KIAA0930",3
"SLC45A3",1
"C9orf40",3
"CEP112",1
"SGPL1",3
"NOXA1",1
"SNX13",1
"KDM5D",1
"MAP3K7CL",3
"KRT79",3
"FSTL3",3
"RSU1",2
"NIPBL",3
"TMEM192",3
"H1F0",2
"CA5B",3
"ADGRF5",3
"CHST12",1
"COL15A1",2
"MRFAP1L1",1
"PLEKHA7",2
"CDH24",1
"FCRL2",2
"TMEM132A",1
"CCDC107",2
"GYS1",1
"RNPC3",3
"MMP19",2
"PIPOX",2
"FER1L5",3
"ELOVL1",2
"TRAF3IP1",2
"FGD6",3
"SNHG19",1
"IFFO1",3
"ZNF334",2
"ZFAS1",1
"COBLL1",1
"FOXK2",1
"PLCB1",1
"BLOC1S2",2
"CD22",3
"CIITA",2
"RBM12B",1
"SYNE1",2
"WDR81",3
"ARHGAP17",2
"CKMT2-AS1",1
"CLSTN3",1
"RAD18",1
"TPM2",2
"ZNF608",1
"RNF185",1
"ELMSAN1",2
"PSME4",1
"HIST1H2BL",1
"AAED1",3
"INTS6",1
"ZMYM4",1
"HDX",1
"L2HGDH",1
"SKIL",3
"RSPO4",1
"SIK3",1
"USF3",3
"PTGDS",3
"TEAD3",1
"FAM219B",2
"BVES",2
"AC104653.1",2
"SPNS3",1
"HCN3",1
"KLHL25",2
"NBPF19",1
"C3orf14",2
"PAIP1",2
"INA",1
"MPHOSPH8",3
"PTPRA",1
"SLCO3A1",1
"NBPF15",2
"SAP25",3
"IQCD",2
"SLC44A5",3
"MEIS1",2
"DCAF10",1
"HSF1",1
"SMIM3",1
"PAPOLA",1
"UBE3A",1
"DOCK5",1
"RTP4",2
"RFNG",1
"RUSC2",1
"TPCN1",1
"RCN1",2
"NPHP4",2
"PIK3CD-AS2",1
"NPIPB5",3
"C22orf42",2
"AARS2",2
"LANCL3",2
"RANBP2",2
"KCNJ11",1
"CHD1",1
"HK1",1
"CYBRD1",1
"ZNF625",1
"LINC01526",3
"MYD88",1
"HECTD2",2
"SMPDL3A",3
"PRAF2",1
"ERP44",3
"PPP5D1",2
"VPS54",1
"CCDC86",2
"LILRB5",3
"RRAGA",2
"GRB10",1
"PPP2R3C",3
"PTP4A2",2
"EFNB1",1
"SEMA3C",1
"VAV2",1
"KCNMA1",3
"WASIR2",3
"ACOT2",3
"ASTN2",2
"IL15",2
"FBXO9",1
"PML",1
"PPP2CB",2
"ASB7",3
"SBNO2",3
"CDH23",1
"DENND5B",2
"MRPL30",1
"IL3RA",1
"ZBTB34",1
"UMAD1",3
"SYNE2",2
"PTK2B",1
"HCAR2",3
"SARS2",2
"PSRC1",1
"SZT2",1
"SNRNP35",1
"RAPGEF1",3
"TLE6",2
"VANGL1",1
"NEB",3
"RGS3",2
"ZFYVE1",1
"SGPP1",2
"MBD5",1
"ZNF316",3
"PID1",2
"CRY1",1
"TEX9",1
"PPM1J",2
"BHLHB9",3
"TRIM38",1
"DDX11-AS1",1
"RNF19B",1
"ARHGAP27",1
"SH3RF3",3
"SYNDIG1",2
"EDEM3",1
"SLC17A7",3
"ZNF287",1
"DEFB124",3
"A4GALT",2
"CLCN6",3
"RUFY4",2
"WWTR1",3
"CDK2",1
"MAPK13",1
"ZNF883",2
"UBR7",1
"LINC01091",3
"ZNRF1",1
"TRIM45",2
"COG4",1
"KIF1B",1
"MIR99AHG",3
"RASL10A",3
"LINC00239",3
"GPR39",2
"C17orf51",2
"MAST4",1
"PNOC",1
"NLGN2",2
"MS4A4E",2
"CNIH4",1
"C5orf63",3
"NMT2",1
"AP002884.1",3
"RNF20",2
"BLOC1S3",1
"ADGRA3",2
"PARP2",1
"SEC61A1",1
"FBXL15",3
"CKM",1
"BTBD7",1
"HMSD",1
"MAPRE3",1
"ITGB1BP2",2
"VEZF1",1
"PC",2
"XAF1",3
"MFSD11",2
"F8A1",1
"CACNA2D4",2
"GLB1L2",1
"AGPAT3",1
"MMACHC",2
"GAS1",1
"SPIRE1",1
"CORO1B",2
"B3GLCT",1
"ZEB1-AS1",1
"NAPA",1
"DUSP10",1
"FGFBP3",2
"FAM214A",3
"ADGRE1",2
"HECW2",2
"TMEM158",1
"TMSB4Y",1
"NKIRAS2",1
"CCDC28A",3
"TRAF3IP2",1
"RAB23",2
"CLEC2B",3
"CHIT1",1
"DGKE",1
"PPP1R1C",1
"SLC19A2",1
"ALAD",3
"NRP1",2
"SIGLEC1",3
"EIF2D",1
"ESRRA",2
"EP400",1
"GADD45B",1
"NMRK1",1
"UBE3C",1
"NOSTRIN",2
"FLNB",1
"KYNU",2
"AL118506.1",1
"MLLT3",1
"ARID1A",1
"HIST1H3J",1
"PTX3",1
"CRBN",1
"IL12RB1",2
"UPK3A",1
"ZNF584",2
"CD3G",2
"AGK",1
"G2E3",1
"XK",1
"ALG1",2
"BMP8B",2
"SLC1A3",1
"DHX34",1
"ZHX3",1
"DPM3",2
"CLK2",3
"FGF9",3
"FGF2",2
"ASAP1",1
"URB2",2
"PDIA5",1
"RDH14",2
"ARHGEF16",2
"PPP1R14A",1
"ZNF599",1
"GFOD1",1
"TNFAIP8L2",2
"ST6GALNAC4",2
"ZNF207",1
"HMGXB3",1
"IL18R1",1
"SIGLEC8",1
"SMPD1",1
"CSPG4",2
"MOSPD1",1
"C1QTNF4",1
"PIP4K2A",2
"MIA",3
"ERO1B",1
"TCIRG1",1
"MMP13",2
"PVT1",1
"ARMC8",1
"LRRC26",2
"USP32",3
"KCNG1",1
"SLC5A10",3
"TUBB8",3
"SKP2",1
"ATF6B",1
"CNN2",1
"NHS",1
"A1BG",2
"CLIC2",3
"ROM1",2
"TBC1D17",1
"REEP1",2
"CCDC85C",1
"DDX3X",3
"EPHA1-AS1",1
"WSCD2",1
"SERTAD2",1
"TCN2",3
"NFKBIZ",3
"ACOX2",1
"SHISA4",1
"CECR2",1
"SEC61A2",2
"HEATR5A",3
"AC114730.2",3
"RIN1",3
"PIK3R6",1
"LINC01127",3
"PIWIL4",1
"FBXL17",1
"SMAD7",1
"SMG5",3
"ETFDH",3
"PIK3CG",1
"TSLP",1
"RAI1",1
"LRP8",1
"FGD5-AS1",1
"MEX3A",1
"CAPZA2",2
"KDM5C",1
"ZFHX4",2
"LAMP5",2
"GSTCD",1
"SCRN2",1
"WWC2",1
"MIIP",1
"NUP62CL",2
"SNAPC5",1
"SENP2",1
"ATG2A",3
"BRD4",1
"PLEKHA2",1
"BIK",2
"MYL9",2
"SOS1",1
"NFE2L1",2
"LAG3",2
"TTC9",1
"ZADH2",1
"CBX7",1
"LDLR",3
"AREL1",3
"RGS6",2
"EDA",2
"IDI2",1
"RAB34",2
"CMKLR1",2
"SP5",3
"KAT2A",2
"USP6NL",2
"ABLIM1",1
"ZNF143",1
"ENPP1",2
"COL27A1",3
"RREB1",1
"RASAL2",3
"ZC3H12C",3
"MYZAP",2
"DNAJC3",2
"ARHGEF10L",3
"HIST1H4J",1
"HIST1H4I",1
"WDSUB1",1
"PORCN",2
"HIST1H4E",1
"LINS1",3
"TRAPPC12",2
"PRKACA",2
"COX6B1",2
"SH2D2A",1
"MFHAS1",1
"DENND1A",3
"KLHL9",3
"GGA3",1
"TBKBP1",3
"SART1",1
"DTX3L",2
"TMEM154",1
"DEFA3",1
"MCM3AP-AS1",1
"CDKN2AIP",1
"PLCXD1",1
"DST",1
"SYCE3",2
"TMEM131",2
"ZSWIM8",1
"SIX5",2
"NDUFAF3",1
"RANBP10",3
"RCOR1",1
"MMRN1",1
"TBRG1",1
"NCOA1",1
"DYRK2",2
"CACNB1",2
"SREBF1",1
"FAM13A",1
"CLK1",1
"CYB5R1",3
"SSC4D",3
"LINC00500",1
"PRRT3-AS1",2
"CTR9",1
"FAM216A",1
"AVPR2",3
"COL23A1",1
"PPP1R10",1
"TCTEX1D4",3
"CREB3L4",1
"RSBN1",1
"SLC39A13",2
"PRIMPOL",1
"SLC3A2",2
"ALDH3B1",1
"TBC1D2B",1
"AHCTF1",1
"SLC35F6",3
"TUBB4A",3
"MSL3",3
"CTU1",2
"PPM1A",1
"SLC35F3",3
"CDK12",1
"RDH10",3
"MAP2K4",3
"PCBP4",2
"UBE2E1",2
"HENMT1",2
"ASIC4",1
"SLC22A18",1
"HIST1H1B",2
"TCEA2",1
"C2orf81",2
"TNFSF14",3
"ATP13A1",2
"AC093157.1",1
"CHSY1",3
"RTCA-AS1",3
"RAB30",2
"HADHB",3
"EPHX2",2
"AKAP8L",3
"PNMA1",1
"TMEM98",1
"NEK6",2
"ATF7IP",1
"NEDD4L",2
"STYXL1",1
"SLC9A3R1",1
"ZC3HAV1L",2
"IPP",1
"TAF4B",2
"TMC7",2
"ZNF483",2
"ZBTB46",2
"CLCN3",2
"HCAR3",3
"PRKCQ",1
"TRIM32",2
"TMEM185A",1
"SCD5",2
"SAMD9",2
"C5orf30",1
"GTF2IRD1",2
"LINC00662",3
"PIK3CD",1
"FAM171B",2
"ROMO1",1
"PKD1L1",1
"AHDC1",1
"BEND6",1
"MAP3K5",3
"ZNF551",2
"TMEM216",1
"LONRF3",1
"INAFM2",3
"MLF2",2
"PRR5L",2
"FBLIM1",3
"CNTNAP5",1
"SLC9A7",2
"AC007349.4",3
"FOXN2",1
"GTF2IRD2",1
"ANXA5",3
"GDI1",1
"SBK1",2
"ALMS1",1
"KIF17",2
"BET1",1
"SNRPN",3
"MOB1A",2
"CTDNEP1",1
"MIR3681HG",1
"FBLN1",1
"MAPK6",2
"MARVELD2",2
"ABCB9",2
"XPR1",1
"DHRSX",3
"ANKRD50",1
"ARNTL2",1
"LRRC27",1
"TMEM43",3
"ZNF622",2
"GFPT1",1
"PKIG",1
"MFSD9",1
"CRK",1
"ZFP69",1
"ADAM11",1
"SECTM1",3
"TOMM20L",3
"CCDC136",2
"UNC13A",2
"ZNF333",1
"NRROS",1
"PSMD10",1
"SCML2",1
"CGGBP1",1
"DDAH2",2
"ABCA13",1
"MYH9",1
"SEC22C",1
"AC091736.1",3
"PRKCB",1
"TMEM59",2
"BBOX1",3
"ORC4",1
"BANK1",2
"ARL8A",1
"PANK1",2
"PEG10",2
"SORBS1",1
"TMEM200B",3
"ACTR10",2
"LINC00960",1
"BCAM",2
"IL9R",1
"CLRN3",1
"STYK1",2
"CARS",2
"TXNDC5",1
"CIPC",3
"NT5DC4",3
"MED6",1
"NDUFA4L2",2
"GABARAPL2",2
"RMRP",1
"KCNJ14",1
"PTAR1",1
"ECT2",1
"FAM222B",1
"RNMT",2
"MYO15B",1
"NSMAF",3
"PCGF1",3
"LPGAT1",1
"LGR4",1
"GPR137B",3
"LINC00900",3
"ACSBG1",1
"JAK2",3
"GOLPH3",1
"REPIN1",1
"JPX",1
"NARS",3
"NOTCH2NL",1
"IMPDH1",3
"TMEM156",2
"TBC1D22A",2
"ARFIP2",2
"FOXD2",2
"ACVRL1",3
"DYRK1B",1
"DLG4",1
"INSR",1
"KDM5B",1
"METTL9",1
"SLC27A5",2
"TNFRSF13C",3
"RNF168",1
"NDST2",1
"TTC21A",1
"AFMID",1
"PPP2R3B",1
"ROGDI",1
"LRRC58",1
"ATP9B",3
"CA8",1
"MYBBP1A",2
"RBM4",1
"UBAC2-AS1",2
"ARL14EP",2
"FBXL22",2
"HSF4",3
"REEP6",2
"MYLK-AS1",2
"CD151",1
"DRG2",1
"CHRNA6",2
"NAV2",3
"METTL1",2
"ALDH1A2",1
"DLK1",1
"CEACAM21",1
"LINC01089",1
"NCF1",2
"ZNF480",3
"JAM3",1
"VPS33A",3
"HS1BP3",1
"ELMO2",3
"CYP1B1-AS1",1
"TEX261",1
"CTNNB1",3
"MDC1",1
"AGPS",1
"ERICH6",3
"LRRC57",1
"UBQLN2",1
"GIMAP6",1
"COMMD5",3
"TBPL1",1
"S1PR3",1
"ENTPD1-AS1",2
"HLA-DQB2",2
"QTRT1",1
"TBXAS1",2
"FITM2",2
"ST20",3
"NLN",3
"HEPH",1
"TFPI2",3
"DLG5",2
"JOSD2",2
"FKBP10",1
"PHLPP2",2
"SLC7A8",3
"SUPT6H",1
"SPTLC1",1
"ADGRE2",1
"LRRC56",2
"TTC7B",1
"TRIM41",1
"SLC41A2",2
"ZNF585B",1
"IFT22",2
"CLUAP1",2
"PIGW",1
"SMIM10",2
"GALT",3
"AP2A2",2
"RNF103",3
"DOCK1",2
"COL5A3",3
"CMC4",2
"WRAP73",1
"BMPR1A",1
"DRICH1",3
"HIPK2",1
"GJA1",3
"UIMC1",1
"SENP7",1
"WDR6",1
"GPR137",2
"C7orf31",1
"ARPC1B",2
"KANSL1",1
"SEL1L2",3
"FHL3",1
"ZBED3",1
"AP1M1",1
"INPP5D",2
"RAB3GAP1",3
"LINC00921",3
"FMNL1",1
"GABPA",1
"TFG",1
"TMEM168",3
"RABL2B",1
"SDC3",3
"GPR65",2
"TRPM6",3
"NCR1",3
"IFI6",2
"KCNQ5",2
"WASL",1
"CD7",1
"SCGB3A1",1
"FAM86C1",2
"MFSD3",2
"NAPRT",1
"SMPDL3B",1
"TP53TG1",1
"FIG4",1
"SFTPD",1
"CCL18",3
"UBC",2
"NUDT6",1
"DUSP18",3
"XKR8",1
"MB21D2",1
"SLC35E2B",1
"ZNF496",1
"PABPC1",1
"CYB5R3",1
"TECPR1",3
"PCTP",1
"RC3H1",1
"VPS39",1
"IKZF5",1
"PNMT",1
"KPNA6",1
"OSBPL2",3
"ZC3H12D",1
"SLC2A9",3
"SH3D19",2
"HMGCL",3
"AFF4",1
"TOX4",1
"SAMD14",1
"TLK2",1
"TP53BP2",3
"ATG13",3
"DCP1A",3
"PSENEN",3
"RASAL1",2
"SLC25A16",1
"ANGPT1",1
"SAMD4A",3
"MIR4458HG",3
"CEP41",1
"ZFYVE27",1
"SAMHD1",2
"THNSL1",2
"PHLDA3",2
"ARL16",1
"KIFC3",2
"CD300LB",2
"PWWP2B",3
"CLEC4F",2
"TBC1D9",2
"SNX16",1
"AC004846.1",3
"CCNT1",1
"TREML2",1
"ZNF175",1
"USO1",1
"HIST1H4D",1
"PINLYP",1
"ARHGAP12",3
"RGS12",3
"NBPF10",3
"STOML1",1
"AK1",1
"SOSTDC1",1
"XRN1",3
"RETSAT",3
"CARD10",1
"NYNRIN",1
"NTM",2
"DUSP4",2
"SLC25A22",1
"TTLL10",1
"RALGAPA2",1
"TTYH2",2
"DYNC2H1",1
"TMCO6",2
"FES",2
"TFF3",1
"DENND1C",1
"EFEMP2",1
"CCDC40",3
"EFCAB2",2
"LINC00920",2
"KIAA2013",1
"TSNAX",1
"CYP2U1",2
"COQ10A",2
"AGBL3",1
"CASC9",3
"NSMCE2",1
"KDM3A",1
"OSBPL3",2
"RGCC",1
"IMMP2L",1
"QSOX1",1
"FPGT",3
"TM4SF19",3
"SLC2A12",1
"RFX1",1
"ZFPM1",2
"EXOC5",1
"CEBPZOS",1
"DYNC1LI2",1
"CALD1",1
"CRYBB1",1
"ZNF90",2
"ATP7A",1
"PISD",3
"ERLIN1",1
"TMEM260",3
"CYB561D1",3
"GNAS-AS1",3
"KMT2E",1
"RNF123",1
"PAIP2B",1
"MLX",2
"POLR1D",1
"SLC35G1",2
"ZNF586",3
"MRPS6",1
"TMEM86B",1
"PPM1B",1
"CAPN12",1
"TCF7L2",1
"MLXIP",1
"RALGAPA1",1
"ZNF595",1
"SGSM1",1
"FAM228B",1
"CDK18",3
"MED28",1
"CDC14B",1
"KAT7",1
"PNLDC1",2
"MMP7",3
"GPR63",1
"CNPPD1",1
"GUCD1",1
"SLC38A2",1
"PODXL2",2
"GALNT18",2
"ANKFY1",1
"TMEM173",1
"HSPA12A",1
"COMMD2",2
"LCA5",1
"CACNA2D3",1
"STXBP5-AS1",3
"LRRC28",3
"PSMB8-AS1",1
"KDM4A-AS1",2
"ENO3",1
"ARHGEF7",1
"FOXC1",1
"CHD2",3
"RGMB-AS1",2
"AFF3",2
"GPR132",3
"HLX-AS1",3
"OGG1",1
"RIPK4",3
"SPATA12",3
"OAS1",3
"SLC35B2",1
"DUSP6",1
"CPNE9",3
"ZNF462",1
"HBD",1
"ATXN1L",3
"GPR146",2
"PACS2",1
"PLEKHG4",1
"ZC3H6",1
"LINC00884",1
"HS3ST4",2
"UTP23",1
"MAP2K7",1
"RAB11FIP3",2
"NBN",1
"INHA",1
"TULP3",2
"LINC00649",3
"TEP1",3
"SAAL1",2
"ZMYM6",3
"CCDC97",1
"PHLDB3",1
"ICOS",3
"AGL",1
"SCAPER",3
"SOGA1",1
"TINAGL1",1
"ARL5B",3
"MSRB2",1
"SLC25A19",2
"DHODH",2
"SNX3",2
"ARHGEF11",1
"MAP7D1",2
"WDR4",2
"SEPT3",1
"NCR3",1
"CORO7",1
"ZFP36",2
"PLAA",1
"GGCX",1
"TRAF5",1
"RSRP1",1
"FMN1",3
"POLDIP3",1
"MFN2",1
"PBLD",2
"ARHGAP26",2
"WSB2",3
"VIT",1
"AC138035.1",2
"CCDC151",1
"TTC26",2
"HSDL1",3
"LMAN2L",1
"CAPN7",1
"DHX36",1
"PRF1",1
"MX1",3
"SPATA18",3
"B9D2",1
"PSD4",3
"DCAF16",1
"ZFX",1
"WT1",1
"SUCO",1
"PLSCR1",1
"SLC25A17",2
"ZFY-AS1",1
"ATF3",3
"GIMAP5",3
"ARNTL",1
"SETMAR",2
"SNX25",2
"TBC1D13",3
"KNDC1",1
"SMAP2",2
"KMT2D",1
"LRFN1",2
"RFX8",1
"ANKS1A",1
"FERMT2",1
"CWF19L1",3
"LACTB2",1
"TUBGCP5",2
"RASSF5",1
"ZC4H2",1
"CD1D",1
"ADPRH",2
"IFIT3",3
"MPST",1
"UBE3B",3
"NFIL3",1
"FGD1",1
"LINC00685",1
"FOSL1",2
"ITPR1",2
"KCP",3
"M1AP",1
"CMBL",3
"MITF",1
"TLE3",1
"SPIN1",1
"MYO1E",2
"SHOC2",1
"UBA6",1
"PHKA2",3
"UBTD1",1
"GRIN1",2
"MACROD1",2
"UHMK1",2
"DTNBP1",3
"HES1",1
"MYSM1",1
"DUSP19",1
"CLDN15",1
"NANS",3
"LINC01615",3
"PLAU",2
"AP001043.1",1
"MON1B",1
"METAP1D",2
"ITM2A",1
"PCED1A",1
"EXOC3",1
"CDC42EP5",3
"ORAI2",3
"ZNF292",3
"ZNF766",1
"DNAJC9-AS1",1
"PUM1",1
"YPEL2",3
"CCDC171",1
"MFSD2B",1
"AMMECR1L",3
"IFI44L",3
"FXR2",3
"RELL2",2
"ZNF30",2
"SLC2A6",3
"CCSER1",2
"NPM2",3
"IQCB1",1
"POLI",1
"VCPIP1",1
"ADCY3",2
"SAYSD1",2
"CEP83",2
"LDOC1",1
"TMEM177",2
"SLC9A6",1
"ZNF253",2
"MAP1S",1
"SLC22A17",1
"ZNF264",3
"TRA2A",1
"FOXO4",3
"ATP8B2",2
"TMEM159",1
"TNFRSF18",2
"TAOK2",1
"PIGH",1
"SLC44A3",2
"MREG",2
"IDH1",2
"WDR83OS",1
"BAZ2A",1
"RIMS3",2
"FSIP1",1
"FBXO46",1
"SYCP2",3
"ADAM23",2
"CPLX1",2
"ZC3H12A",2
"TECPR2",3
"NAGS",2
"ANKRD34B",3
"PQLC3",2
"KLHL28",1
"IL19",2
"PMS1",1
"STAC2",3
"MANEAL",1
"EDARADD",1
"AC138969.1",1
"ZBTB39",1
"PRRC1",1
"CYP2R1",1
"RAB26",2
"BLZF1",1
"CSPG5",2
"ASNA1",2
"CAMK2G",1
"HIP1R",3
"SPIN4",1
"MAN1A2",1
"AGO4",2
"NRBP1",1
"AVPI1",3
"MED23",3
"TRAF2",1
"CD163",2
"UHRF1BP1L",1
"ZNF57",1
"GNA12",2
"LIMD2",1
"PARD6A",2
"ATXN2",2
"RAB5A",3
"SLC38A7",3
"ZNF445",1
"GOLGA6L9",1
"CFTR",2
"SUPT4H1",2
"TRIM47",3
"SLC12A2",1
"SLC2A5",1
"FAM177A1",3
"TBC1D10A",1
"RGS13",2
"ALK",3
"POM121",1
"PMFBP1",3
"P3H4",1
"SLC36A1",3
"MATN2",1
"SMUG1",2
"GTPBP3",1
"MECR",1
"COG5",3
"LEMD3",3
"FABP3",3
"CTRB1",3
"TMEM87A",1
"RAB35",3
"NXF1",3
"CAPN10",3
"RIC1",3
"COMMD10",2
"ESYT1",1
"CD200R1",2
"DLC1",1
"KIF16B",3
"TDRD15",3
"FLT3LG",1
"ATF5",3
"NDUFS4",1
"LYPD3",3
"ZNF33B",3
"CCNK",1
"ZNF213-AS1",1
"OPRL1",1
"MUL1",1
"RC3H2",3
"PPP1R2",2
"CLIP3",1
"ADAMTS6",1
"PGS1",1
"TRIM21",1
"UNC5C",3
"AC009950.1",1
"MAOA",2
"ENKD1",1
"GINM1",2
"ZFP69B",2
"LINC01500",3
"MIR3945HG",3
"TSPYL5",2
"GNAQ",1
"TMEM140",3
"LINC00337",2
"CHM",3
"HOXB9",1
"ENTPD6",3
"PNPLA6",2
"IQCK",3
"HNRNPH2",1
"SNHG4",2
"ZRANB1",1
"RICTOR",3
"FOXD2-AS1",2
"SNHG12",2
"NUTM2B-AS1",1
"ITPK1",1
"BNIP1",1
"MMP2",2
"TMEM218",2
"CLPTM1",2
"CCNT2",3
"PGAP2",2
"GDF15",3
"TSC22D2",3
"LLGL1",1
"ITPKC",1
"SLC35E3",1
"FBXO38",3
"HBZ",1
"ZNF789",1
"DNAJC16",1
"SWT1",1
"C3orf58",3
"PRSS16",2
"WDR35",1
"FER",1
"AP5Z1",3
"EPC2",1
"MOB1B",2
"SMAGP",2
"CD59",1
"LINC00598",3
"TICAM2",2
"CAPS",3
"TIA1",1
"PYROXD1",1
"CLASP2",1
"APOBEC3D",3
"NUDT7",2
"CHRFAM7A",3
"C11orf68",1
"HDAC7",1
"CHN2",1
"NDFIP1",2
"MNT",1
"ADAMTS7",1
"C1orf159",1
"FZD5",1
"CUL5",2
"SLC41A1",2
"NAT14",1
"TAF4",1
"GALE",3
"CCDC186",3
"ABRACL",1
"NCKAP1",1
"MED12",1
"BEX2",1
"MIPEP",2
"SV2A",1
"ZNF879",2
"ZNF680",1
"PDCD2L",2
"TMEM234",3
"KIF3A",1
"TTBK2",3
"FARS2",2
"IFIT2",3
"TMED8",1
"PRR14L",1
"AL590723.1",2
"ACADS",3
"SH2D3A",1
"ABCD3",1
"RHOBTB2",1
"SLC6A16",3
"ZKSCAN8",1
"RRP9",2
"LANCL2",2
"PELI2",1
"STEAP1",2
"USP9X",1
"MAGI1",1
"PFKFB3",3
"INTS8",1
"SCLY",2
"GPRC5B",3
"RHCE",1
"PCDH11X",1
"NDEL1",1
"EPHB6",1
"SIRPD",1
"KSR1",1
"SDR42E2",1
"C11orf21",3
"MYLPF",2
"SNTB2",3
"NDST1",3
"SEPT8",1
"PEBP4",1
"MBNL1",3
"PRR5",1
"IDO2",3
"QDPR",1
"PRKAB2",3
"RFESD",1
"ZBED5",1
"GNB1L",2
"FAM53C",3
"F11R",1
"MEIS2",1
"CCSER2",2
"SETD1B",3
"AK8",3
"GDAP1",1
"CD5",3
"TSHZ2",3
"ERCC6L2",3
"KHDRBS2",1
"ICAM5",1
"TNPO3",1
"TAF1",3
"LIN28B",3
"LINC01268",1
"TMEM115",1
"ACYP1",1
"PHF11",2
"CEP170",1
"SLC10A3",1
"VCAM1",3
"NOTUM",1
"BHLHE41",2
"NEMP1",1
"SPA17",1
"MMEL1",1
"RAB13",1
"NEK9",3
"SLC2A11",1
"EOGT",1
"ABHD17C",2
"GPM6B",1
"ZNF737",1
"FAM72A",2
"RYBP",1
"POU6F1",2
"MKS1",1
"RNF181",1
"TDRD6",3
"DGKI",3
"RASGRF1",2
"LRP5L",1
"GLIS3",2
"GNG5",1
"HOMER1",1
"WDR59",3
"SPTY2D1",1
"CNIH2",2
"AC132192.1",2
"MCOLN3",3
"IQCG",3
"ZDHHC9",1
"NAGPA",3
"HHLA3",1
"ALG9",1
"RNF38",3
"KCTD1",1
"GSN-AS1",2
"GIPR",1
"IFIT5",2
"NOVA1",1
"SLAMF1",1
"FAM98C",3
"PEAR1",1
"SFRP5",1
"ZFYVE9",2
"ALKBH2",2
"AGMAT",2
"ZXDC",3
"NUTM2A-AS1",1
"MED11",2
"STAM2",3
"TFR2",1
"RNASEH1-AS1",2
"KLHL30",1
"DNM1",1
"ZBTB40",1
"S1PR1",1
"SCO2",3
"MED25",1
"AC090825.1",1
"C6orf120",1
"IKBKE",2
"IFITM1",1
"RASA4",1
"MEST",1
"BTBD10",3
"FAM171A1",1
"ATP6V0A2",1
"ANKRD16",2
"CRIM1",3
"ERMP1",3
"HSDL2",1
"WDTC1",3
"NPIPA1",1
"FBXO31",2
"ACSS1",3
"TRAPPC8",3
"CA3-AS1",2
"DYM",2
"KANK1",1
"SERPINH1",1
"C16orf45",1
"VIM-AS1",1
"GMEB1",1
"ARNT2",1
"DIP2B",3
"AC100821.2",2
"STEAP3",2
"EFHC2",1
"TMEM164",1
"YTHDF3-AS1",2
"VAMP1",3
"PIGU",1
"FARP2",1
"C19orf25",2
"C20orf197",3
"ADAMTS12",3
"COPZ2",2
"RHBDL1",2
"ADSSL1",1
"SH2D3C",1
"KAT2B",3
"CYB561",2
"GPC2",1
"TDRD7",3
"LINC01010",3
"LAMTOR1",3
"SETD7",2
"ZNF721",1
"CLDND2",1
"BAG6",1
"HERC3",1
"LILRB1",2
"MOK",2
"RBM26-AS1",1
"AC093901.1",2
"MED17",1
"FAM117B",1
"MEIS3",1
"GFOD2",1
"MUTYH",2
"ZNF660",1
"LINC01393",1
"PLEKHA6",1
"CRLF3",3
"AP001063.1",1
"MZF1",1
"CD226",2
"PHYH",1
"ZHX2",3
"WWC3-AS1",3
"AP001453.1",3
"SLC25A42",2
"ZNF768",1
"NPHP1",2
"SBNO1",1
"TBC1D8",2
"FDXACB1",2
"FIGLA",2
"LRIG3",2
"PRMT6",2
"TMEM108",1
"ZNF572",2
"ALG10",1
"PTPRF",1
"ZNF124",3
"ST3GAL3",1
"PGBD1",1
"CRTC3-AS1",2
"ZNF726",2
"SIAE",1
"SLC38A9",3
"CCDC170",2
"STAM-AS1",2
"RAPGEF4",2
"UCHL1",1
"MSR1",3
"CDH20",2
"RGSL1",3
"ACCS",3
"TSEN34",1
"PPIL2",1
"ZSCAN16",1
"HLCS",2
"NGRN",1
"BICD2",1
"CCDC180",1
"ZER1",1
"PHRF1",1
"CYP27C1",1
"INO80B",1
"PRKAB1",1
"RMDN2",1
"CDKL1",1
"HRH4",1
"SYNRG",1
"MIF4GD",3
"MAEA",1
"NUBPL",1
"POLR1E",1
"PDXP",2
"OXNAD1",1
"LINC00158",3
"RASA2",1
"ADHFE1",1
"HYAL3",1
"CROT",1
"HBQ1",1
"ZNF268",3
"ZNF654",1
"STRIP1",3
"UTF1",2
"SCAMP5",2
"NSUN3",1
"TMEM65",3
"JAKMIP2",1
"ELANE",1
"C7orf26",3
"EPHB2",2
"HIST1H2BO",1
"ZBTB48",1
"MRPL38",1
"CDK9",2
"TRANK1",2
"HILPDA",1
"SLC25A11",1
"TTYH3",2
"MMD",2
"ROCK2",1
"MYLK",2
"SAMD8",3
"TEX2",1
"SLC35A1",3
"LDLRAD3",3
"SLC7A11",2
"ZNF229",2
"EPHA1",1
"CRADD",3
"APOBEC3A",3
"SLC2A14",1
"CD53",2
"OGFR-AS1",3
"RAB29",3
"STK19",1
"ANO7",2
"BTN2A1",3
"SRRM2-AS1",2
"AP5M1",2
"PLA2G16",3
"WDR91",1
"PARP12",1
"NGF",1
"RING1",1
"PTPRC",2
"TRIM23",3
"MAN1B1",3
"LINC01505",3
"SENP5",3
"OCLN",1
"KIAA1468",3
"FARP1",2
"LCMT2",1
"TRAPPC3",2
"AMH",2
"RALGPS1",3
"ANO9",2
"STAU2",1
"ELOVL7",1
"PLEKHB1",2
"S100Z",3
"MAEL",2
"CPNE4",1
"ARMCX5",1
"TMCC3",2
"CHSY3",2
"UTRN",1
"ADCY7",2
"ZGLP1",2
"EPS15L1",3
"C15orf41",1
"PITPNM2",1
"GCNT2",3
"LIF",1
"TLR3",2
"LINC00504",3
"ATXN7L2",2
"COL4A5",1
"RBMXL1",3
"LRRC43",2
"ABHD8",1
"GUCY2D",3
"SMAD6",1
"CEP295NL",3
"ZNF347",1
"CTDSPL",1
"PBXIP1",1
"CDK10",2
"RRM2B",3
"MDM1",1
"WWC1",3
"DDX28",1
"OSBPL6",2
"EDIL3",3
"SLC4A4",1
"ARIH1",1
"TTC16",3
"LIPT1",3
"JARID2-AS1",3
"PDZD8",3
"LRRC45",1
"THSD7A",2
"PRSS36",3
"LINC01001",1
"USP11",1
"C17orf58",2
"HIST1H4B",2
"MMRN2",2
"CLCN5",1
"TMEM201",1
"TWIST2",1
"OSGEPL1",2
"FA2H",1
"LINC00526",2
"KLHL18",1
"ARMC9",2
"TUBB2A",2
"OLFM1",2
"ARFGEF1",1
"ARMCX2",2
"MIR155HG",3
"ARHGAP39",1
"SGSM2",1
"PDLIM2",1
"ATP1B2",3
"TTL",2
"MYH11",1
"PROB1",2
"ZNF12",1
"PLEKHG6",2
"SLC4A2",1
"HEBP1",3
"ANO8",1
"FZD3",1
"LYPD1",2
"SIAH2",3
"KLHDC3",2
"PLEKHB2",2
"KDM4C",1
"IL37",3
"RAB33B",1
"HSF2BP",2
"GDPD4",1
"FBXO32",1
"STAMBPL1",3
"OPHN1",2
"FTCDNL1",2
"CCNYL1",3
"FCGR2A",3
"CTTN",2
"CHIC2",3
"ST7",1
"OTUD6B",1
"ZNF354C",2
"ZNF469",2
"TCP11L1",1
"SASS6",2
"CDON",2
"ZNF678",1
"CHRM3-AS2",1
"ZNF771",2
"FBXO10",3
"AKAP6",2
"PDE4B",2
"CAPN2",1
"ARFGEF2",1
"CNOT3",1
"MBOAT1",1
"SNAP23",1
"WWOX",1
"NMB",1
"FBXO42",1
"SLC37A4",2
"COPA",3
"KBTBD8",2
"WNT10A",3
"AKR1C1",1
"CD99L2",1
"NEU1",3
"HSPB7",2
"TGFBR3",1
"LMF1",1
"CANX",1
"ACER3",3
"PPP1R15A",2
"NUP35",2
"SAV1",3
"SNHG10",1
"RAB3A",2
"MADCAM1",3
"SGMS1",3
"ALDH3A2",1
"GPR85",1
"RBM48",1
"ABTB2",3
"AL023806.1",1
"RNF111",1
"LINC01372",1
"FAM193B",3
"ACSM1",3
"BNIP2",2
"FAN1",2
"CUL9",1
"C9orf64",3
"RRP12",3
"C2orf76",3
"ARL15",3
"NCOR1",1
"TEAD1",2
"FAM76A",3
"KCNRG",2
"RANBP9",1
"GFM1",3
"LXN",1
"WDYHV1",2
"FAM221A",2
"RAD54L2",3
"ADTRP",3
"HIF1AN",1
"PLCL1",3
"RCHY1",1
"SYT3",2
"IGLON5",2
"RALGAPB",3
"RTN4IP1",2
"DDX47",2
"GPRASP1",3
"AP1G2",3
"NRG1",1
"LINC00528",1
"ABHD4",1
"FAM234B",2
"B4GALT7",3
"C8orf37",2
"MS4A7",1
"SLC16A7",1
"GOLGA1",3
"ZNF48",1
"ARHGDIB",1
"DBT",3
"OAS2",3
"GORASP1",3
"MME",1
"LINC01281",3
"MX2",3
"TMED1",1
"RFXANK",1
"DNASE1L1",1
"SH3BP5",1
"TBX18",2
"ELK4",1
"PLXNA2",3
"NOP2",1
"NPEPL1",3
"TOM1L2",3
"IFNAR1",3
"LRP2BP",2
"TTC39A",3
"RAB28",3
"HGS",1
"ZBTB20-AS2",3
"PICK1",1
"AL355512.1",3
"APOB",2
"TMEM105",1
"AC024060.1",1
"TASP1",1
"SEC24B-AS1",1
"GOLGA8O",2
"NAT8L",1
"ACVR2A",2
"METTL25",3
"ACAD10",1
"CACNA1G",2
"SLC9A8",1
"ABHD3",1
"BMP1",1
"BIN2",1
"E2F3",1
"ZFP28",1
"BBIP1",3
"NFKB2",3
"CCDC91",2
"MFSD6",3
"FAM124A",1
"SH3RF2",1
"RRAGB",3
"STKLD1",1
"BCAS3",3
"CRIP2",1
"MCCC1",2
"CHST6",1
"P2RX5-TAX1BP3",1
"FBXW9",2
"RWDD2B",2
"FAM13B",3
"TRMT1",1
"AC099342.1",2
"CNEP1R1",1
"ZNF837",2
"CCDC77",1
"ZDHHC11",1
"TMEM94",1
"GALNT10",2
"ABHD6",2
"ABCD1",1
"MFSD8",3
"DCAF12L1",2
"FAM193A",1
"ADAM9",3
"CNTD1",1
"UNC45A",1
"CCL8",3
"PKIA",1
"JADE3",1
"AP003064.1",3
"KRT19",1
"CTC1",1
"SMIM5",1
"OR13A1",2
"CRTAP",1
"GJC1",1
"ANKRD10",1
"AL591806.1",3
"ZNF502",2
"OXLD1",1
"L3HYPDH",1
"DCAF8",3
"NR4A2",2
"TBC1D30",2
"ACADSB",1
"FLT3",1
"HCCS",2
"KRBA2",1
"TMEM231",2
"JAG1",3
"RHBDD2",1
"PPFIBP2",3
"PTPRO",2
"SVBP",2
"PDE6A",3
"VPS4B",1
"PTPRM",3
"SLC4A11",2
"TNFRSF10A",1
"CNNM4",1
"TRPM2",3
"RAPGEF2",1
"CRABP2",3
"BBOX1-AS1",2
"EML3",1
"LLGL2",1
"PIGB",1
"RLIM",1
"CYYR1",2
"RFPL1",2
"SLC5A2",1
"TESC",2
"IKZF3",1
"SNAPC3",3
"TRNP1",2
"POLG",1
"RBM26",1
"TMEM91",1
"SESN2",1
"ZC3H3",3
"BTD",1
"ASCL4",2
"LDLRAD2",2
"ADO",3
"C2CD2",2
"THEM6",3
"TSTD1",1
"PCBP3",2
"RHBDD3",3
"TTC30B",1
"EAPP",1
"TELO2",1
"RAP2C-AS1",3
"ADIPOR1",3
"ASNS",2
"RNF213",1
"ZNF611",1
"RBBP5",1
"ZNF687",3
"CD5L",2
"PACS1",1
"MAML1",3
"UPF1",1
"ICOSLG",3
"ATP8B3",1
"AF213884.3",2
"DCBLD2",2
"AFF2",1
"ZNF219",1
"IGFL3",2
"MMP23B",2
"ATXN7L3",1
"DPH2",2
"GIMAP4",2
"WIPF3",1
"PPFIA4",1
"C2orf68",1
"SGTB",3
"APTR",1
"DHDDS",2
"TSGA10IP",2
"TGFB3",1
"ZBTB42",2
"HLA-DOB",2
"STX1A",1
"FAM149A",2
"ALDOC",1
"ITFG1-AS1",1
"VSIG10",3
"C19orf47",3
"NSMF",1
"BTBD19",3
"PFAS",2
"ENTPD7",1
"ZSWIM1",1
"NUP155",1
"LAMB3",2
"GSTM4",2
"SH2B1",1
"CCDC71",3
"ABL2",1
"NEK8",3
"SRPX",3
"GSR",1
"CCHCR1",1
"LNP1",2
"MEIOB",2
"MAGI2",2
"HOXA1",2
"CEP120",3
"PIEZO2",1
"ZCWPW1",1
"COCH",1
"CNTNAP3B",3
"SETD5",1
"AC004816.1",1
"BAHCC1",1
"SMYD5",2
"TTC28",1
"F2RL2",1
"TMEM26",1
"SLC28A2",1
"CDK13",1
"FUT11",3
"SLC25A13",3
"ZFP37",2
"TMEM161B-AS1",1
"CWF19L2",1
"SLC16A14",1
"ST18",2
"SLC25A28",3
"GREB1",3
"TMEM53",1
"ANK3",2
"PRKACB",1
"GATA2-AS1",1
"KLF13",1
"ZNF497",2
"ZNF850",1
"ARL4A",1
"AZIN2",1
"INTS7",1
"SH3PXD2B",2
"EPB41L5",3
"PIAS4",3
"ZNF710",2
"TMEM189",1
"C9orf47",1
"UBALD1",1
"LONRF2",1
"ZNF430",1
"PLXND1",1
"REN",1
"ZNF77",1
"CLYBL",2
"SPTB",3
"NCK2",2
"SPAG17",2
"OASL",3
"IQCE",3
"APOBEC3F",3
"MANBAL",1
"CYB5D1",2
"GALNT11",2
"SLC46A1",2
"ZBTB43",1
"OTUD5",1
"LRRC3",1
"PSTK",2
"SLC27A3",2
"GAB3",1
"PSMD5",1
"EDRF1",3
"PRRT3",2
"PLBD2",3
"TTLL11",2
"TBC1D8B",2
"CLUH",2
