Method,Cell type,All gene profile-wise PCC,Marker gene profile-wise PCC,All gene pseudo-bulk PCC,Marker gene pseudo-bulk PCC, ,  ,Method,All gene sample-wise PCC [mean],All gene sample-wise PCC [median],Marker gene sample-wise PCC [mean],Marker gene sample-wise PCC [median],All gene gene-wise PCC (common set) [mean],All gene gene-wise PCC (common set) [median],Marker gene gene-wise PCC [mean],Marker gene gene-wise PCC [median]
DeconvSC,AT1,0.9263,0.9288,0.9263,0.9288,,,DeconvSC,,,,,0.7797,0.8391,0.8071,0.8374
DeconvSC,AT2,0.9383,0.9524,0.9383,0.9524,,,BayesPrism,,,,,0.5107,0.557,0.438,0.4377
DeconvSC,B_cell,0.8501,0.8614,0.8501,0.8614,,,CIBERSORTx,,,,,0.1477,0.1835,0.1818,0.2227
DeconvSC,CD4_EM,0.9209,0.9219,0.9209,0.9219,,,DISSECT,,,,,0.6596,0.694,0.7022,0.7259
DeconvSC,CD4_Treg,0.8711,0.8781,0.8711,0.8781,,,TAPE,,,,,0.0013,0.0122,0.0283,0.0325
DeconvSC,CD4_naive,0.934,0.9375,0.934,0.9375,,,,,,,,,,,
DeconvSC,CD8_EM,0.9329,0.9279,0.9329,0.9279,,,,,,,,,,,
DeconvSC,CD8_EMRA,0.903,0.9068,0.903,0.9068,,,,,,,,,,,
DeconvSC,CD8_MAIT,0.8554,0.8815,0.8554,0.8815,,,,,,,,,,,
DeconvSC,CD8_RM,0.8389,0.8534,0.8389,0.8534,,,,,,,,,,,
DeconvSC,LEC,0.9351,0.9335,0.9351,0.9335,,,,,,,,,,,
DeconvSC,NK,0.9241,0.9323,0.9241,0.9323,,,,,,,,,,,
DeconvSC,NK_KLRC1,0.8815,0.8605,0.8815,0.8605,,,,,,,,,,,
DeconvSC,SMC,0.92,0.9076,0.92,0.9076,,,,,,,,,,,
DeconvSC,adventitial_fibroblast,0.8928,0.8958,0.8928,0.8958,,,,,,,,,,,
DeconvSC,alveolar_fibroblast,0.9096,0.926,0.9096,0.926,,,,,,,,,,,
DeconvSC,artery_1,0.9223,0.931,0.9223,0.931,,,,,,,,,,,
DeconvSC,artery_2,0.9016,0.8963,0.9016,0.8963,,,,,,,,,,,
DeconvSC,basal,0.8649,0.853,0.8649,0.853,,,,,,,,,,,
DeconvSC,cDC_type_1,0.8389,0.8533,0.8389,0.8533,,,,,,,,,,,
DeconvSC,cDC_type_2,0.898,0.8997,0.898,0.8997,,,,,,,,,,,
DeconvSC,cap_1,0.8911,0.8977,0.8911,0.8977,,,,,,,,,,,
DeconvSC,cap_2,0.9081,0.9,0.9081,0.9,,,,,,,,,,,
DeconvSC,cap_CX3CL1,0.895,0.8755,0.895,0.8755,,,,,,,,,,,
DeconvSC,cap_PB,0.8403,0.8443,0.8403,0.8443,,,,,,,,,,,
DeconvSC,cap_arterial,0.9105,0.9164,0.9105,0.9164,,,,,,,,,,,
DeconvSC,cap_venous,0.8957,0.8925,0.8957,0.8925,,,,,,,,,,,
DeconvSC,ciliated,0.9222,0.9228,0.9222,0.9228,,,,,,,,,,,
DeconvSC,club,0.9135,0.9066,0.9135,0.9066,,,,,,,,,,,
DeconvSC,fibroblast_intermediate,0.8986,0.9008,0.8986,0.9008,,,,,,,,,,,
DeconvSC,fibroblast_matrix,0.8366,0.8686,0.8366,0.8686,,,,,,,,,,,
DeconvSC,fibromyocyte,0.8123,0.8536,0.8123,0.8536,,,,,,,,,,,
DeconvSC,goblet,0.8752,0.8528,0.8752,0.8528,,,,,,,,,,,
DeconvSC,granulocyte,0.7412,0.7509,0.7412,0.7509,,,,,,,,,,,
DeconvSC,macro_HS3ST2,0.8795,0.9126,0.8795,0.9126,,,,,,,,,,,
DeconvSC,macro_alveolar,0.9341,0.9603,0.9341,0.9603,,,,,,,,,,,
DeconvSC,macro_alveolar_SPP1,0.9012,0.9312,0.9012,0.9312,,,,,,,,,,,
DeconvSC,macrophage_interstitial,0.9208,0.9189,0.9208,0.9189,,,,,,,,,,,
DeconvSC,mast_cell,0.8889,0.8411,0.8889,0.8411,,,,,,,,,,,
DeconvSC,monocyte_IL1B,0.7543,0.8087,0.7543,0.8087,,,,,,,,,,,
DeconvSC,monocyte_classical,0.9249,0.9282,0.9249,0.9282,,,,,,,,,,,
DeconvSC,monocyte_non_classical,0.9034,0.9252,0.9034,0.9252,,,,,,,,,,,
DeconvSC,myofibroblast,0.7885,0.8057,0.7885,0.8057,,,,,,,,,,,
DeconvSC,pericyte,0.9124,0.9145,0.9124,0.9145,,,,,,,,,,,
DeconvSC,plasma,0.7927,0.8632,0.7927,0.8632,,,,,,,,,,,
DeconvSC,proliferating_myeloid,0.8473,0.8398,0.8473,0.8398,,,,,,,,,,,
DeconvSC,vascular_SMC,0.8849,0.8908,0.8849,0.8908,,,,,,,,,,,
DeconvSC,vein_1,0.9201,0.9253,0.9201,0.9253,,,,,,,,,,,
DeconvSC,vein_2,0.9122,0.9109,0.9122,0.9109,,,,,,,,,,,
DeconvSC,vein_PB,0.9142,0.9166,0.9142,0.9166,,,,,,,,,,,
BayesPrism,AT1,0.4388,0.6528,0.4388,0.6528,,,,,,,,,,,
BayesPrism,AT2,0.3238,0.49,0.3238,0.49,,,,,,,,,,,
BayesPrism,B_cell,0.4073,0.5702,0.4073,0.5702,,,,,,,,,,,
BayesPrism,CD4_EM,0.3036,0.4287,0.3036,0.4287,,,,,,,,,,,
BayesPrism,CD4_Th1,0.3062,0.4196,0.3062,0.4196,,,,,,,,,,,
BayesPrism,CD4_Th17,0.2491,0.402,0.2491,0.402,,,,,,,,,,,
BayesPrism,CD4_Treg,0.3155,0.4181,0.3155,0.4181,,,,,,,,,,,
BayesPrism,CD4_naive,0.2547,0.3762,0.2547,0.3762,,,,,,,,,,,
BayesPrism,CD8_EM,0.306,0.4304,0.306,0.4304,,,,,,,,,,,
BayesPrism,CD8_EMRA,0.5117,0.6735,0.5117,0.6735,,,,,,,,,,,
BayesPrism,CD8_MAIT,0.3671,0.5275,0.3671,0.5275,,,,,,,,,,,
BayesPrism,CD8_RM,0.3335,0.4728,0.3335,0.4728,,,,,,,,,,,
BayesPrism,CD8_gamma_delta,0.1939,0.3074,0.1939,0.3074,,,,,,,,,,,
BayesPrism,CD8_naive,0.2148,0.3307,0.2148,0.3307,,,,,,,,,,,
BayesPrism,LEC,0.3551,0.4673,0.3551,0.4673,,,,,,,,,,,
BayesPrism,NK,0.4964,0.6767,0.4964,0.6767,,,,,,,,,,,
BayesPrism,NK_KLRC1,0.2467,0.4103,0.2467,0.4103,,,,,,,,,,,
BayesPrism,SMC,0.546,0.7151,0.546,0.7151,,,,,,,,,,,
BayesPrism,adventitial_fibroblast,0.4306,0.5755,0.4306,0.5755,,,,,,,,,,,
BayesPrism,alveolar_fibroblast,0.4493,0.6234,0.4493,0.6234,,,,,,,,,,,
BayesPrism,artery_1,0.5364,0.7124,0.5364,0.7124,,,,,,,,,,,
BayesPrism,artery_2,0.3591,0.4888,0.3591,0.4888,,,,,,,,,,,
BayesPrism,basal,0.4815,0.6328,0.4815,0.6328,,,,,,,,,,,
BayesPrism,cDC_type_1,0.287,0.4567,0.287,0.4567,,,,,,,,,,,
BayesPrism,cDC_type_2,0.2262,0.3622,0.2262,0.3622,,,,,,,,,,,
BayesPrism,cap_1,0.5652,0.7459,0.5652,0.7459,,,,,,,,,,,
BayesPrism,cap_2,0.5235,0.7205,0.5235,0.7205,,,,,,,,,,,
BayesPrism,cap_CX3CL1,0.5611,0.7459,0.5611,0.7459,,,,,,,,,,,
BayesPrism,cap_PB,0.3265,0.5203,0.3265,0.5203,,,,,,,,,,,
BayesPrism,cap_arterial,0.4419,0.6338,0.4419,0.6338,,,,,,,,,,,
BayesPrism,cap_venous,0.439,0.6314,0.439,0.6314,,,,,,,,,,,
BayesPrism,ciliated,0.3504,0.4485,0.3504,0.4485,,,,,,,,,,,
BayesPrism,club,0.2474,0.4463,0.2474,0.4463,,,,,,,,,,,
BayesPrism,fibroblast_intermediate,0.3965,0.5409,0.3965,0.5409,,,,,,,,,,,
BayesPrism,fibroblast_matrix,0.3694,0.4984,0.3694,0.4984,,,,,,,,,,,
BayesPrism,fibromyocyte,0.2842,0.4721,0.2842,0.4721,,,,,,,,,,,
BayesPrism,goblet,0.2305,0.4113,0.2305,0.4113,,,,,,,,,,,
BayesPrism,granulocyte,0.3757,0.4944,0.3757,0.4944,,,,,,,,,,,
BayesPrism,large_vessel,0.3829,0.5232,0.3829,0.5232,,,,,,,,,,,
BayesPrism,macro_HS3ST2,0.2012,0.3316,0.2012,0.3316,,,,,,,,,,,
BayesPrism,macro_alveolar,0.2821,0.4659,0.2821,0.4659,,,,,,,,,,,
BayesPrism,macro_alveolar_SPP1,0.2665,0.4696,0.2665,0.4696,,,,,,,,,,,
BayesPrism,macrophage_interstitial,0.2438,0.4343,0.2438,0.4343,,,,,,,,,,,
BayesPrism,mast_cell,0.3368,0.4193,0.3368,0.4193,,,,,,,,,,,
BayesPrism,migDC,0.2154,0.3252,0.2154,0.3252,,,,,,,,,,,
BayesPrism,monocyte_IL1B,0.2529,0.4078,0.2529,0.4078,,,,,,,,,,,
BayesPrism,monocyte_classical,0.1724,0.3217,0.1724,0.3217,,,,,,,,,,,
BayesPrism,monocyte_non_classical,0.1785,0.2289,0.1785,0.2289,,,,,,,,,,,
BayesPrism,myofibroblast,0.2919,0.3881,0.2919,0.3881,,,,,,,,,,,
BayesPrism,neuroendocrine,0.1456,0.2456,0.1456,0.2456,,,,,,,,,,,
BayesPrism,pDC,0.2339,0.3387,0.2339,0.3387,,,,,,,,,,,
BayesPrism,pericyte,0.5259,0.6829,0.5259,0.6829,,,,,,,,,,,
BayesPrism,plasma,0.2654,0.4153,0.2654,0.4153,,,,,,,,,,,
BayesPrism,proliferating_endothelial,0.3347,0.5355,0.3347,0.5355,,,,,,,,,,,
BayesPrism,proliferating_epithelial,0.2334,0.4048,0.2334,0.4048,,,,,,,,,,,
BayesPrism,proliferating_lymphoid,0.2486,0.3022,0.2486,0.3022,,,,,,,,,,,
BayesPrism,proliferating_myeloid,0.2302,0.3697,0.2302,0.3697,,,,,,,,,,,
BayesPrism,vascular_SMC,0.3564,0.5064,0.3564,0.5064,,,,,,,,,,,
BayesPrism,vein_1,0.3693,0.5366,0.3693,0.5366,,,,,,,,,,,
BayesPrism,vein_2,0.3819,0.5363,0.3819,0.5363,,,,,,,,,,,
BayesPrism,vein_PB,0.308,0.4403,0.308,0.4403,,,,,,,,,,,
CIBERSORTx,Bcell,0.266,0.3051,0.266,0.3051,,,,,,,,,,,
CIBERSORTx,Epithelial,0.0655,0.0883,0.0655,0.0883,,,,,,,,,,,
CIBERSORTx,Myeloid,0.3695,0.505,0.3695,0.505,,,,,,,,,,,
CIBERSORTx,NKcell,-0.0636,0.0007,-0.0636,0.0007,,,,,,,,,,,
DISSECT,AT1,0.7808,0.8467,0.7808,0.8467,,,,,,,,,,,
DISSECT,AT2,0.7674,0.8033,0.7674,0.8033,,,,,,,,,,,
DISSECT,B_cell,0.774,0.8049,0.774,0.8049,,,,,,,,,,,
DISSECT,CD4_EM,0.8301,0.8727,0.8301,0.8727,,,,,,,,,,,
DISSECT,CD4_Th1,0.7618,0.7521,0.7618,0.7521,,,,,,,,,,,
DISSECT,CD4_Th17,0.6948,0.7378,0.6948,0.7378,,,,,,,,,,,
DISSECT,CD4_Treg,0.7736,0.7895,0.7736,0.7895,,,,,,,,,,,
DISSECT,CD4_naive,0.8387,0.8632,0.8387,0.8632,,,,,,,,,,,
DISSECT,CD8_EM,0.828,0.8746,0.828,0.8746,,,,,,,,,,,
DISSECT,CD8_EMRA,0.7987,0.8474,0.7987,0.8474,,,,,,,,,,,
DISSECT,CD8_MAIT,0.7421,0.7649,0.7421,0.7649,,,,,,,,,,,
DISSECT,CD8_RM,0.7376,0.7808,0.7376,0.7808,,,,,,,,,,,
DISSECT,CD8_gamma_delta,0.5933,0.6899,0.5933,0.6899,,,,,,,,,,,
DISSECT,CD8_naive,0.749,0.8009,0.749,0.8009,,,,,,,,,,,
DISSECT,LEC,0.8147,0.8594,0.8147,0.8594,,,,,,,,,,,
DISSECT,NK,0.8289,0.87,0.8289,0.87,,,,,,,,,,,
DISSECT,NK_KLRC1,0.7685,0.7585,0.7685,0.7585,,,,,,,,,,,
DISSECT,SMC,0.8058,0.8414,0.8058,0.8414,,,,,,,,,,,
DISSECT,adventitial_fibroblast,0.7929,0.8345,0.7929,0.8345,,,,,,,,,,,
DISSECT,alveolar_fibroblast,0.7847,0.8198,0.7847,0.8198,,,,,,,,,,,
DISSECT,artery_1,0.7983,0.8578,0.7983,0.8578,,,,,,,,,,,
DISSECT,artery_2,0.7582,0.8071,0.7582,0.8071,,,,,,,,,,,
DISSECT,basal,0.7352,0.7753,0.7352,0.7753,,,,,,,,,,,
DISSECT,cDC_type_1,0.7302,0.748,0.7302,0.748,,,,,,,,,,,
DISSECT,cDC_type_2,0.7789,0.8411,0.7789,0.8411,,,,,,,,,,,
DISSECT,cap_1,0.8078,0.8593,0.8078,0.8593,,,,,,,,,,,
DISSECT,cap_2,0.7942,0.8582,0.7942,0.8582,,,,,,,,,,,
DISSECT,cap_CX3CL1,0.7827,0.8456,0.7827,0.8456,,,,,,,,,,,
DISSECT,cap_PB,0.71,0.7428,0.71,0.7428,,,,,,,,,,,
DISSECT,cap_arterial,0.7835,0.8579,0.7835,0.8579,,,,,,,,,,,
DISSECT,cap_venous,0.7703,0.8481,0.7703,0.8481,,,,,,,,,,,
DISSECT,ciliated,0.7496,0.817,0.7496,0.817,,,,,,,,,,,
DISSECT,club,0.7672,0.8021,0.7672,0.8021,,,,,,,,,,,
DISSECT,fibroblast_intermediate,0.7739,0.8027,0.7739,0.8027,,,,,,,,,,,
DISSECT,fibroblast_matrix,0.6963,0.754,0.6963,0.754,,,,,,,,,,,
DISSECT,fibromyocyte,0.6891,0.7608,0.6891,0.7608,,,,,,,,,,,
DISSECT,goblet,0.7428,0.7699,0.7428,0.7699,,,,,,,,,,,
DISSECT,granulocyte,0.6984,0.7107,0.6984,0.7107,,,,,,,,,,,
DISSECT,large_vessel,0.744,0.7446,0.744,0.7446,,,,,,,,,,,
DISSECT,macro_HS3ST2,0.7561,0.8279,0.7561,0.8279,,,,,,,,,,,
DISSECT,macro_alveolar,0.7772,0.8587,0.7772,0.8587,,,,,,,,,,,
DISSECT,macro_alveolar_SPP1,0.7574,0.8251,0.7574,0.8251,,,,,,,,,,,
DISSECT,macrophage_interstitial,0.8189,0.88,0.8189,0.88,,,,,,,,,,,
DISSECT,mast_cell,0.7955,0.802,0.7955,0.802,,,,,,,,,,,
DISSECT,migDC,0.4902,0.5492,0.4902,0.5492,,,,,,,,,,,
DISSECT,monocyte_IL1B,0.6764,0.7301,0.6764,0.7301,,,,,,,,,,,
DISSECT,monocyte_classical,0.8071,0.8764,0.8071,0.8764,,,,,,,,,,,
DISSECT,monocyte_non_classical,0.7706,0.8188,0.7706,0.8188,,,,,,,,,,,
DISSECT,myofibroblast,0.6892,0.7149,0.6892,0.7149,,,,,,,,,,,
DISSECT,neuroendocrine,0.5025,0.5034,0.5025,0.5034,,,,,,,,,,,
DISSECT,pDC,0.6183,0.5831,0.6183,0.5831,,,,,,,,,,,
DISSECT,pericyte,0.7919,0.8542,0.7919,0.8542,,,,,,,,,,,
DISSECT,plasma,0.6824,0.7338,0.6824,0.7338,,,,,,,,,,,
DISSECT,proliferating_endothelial,0.6379,0.6887,0.6379,0.6887,,,,,,,,,,,
DISSECT,proliferating_epithelial,0.5153,0.5822,0.5153,0.5822,,,,,,,,,,,
DISSECT,proliferating_lymphoid,0.6695,0.6004,0.6695,0.6004,,,,,,,,,,,
DISSECT,proliferating_myeloid,0.7364,0.7917,0.7364,0.7917,,,,,,,,,,,
DISSECT,vascular_SMC,0.7479,0.7796,0.7479,0.7796,,,,,,,,,,,
DISSECT,vein_1,0.7873,0.8635,0.7873,0.8635,,,,,,,,,,,
DISSECT,vein_2,0.7856,0.8577,0.7856,0.8577,,,,,,,,,,,
DISSECT,vein_PB,0.7708,0.837,0.7708,0.837,,,,,,,,,,,
TAPE,AT1,-0.0248,,-0.0248,,,,,,,,,,,,
TAPE,AT2,0.6453,0.3517,0.6453,0.3517,,,,,,,,,,,
TAPE,B_cell,0.6753,0.5098,0.6753,0.5098,,,,,,,,,,,
TAPE,CD4_EM,-0.0063,,-0.0063,,,,,,,,,,,,
TAPE,CD4_Th1,-0.0074,,-0.0074,,,,,,,,,,,,
TAPE,CD4_Th17,-0.0951,,-0.0951,,,,,,,,,,,,
TAPE,CD4_Treg,0.6535,0.5607,0.6535,0.5607,,,,,,,,,,,
TAPE,CD4_naive,0.6972,0.5847,0.6972,0.5847,,,,,,,,,,,
TAPE,CD8_EM,-0.0819,,-0.0819,,,,,,,,,,,,
TAPE,CD8_EMRA,-0.0928,,-0.0928,,,,,,,,,,,,
TAPE,CD8_MAIT,0.6067,0.497,0.6067,0.497,,,,,,,,,,,
TAPE,CD8_RM,-0.0139,,-0.0139,,,,,,,,,,,,
TAPE,CD8_gamma_delta,0.4879,0.4438,0.4879,0.4438,,,,,,,,,,,
TAPE,CD8_naive,0.6613,0.5569,0.6613,0.5569,,,,,,,,,,,
TAPE,LEC,0.7717,0.6786,0.7717,0.6786,,,,,,,,,,,
TAPE,NK,0.6723,0.5509,0.6723,0.5509,,,,,,,,,,,
TAPE,NK_KLRC1,-0.0146,,-0.0146,,,,,,,,,,,,
TAPE,SMC,-0.0062,,-0.0062,,,,,,,,,,,,
TAPE,adventitial_fibroblast,0.7248,0.5864,0.7248,0.5864,,,,,,,,,,,
TAPE,alveolar_fibroblast,0.6967,0.5335,0.6967,0.5335,,,,,,,,,,,
TAPE,artery_1,0.7724,0.6882,0.7724,0.6882,,,,,,,,,,,
TAPE,artery_2,0.7417,0.6806,0.7417,0.6806,,,,,,,,,,,
TAPE,basal,0.7359,0.6416,0.7359,0.6416,,,,,,,,,,,
TAPE,cDC_type_1,0.594,0.4757,0.594,0.4757,,,,,,,,,,,
TAPE,cDC_type_2,0.6949,0.5787,0.6949,0.5787,,,,,,,,,,,
TAPE,cap_1,0.7368,0.6348,0.7368,0.6348,,,,,,,,,,,
TAPE,cap_2,0.7379,0.6493,0.7379,0.6493,,,,,,,,,,,
TAPE,cap_CX3CL1,0.7518,0.6517,0.7518,0.6517,,,,,,,,,,,
TAPE,cap_PB,0.679,0.6757,0.679,0.6757,,,,,,,,,,,
TAPE,cap_arterial,0.7362,0.6651,0.7362,0.6651,,,,,,,,,,,
TAPE,cap_venous,0.7277,0.6674,0.7277,0.6674,,,,,,,,,,,
TAPE,ciliated,0.6055,0.4179,0.6055,0.4179,,,,,,,,,,,
TAPE,club,0.6768,0.5795,0.6768,0.5795,,,,,,,,,,,
TAPE,fibroblast_intermediate,0.7119,0.5599,0.7119,0.5599,,,,,,,,,,,
TAPE,fibroblast_matrix,-0.0107,,-0.0107,,,,,,,,,,,,
TAPE,fibromyocyte,-0.0068,,-0.0068,,,,,,,,,,,,
TAPE,goblet,0.6557,0.593,0.6557,0.593,,,,,,,,,,,
TAPE,granulocyte,0.6673,0.6304,0.6673,0.6304,,,,,,,,,,,
TAPE,large_vessel,-0.0081,,-0.0081,,,,,,,,,,,,
TAPE,macro_HS3ST2,0.7422,0.656,0.7422,0.656,,,,,,,,,,,
TAPE,macro_alveolar,-0.2111,,-0.2111,,,,,,,,,,,,
TAPE,macro_alveolar_SPP1,-0.1964,,-0.1964,,,,,,,,,,,,
TAPE,macrophage_interstitial,-0.0245,,-0.0245,,,,,,,,,,,,
TAPE,mast_cell,-0.0073,,-0.0073,,,,,,,,,,,,
TAPE,migDC,0.4028,0.3643,0.4028,0.3643,,,,,,,,,,,
TAPE,monocyte_IL1B,-0.0132,,-0.0132,,,,,,,,,,,,
TAPE,monocyte_classical,0.7165,0.6096,0.7165,0.6096,,,,,,,,,,,
TAPE,monocyte_non_classical,0.6991,0.5927,0.6991,0.5927,,,,,,,,,,,
TAPE,myofibroblast,0.6548,0.6223,0.6548,0.6223,,,,,,,,,,,
TAPE,neuroendocrine,-0.0707,,-0.0707,,,,,,,,,,,,
TAPE,pDC,0.6047,0.4521,0.6047,0.4521,,,,,,,,,,,
TAPE,pericyte,0.7357,0.5936,0.7357,0.5936,,,,,,,,,,,
TAPE,plasma,-0.0091,,-0.0091,,,,,,,,,,,,
TAPE,proliferating_endothelial,-0.1262,-0.1296,-0.1262,-0.1296,,,,,,,,,,,
TAPE,proliferating_epithelial,-0.128,,-0.128,,,,,,,,,,,,
TAPE,proliferating_lymphoid,0.6519,0.5225,0.6519,0.5225,,,,,,,,,,,
TAPE,proliferating_myeloid,-0.1496,0.1404,-0.1496,0.1404,,,,,,,,,,,
TAPE,vascular_SMC,-0.0354,,-0.0354,,,,,,,,,,,,
TAPE,vein_1,-0.0085,,-0.0085,,,,,,,,,,,,
TAPE,vein_2,0.7493,0.6818,0.7493,0.6818,,,,,,,,,,,
TAPE,vein_PB,-0.0008,,-0.0008,,,,,,,,,,,,
