Cell type (S4 coarse),mean_true_prop,DeconvSC,BayesPrism,CIBERSORTx,DISSECT,TAPE
Activated myofibroblasts,0.0325,0.8501,0.7929,0.8845,0.6514,0.2129
Secretory,0.054,0.8439,0.9803,0.935,0.86,0.4638
Transitional AT2,0.0511,0.8027,0.9044,0.7275,0.575,0.0376
Dendritic,0.1378,0.7891,0.7656,0.8273,0.6084,0.2526
Stromal,0.1721,0.7858,0.8758,0.9026,0.7978,0.4253
NK cells,0.0328,0.6568,0.5481,0.8107,0.6686,0.5921
Myeloid,0.2638,0.6296,0.6995,0.6824,0.6125,0.2445
CD4 T cells,0.0623,0.5303,0.603,0.8947,0.7198,0.697
Ciliated,0.0111,0.5085,0.9635,0.9421,0.8895,0.5476
B_Plasma,0.0828,0.4775,0.7822,0.6525,0.6835,0.5866
Others,0.0886,0.4561,0.2944,,0.4947,0.1806
Plasmacytoid DCs,0.011,0.1177,0.0865,-0.1938,0.04,-0.1362
— MEAN —,,0.6207,0.6913,0.7332,0.6334,0.342
