dataset,method,gene_set,axis,n,mean,median,q25,q75,min,max
HCA_fold2,DeconvSC,all_genes,profile,20,0.8444725919241918,0.8546161028700947,0.815769890511324,0.8838310716633304,0.7420323019882067,0.9237124376183958
HCA_fold2,DeconvSC,all_genes,sample_profile,998,0.8506345469495062,0.8709473330722454,0.8071169468529997,0.9173293898273942,0.4593841687370495,0.9770597132675626
HCA_fold2,DeconvSC,all_genes,sample,105,0.9345918403370356,0.938953893089401,0.92046542557833,0.9553140852993632,0.8238703627463839,0.9763825144259894
HCA_fold2,DeconvSC,all_genes,pseudobulk,20,0.9458516409718672,0.9588162096099198,0.9329313706323382,0.9681833631302936,0.8784965800775943,0.9789856245016788
HCA_fold2,DeconvSC,all_genes,gene,1649,0.5930443675099615,0.6302143748494692,0.460391350247517,0.7618169960769559,-0.0732962229598756,0.9915027086582292
HCA_fold2,DeconvSC,marker_genes,profile,20,0.907199058999662,0.9204947677833304,0.8838577714476993,0.9341395116845188,0.8254197133784297,0.9581294387152812
HCA_fold2,DeconvSC,marker_genes,sample_profile,998,0.9067744361200658,0.9253662437677246,0.88414166565797,0.9511478178528402,0.5447425854000624,0.9883857640152396
HCA_fold2,DeconvSC,marker_genes,sample,105,0.9081341083759056,0.91375221365741,0.8915580186783039,0.9297555492595556,0.7715277027341818,0.9610993316579556
HCA_fold2,DeconvSC,marker_genes,pseudobulk,20,0.9633855160581892,0.9705895649180694,0.9568279991703964,0.981670812349479,0.898534329073214,0.9845290481660548
HCA_fold2,DeconvSC,marker_genes,gene,444,0.7153818611170882,0.7519501703486138,0.6403695998419937,0.8321267583081543,0.2358979818111591,0.9344198936002406
HCA_fold2,BayesPrism,all_genes,sample,105,0.9999363895631896,0.9999650010757668,0.9999540330091806,0.9999676383958708,0.9995401308955716,0.9999756813471726
HCA_fold2,BayesPrism,all_genes,profile,20,0.833440466648732,0.8422568331586031,0.8242698306968015,0.8564212610612829,0.6720471192150388,0.9188043876387288
HCA_fold2,BayesPrism,all_genes,gene,1649,0.6550728442508987,0.6768841548643934,0.5403944357288454,0.794490914672188,0.0491219704254853,0.9851466471675722
HCA_fold2,BayesPrism,all_genes,pseudobulk,21,0.9542771979806508,0.9663967412015412,0.9448844995699466,0.9832887191730868,0.7650985583818843,0.9885857045642796
HCA_fold2,BayesPrism,all_genes,sample_profile,1269,0.8379219565501076,0.8808180103992669,0.7800491009508116,0.9303705021327164,0.2555255731866837,0.9921336785025734
HCA_fold2,BayesPrism,marker_genes,sample,105,0.9999577076007756,0.9999891454728368,0.9999674978910192,0.99999273238157,0.9993129135903508,0.999995703678656
HCA_fold2,BayesPrism,marker_genes,profile,20,0.891698693258892,0.9041755806793704,0.8795660856375955,0.9165916259846052,0.7552212726614188,0.960305819352899
HCA_fold2,BayesPrism,marker_genes,gene,435,0.6978742706132699,0.7302257381868017,0.6282356813377993,0.8206512369429536,0.0196084190030107,0.945827294006975
HCA_fold2,BayesPrism,marker_genes,pseudobulk,21,0.9557444542177868,0.9716911389738954,0.9526817906966828,0.9869613722968656,0.7905750745893096,0.9899125441151672
HCA_fold2,BayesPrism,marker_genes,sample_profile,1269,0.8888447720982654,0.921478693785606,0.8520620671609488,0.9545319385695568,0.3340628370092104,0.9934077886515478
HCA_fold2,CIBERSORTx,all_genes,sample,105,0.755298301903276,0.7892252800988935,0.6692485907071618,0.8169802517966198,0.5551327493632031,0.8895289497377291
HCA_fold2,CIBERSORTx,all_genes,profile,20,0.5718996624443453,0.6131726896414281,0.5476019434917141,0.6638071221907718,0.0141760521108426,0.7269836424302581
HCA_fold2,CIBERSORTx,all_genes,gene,1649,0.5373922525080328,0.5514800790759828,0.3909247750225373,0.7098990216361047,-0.2632597809709007,0.9735237138472136
HCA_fold2,CIBERSORTx,all_genes,pseudobulk,20,0.6502423945037606,0.6629073227315813,0.6225673332232712,0.7586703183204279,0.0162803670857312,0.8182116550975754
HCA_fold2,CIBERSORTx,all_genes,sample_profile,1172,0.6093145889951322,0.6375533047737669,0.5443008322050825,0.7175008823661577,-0.0235677087362808,0.8233325041616648
HCA_fold2,CIBERSORTx,marker_genes,sample,105,0.6904005097699425,0.7328739967195852,0.5633140853560937,0.7837524316790496,0.4454032283021948,0.8611763645289457
HCA_fold2,CIBERSORTx,marker_genes,profile,20,0.594962520755369,0.6184050484679313,0.5531607197235165,0.7312069190120435,0.0074537521012019,0.7797404525235558
HCA_fold2,CIBERSORTx,marker_genes,gene,330,0.6165953502037224,0.6370205759777097,0.4984441495837907,0.7369403819706559,-0.1137391568072625,0.9636095944586608
HCA_fold2,CIBERSORTx,marker_genes,pseudobulk,20,0.6277310583410014,0.6573314026332735,0.567151943511323,0.758648295184245,0.01730198079859,0.8309458272498065
HCA_fold2,CIBERSORTx,marker_genes,sample_profile,1172,0.6374536310047111,0.6870888178528504,0.568719589559855,0.7494138549218056,-0.0594479994943722,0.8510795316657815
HCA_fold2,DISSECT,all_genes,sample,105,0.6924618296174978,0.6913446796298263,0.6716157105306377,0.7120430894742004,0.6296269037805481,0.7531099078854472
HCA_fold2,DISSECT,all_genes,profile,20,0.5817143778945008,0.5862269743570145,0.5728801553491005,0.5951301540067007,0.4866774706321288,0.6469423705741327
HCA_fold2,DISSECT,all_genes,gene,1649,0.4786014615220828,0.486207271340611,0.3676951960777835,0.6072768033649067,-0.0794392766570449,0.8955661505837941
HCA_fold2,DISSECT,all_genes,pseudobulk,21,0.7100593257469046,0.7116291748114322,0.6960241769876305,0.7369242456712188,0.5448702049553991,0.7959686692473066
HCA_fold2,DISSECT,all_genes,sample_profile,1269,0.5890205682617505,0.6044765281746765,0.5361481708470395,0.6552865131977161,0.210539625707972,0.7914668114200055
HCA_fold2,DISSECT,marker_genes,sample,105,0.7325754859592537,0.7431438359282709,0.7021272930204292,0.7660746724018285,0.5724743682305622,0.8230493413890094
HCA_fold2,DISSECT,marker_genes,profile,20,0.6616608506184484,0.6571397296824264,0.6388601543866108,0.6861914811511906,0.5763317035999145,0.7394603983714308
HCA_fold2,DISSECT,marker_genes,gene,444,0.4625842932494061,0.4777120012400099,0.3677169117709657,0.5763411257062611,-0.0121048371423171,0.7903549077543812
HCA_fold2,DISSECT,marker_genes,pseudobulk,21,0.7979149495560924,0.809315962209129,0.7968968534819783,0.8227164011563608,0.6445494574574405,0.8452357178887355
HCA_fold2,DISSECT,marker_genes,sample_profile,1269,0.659668921869608,0.6781019659225246,0.6104321507493871,0.7257593723264615,0.2354110570395144,0.8380523673110225
HCA_fold2,TAPE,all_genes,sample,105,0.6623909278986251,0.6581381023888919,0.633181128650903,0.6981597887273985,0.5724503407206437,0.7360376506257575
HCA_fold2,TAPE,all_genes,profile,20,0.4444368485355567,0.5046423175923314,0.445059063280736,0.5301321336573249,-0.0290777777301658,0.5995420586705088
HCA_fold2,TAPE,all_genes,gene,1649,0.2668772353328909,0.2617905361796545,0.1299684974055093,0.4012648698584382,-0.2373386850365987,0.7932646996250556
HCA_fold2,TAPE,all_genes,pseudobulk,21,0.5447541776150712,0.6121308100413246,0.5078785102437073,0.6572421802858271,-0.1110088732026481,0.7375575518942251
HCA_fold2,TAPE,all_genes,sample_profile,1269,0.4668873392978712,0.5142399250494167,0.4260988980622948,0.5789798985489113,-0.0783801322693703,0.7009797213948832
HCA_fold2,TAPE,marker_genes,sample,105,0.8035275108057911,0.8165973578675888,0.7761241583793455,0.8501727886912652,0.5852304219712623,0.9002882441351375
HCA_fold2,TAPE,marker_genes,profile,19,0.5648215243721012,0.6338359559794554,0.4950092276728733,0.6966812125833374,-0.0358016698172072,0.753460499925672
HCA_fold2,TAPE,marker_genes,gene,444,0.1864839872133708,0.1885756220716871,0.0521357423328403,0.316183920840896,-0.2108974281089432,0.5126504341280509
HCA_fold2,TAPE,marker_genes,pseudobulk,21,0.6158828290523181,0.7003253493514126,0.592403586421695,0.7716340048078447,-0.0482562373668884,0.8266017165385839
HCA_fold2,TAPE,marker_genes,sample_profile,1232,0.5783441597350327,0.6239951649570157,0.5052769774869914,0.720762070031663,-0.2071405936760762,0.837882714773622
GSE141115,DeconvSC,all_genes,profile,15,0.8536716099304171,0.8678076522342697,0.8191137197272094,0.8865162842570038,0.7747476358668091,0.9074155869258356
GSE141115,DeconvSC,all_genes,sample_profile,44,0.8554653366136808,0.8700630121006531,0.8433432754728346,0.8918726303004543,0.706792341851544,0.9096207388605684
GSE141115,DeconvSC,all_genes,sample,3,0.8803587635351291,0.8807860439960608,0.8797991818819939,0.8811319854187303,0.878812319767927,0.8814779268413998
GSE141115,DeconvSC,all_genes,pseudobulk,15,0.8711105407758385,0.8755753247062507,0.8556145500407643,0.8939248647051599,0.7913199860978988,0.9121378686675552
GSE141115,DeconvSC,all_genes,gene,464,0.8378705322003976,0.8911191388067254,0.8099798463179431,0.9429539676377922,-0.1236946927266865,0.9984511429969114
GSE141115,DeconvSC,marker_genes,profile,15,0.9189260198390732,0.9299516580494602,0.9028117952243476,0.9371081640278556,0.8480205023531755,0.9487726925616584
GSE141115,DeconvSC,marker_genes,sample_profile,44,0.919459944399521,0.9285393805754032,0.9067502391583976,0.938277058359062,0.8213305768250779,0.9533331118211024
GSE141115,DeconvSC,marker_genes,sample,3,0.9167031375003044,0.9178928614398602,0.915905543463432,0.918095593506955,0.9139182254870036,0.91829832557405
GSE141115,DeconvSC,marker_genes,pseudobulk,15,0.9280423892386837,0.9331596602580924,0.9231619246165338,0.939649463639762,0.8781829402954091,0.9534318575102924
GSE141115,DeconvSC,marker_genes,gene,330,0.8536510605553286,0.8788868279672081,0.806419299895359,0.934568669566615,-0.068126768269736,0.9948692930637612
GSE141115,BayesPrism,all_genes,sample,3,0.6875857928909482,0.6881737297696009,0.6847329039737449,0.6907326502474778,0.681292078177889,0.6932915707253546
GSE141115,BayesPrism,all_genes,profile,46,0.5386145365891577,0.5119954427911441,0.3896420699698347,0.6969032393087609,0.2936400895295289,0.8170152285724268
GSE141115,BayesPrism,all_genes,gene,464,0.6277937438284578,0.678864286090572,0.48346478256193626,0.8229557217626031,-0.2312450035864233,0.9991032469717506
GSE141115,BayesPrism,all_genes,pseudobulk,16,0.6128700725010331,0.6225337182970228,0.5088884694468401,0.7094595383702949,0.4565570109381682,0.8112169029813101
GSE141115,BayesPrism,marker_genes,sample,3,0.6929960434156245,0.6988521072856873,0.6833574347371836,0.7055626840290967,0.6678627621886799,0.7122732607725061
GSE141115,BayesPrism,marker_genes,profile,46,0.6900139667004589,0.7060108992354672,0.6143116172673957,0.8062902991935079,0.3921122432751771,0.871169659603935
GSE141115,BayesPrism,marker_genes,gene,334,0.6406655901630313,0.6852322052241624,0.4757717059297988,0.8156075104274549,-0.1594780975219962,0.998143353954742
GSE141115,BayesPrism,marker_genes,pseudobulk,16,0.7640774588332875,0.7744912840380508,0.7298250356784148,0.8237412538931889,0.5575446832025976,0.8735141750555018
GSE141115,CIBERSORTx,all_genes,sample,3,0.4351163601651155,0.4278786798932708,0.4234074043575162,0.4432064758367925,0.4189361288217617,0.4585342717803142
GSE141115,CIBERSORTx,all_genes,profile,15,0.3298769765301561,0.2978380248645401,0.2306155821536304,0.4659655733943815,0.14933299545498,0.5088086119510912
GSE141115,CIBERSORTx,all_genes,gene,464,0.205314682511869,0.2203297101636901,-0.25579838602143534,0.6646272447068678,-0.914132305498792,0.9934301264169864
GSE141115,CIBERSORTx,all_genes,pseudobulk,5,0.3345384254006884,0.3053943039008472,0.2415204544609987,0.4654335230612894,0.1608570462505366,0.4994867993297702
GSE141115,CIBERSORTx,marker_genes,sample,3,0.4141725884586507,0.3959340992690625,0.3953860492733105,0.4238398830491968,0.3948379992775587,0.4517456668293311
GSE141115,CIBERSORTx,marker_genes,profile,15,0.2939638507123866,0.2473019099391938,0.1902077099968579,0.4375596197289033,0.1196569664931079,0.4650981613217724
GSE141115,CIBERSORTx,marker_genes,gene,197,0.2020613477426796,0.2923847555694211,-0.2646611807979997,0.6568478191113252,-0.8983313097741061,0.9888522096701202
GSE141115,CIBERSORTx,marker_genes,pseudobulk,5,0.2981750389726177,0.2546957222809168,0.2082142315074886,0.4445747913046012,0.1308182544365901,0.452572195333492
GSE141115,DISSECT,all_genes,sample,3,0.6600914655484984,0.6585330053420775,0.6561612420159976,0.6632424589777888,0.6537894786899177,0.6679519126135001
GSE141115,DISSECT,all_genes,profile,46,0.6488985914813516,0.6441388817430492,0.6134374777744154,0.6960038629536301,0.3617291890294781,0.8241101703129068
GSE141115,DISSECT,all_genes,gene,464,0.6349524511535584,0.6673385055007399,0.5276274903056001,0.8100268597687901,-0.2772187291480604,0.9844004177645636
GSE141115,DISSECT,all_genes,pseudobulk,16,0.6651092501253018,0.6549090364797394,0.6325406498056453,0.7137858929752642,0.5025807252102351,0.8211167104371877
GSE141115,DISSECT,marker_genes,sample,3,0.7724313356886,0.7713780538018493,0.769609267900326,0.7747267625334986,0.7678404819988027,0.7780754712651479
GSE141115,DISSECT,marker_genes,profile,46,0.7340558564164191,0.7358374017353675,0.6929185389115382,0.7641517091864329,0.5444917121133384,0.8951347450323712
GSE141115,DISSECT,marker_genes,gene,333,0.5600125531259783,0.5946216206224136,0.4735266606455882,0.6847633648225342,-0.1896640733328262,0.9377306665468514
GSE141115,DISSECT,marker_genes,pseudobulk,16,0.7533651816795783,0.7560800301254209,0.7287302884550031,0.7737638053410605,0.6284826356362916,0.8740366980889918
GSE141115,TAPE,all_genes,sample,3,0.5599523819382096,0.5811902446109796,0.547032726371963,0.5834909688408412,0.5128752081329463,0.5857916930707029
GSE141115,TAPE,all_genes,profile,46,0.5172463129422756,0.6516697344179815,0.5136352850636875,0.7124862308955857,-0.1601983197890465,0.764408998993126
GSE141115,TAPE,all_genes,gene,464,0.44954562828854744,0.5298570588022481,0.21569009326593924,0.7051753218392565,-0.5789074469092088,0.9784875972937784
GSE141115,TAPE,all_genes,pseudobulk,16,0.5167954747045991,0.6673020702651038,0.4884227038398422,0.712903611006527,-0.1595342674592541,0.7631200685581199
GSE141115,TAPE,marker_genes,sample,3,0.7031566209545513,0.7094704812227334,0.690034389201228,0.719435782841966,0.6705982971797226,0.7294010844611984
GSE141115,TAPE,marker_genes,profile,46,0.5832145927093808,0.7374226752089144,0.6030552197113588,0.7704054516777482,-0.1286824813452084,0.8646272180209326
GSE141115,TAPE,marker_genes,gene,334,0.2094744511488718,0.2655234267757177,-0.0467020400377519,0.4655971652814571,-0.5998708841818875,0.7374056752084995
GSE141115,TAPE,marker_genes,pseudobulk,16,0.5783735386522846,0.7423941545319177,0.5651650561357888,0.7809989084045411,-0.1430786442032392,0.8657145150375762
GSE159585,DeconvSC,all_genes,profile,50,0.885584851476435,0.8999012699205974,0.8664136688657007,0.9200813139287182,0.7412187138013098,0.9383271483070644
GSE159585,DeconvSC,all_genes,pseudobulk,50,0.885584851476435,0.8999012699205974,0.8664136688657007,0.9200813139287182,0.7412187138013098,0.9383271483070644
GSE159585,DeconvSC,all_genes,sample,0,,,,,,
GSE159585,DeconvSC,all_genes,sample_profile,0,,,,,,
GSE159585,DeconvSC,all_genes,gene,271,0.7797390081044845,0.8391310662313791,0.7042684732153177,0.9128960936682989,-0.1343624963191779,0.9933821673345534
GSE159585,DeconvSC,marker_genes,profile,50,0.8922831353515904,0.9003992150990618,0.8618547002193346,0.9246284406465216,0.750851709278007,0.9602879677340944
GSE159585,DeconvSC,marker_genes,pseudobulk,50,0.8922831353515904,0.9003992150990618,0.8618547002193346,0.9246284406465216,0.750851709278007,0.9602879677340944
GSE159585,DeconvSC,marker_genes,sample,0,,,,,,
GSE159585,DeconvSC,marker_genes,sample_profile,0,,,,,,
GSE159585,DeconvSC,marker_genes,gene,465,0.8070726095211329,0.8374420048537347,0.7587951913151016,0.8969667732571582,0.283672232867886,0.98767856959379
GSE159585,BayesPrism,all_genes,sample,0,,,,,,
GSE159585,BayesPrism,all_genes,profile,61,0.3362147221801236,0.3238155216258986,0.2485554033729062,0.3965437723727564,0.1456021079534259,0.5651858332987901
GSE159585,BayesPrism,all_genes,gene,271,0.510746177622823,0.5570207585355037,0.2884648796867023,0.7675972864688083,-0.1300374268605908,0.9975344291002898
GSE159585,BayesPrism,all_genes,pseudobulk,61,0.3362147221801236,0.3238155216258986,0.2485554033729062,0.3965437723727564,0.1456021079534259,0.5651858332987901
GSE159585,BayesPrism,marker_genes,sample,0,,,,,,
GSE159585,BayesPrism,marker_genes,profile,61,0.4845991842422347,0.4672687698098435,0.4078312428411723,0.5408590615296296,0.2289241207536624,0.7459116374721105
GSE159585,BayesPrism,marker_genes,gene,464,0.437967608221764,0.4376916726234089,0.2707453185411038,0.6169765805529523,-0.1407761282883859,0.977327192007394
GSE159585,BayesPrism,marker_genes,pseudobulk,61,0.4845991842422347,0.4672687698098435,0.4078312428411723,0.5408590615296296,0.2289241207536624,0.7459116374721105
GSE159585,CIBERSORTx,all_genes,sample,0,,,,,,
GSE159585,CIBERSORTx,all_genes,profile,4,0.1593540565664769,0.1657663100603492,0.0332179255476253,0.2919024410792009,-0.0635996163684892,0.3694832225136986
GSE159585,CIBERSORTx,all_genes,gene,271,0.14766708523861766,0.1835390757643521,-0.12296109603584746,0.43563541603219286,-0.7506430104409841,0.8751111339461528
GSE159585,CIBERSORTx,all_genes,pseudobulk,4,0.1593540565664769,0.1657663100603492,0.0332179255476253,0.2919024410792009,-0.0635996163684892,0.3694832225136986
GSE159585,CIBERSORTx,marker_genes,sample,0,,,,,,
GSE159585,CIBERSORTx,marker_genes,profile,4,0.2247824265751981,0.196702514127761,0.0664284280509315,0.3550565126520277,0.0007280016569981,0.5049966763882726
GSE159585,CIBERSORTx,marker_genes,gene,70,0.1818405609731129,0.2227315174301174,-0.0456861124404215,0.4158997701157844,-0.625117007966105,0.8307612944935442
GSE159585,CIBERSORTx,marker_genes,pseudobulk,4,0.2247824265751981,0.196702514127761,0.0664284280509315,0.3550565126520277,0.0007280016569981,0.5049966763882726
GSE159585,DISSECT,all_genes,sample,0,,,,,,
GSE159585,DISSECT,all_genes,profile,61,0.7436115083868825,0.7674417408331545,0.7301993590855014,0.7872839490985758,0.4901532380289103,0.8386701380070343
GSE159585,DISSECT,all_genes,gene,271,0.6595796114062843,0.6939972032701172,0.5802458519268452,0.7713966426570291,-0.0304876334329745,0.9194945076187728
GSE159585,DISSECT,all_genes,pseudobulk,61,0.7436115083868825,0.7674417408331545,0.7301993590855014,0.7872839490985758,0.4901532380289103,0.8386701380070343
GSE159585,DISSECT,marker_genes,sample,0,,,,,,
GSE159585,DISSECT,marker_genes,profile,61,0.7864553954253359,0.8033141844080047,0.7520687971771245,0.8481162200094514,0.5033543736348719,0.8799941177093278
GSE159585,DISSECT,marker_genes,gene,464,0.702199287685456,0.725937021572799,0.6167056055292572,0.8210199252992824,0.2067497230682125,0.966190209158942
GSE159585,DISSECT,marker_genes,pseudobulk,61,0.7864553954253359,0.8033141844080047,0.7520687971771245,0.8481162200094514,0.5033543736348719,0.8799941177093278
GSE159585,TAPE,all_genes,sample,0,,,,,,
GSE159585,TAPE,all_genes,profile,61,0.3791091486921422,0.6067381625301604,-0.0107086200945306,0.6990509189126788,-0.2111285751200116,0.772422480591668
GSE159585,TAPE,all_genes,gene,271,0.0012976633681545506,0.0121505286631468,-0.07258731088452836,0.08108561928225155,-0.3325557918581615,0.2722471896218847
GSE159585,TAPE,all_genes,pseudobulk,61,0.3791091486921422,0.6067381625301604,-0.0107086200945306,0.6990509189126788,-0.2111285751200116,0.772422480591668
GSE159585,TAPE,marker_genes,sample,0,,,,,,
GSE159585,TAPE,marker_genes,profile,38,0.546036003305,0.5855253903560413,0.512976891908669,0.6474048375671005,-0.1295600355565151,0.6881793510571375
GSE159585,TAPE,marker_genes,gene,464,0.0283350765257565,0.0325369100001474,-0.0391651279612782,0.0998147153738069,-0.3065962591826618,0.3639245799577669
GSE159585,TAPE,marker_genes,pseudobulk,38,0.546036003305,0.5855253903560413,0.512976891908669,0.6474048375671005,-0.1295600355565151,0.6881793510571375
