Method,Sample,Cell type,All gene profile-wise PCC,Markers profile-wise PCC,All gene pseudo-bulk PCC,Markers pseudo-bulk PCC,"All gene gene-wise PCC (common set, mean)",Markers gene-wise PCC (per-method mean)
DeconvSC,all,B,0.7747476358668091,0.8954333391793798,0.8283670685870463,0.9251441193463532,0.8378705322003976,0.8536510605553285
DeconvSC,all,CD_IC,0.9074155869258356,0.9348426474153738,0.9121378686675552,0.9391608700042402,0.8378705322003976,0.8536510605553285
DeconvSC,all,CD_PC,0.892533602299287,0.9101902512693152,0.8949157528104515,0.9115737030528916,0.8378705322003976,0.8536510605553285
DeconvSC,all,CD_Trans,0.7804507194101299,0.8480205023531755,0.8596717674274479,0.8781829402954091,0.8378705322003976,0.8536510605553285
DeconvSC,all,CNT,0.8568527180126456,0.9299516580494602,0.8611692044098826,0.9331596602580924,0.8378705322003976,0.8536510605553285
DeconvSC,all,DCT,0.8491720411711592,0.9223568991527188,0.8515573326540806,0.9240477110537744,0.8378705322003976,0.8536510605553285
DeconvSC,all,Endo,0.9074080347391428,0.9369989077754534,0.9115786547089076,0.940138057275284,0.8378705322003976,0.8536510605553285
DeconvSC,all,Fib,0.8771617983830065,0.9425314285211492,0.8929339765998681,0.9533822018761844,0.8378705322003976,0.8536510605553285
DeconvSC,all,MC,0.8678076522342697,0.9206718747973394,0.8755753247062507,0.9248490293644256,0.8378705322003976,0.8536510605553285
DeconvSC,all,MPH,0.8804989662147206,0.932774999375372,0.8869639996777355,0.9371850033345198,0.8378705322003976,0.8536510605553285
DeconvSC,all,NK,0.7824561155313915,0.893971153500949,0.8406612485995044,0.9222761381792932,0.8378705322003976,0.8536510605553285
DeconvSC,all,PT,0.8715627443518247,0.937217420280258,0.8728501515648913,0.9379838991251528,0.8378705322003976,0.8536510605553285
DeconvSC,all,Podo,0.902107152276287,0.9487726925616584,0.907750130912458,0.9534318575102924,0.8378705322003976,0.8536510605553285
DeconvSC,all,T,0.8658439832564852,0.9416956445365188,0.8792056442135984,0.9498231902570948,0.8378705322003976,0.8536510605553285
DeconvSC,all,aLOH,0.7890553982832597,0.8884608788179776,0.7913199860978988,0.890297457647247,0.8378705322003976,0.8536510605553285
BayesPrism,LDK2,B,0.3216945495618559,0.5701417972818532,0.4717315270671043,0.7309407899279378,0.6277937438284578,0.6406655901630313
BayesPrism,LDK3,B,0.3634869189830537,0.6692746507938304,0.4717315270671043,0.7309407899279378,0.6277937438284578,0.6406655901630313
BayesPrism,LDK1,CD_IC,0.3497824637069409,0.3921122432751771,0.5081433281740609,0.5575446832025976,0.6277937438284578,0.6406655901630313
BayesPrism,LDK2,CD_IC,0.3732273851214915,0.3964453789900866,0.5081433281740609,0.5575446832025976,0.6277937438284578,0.6406655901630313
BayesPrism,LDK3,CD_IC,0.3960348336862282,0.4434387546173731,0.5081433281740609,0.5575446832025976,0.6277937438284578,0.6406655901630313
BayesPrism,LDK1,CD_PC,0.454868696595136,0.6210007063362722,0.6229018272685243,0.7669824803023189,0.6277937438284578,0.6406655901630313
BayesPrism,LDK2,CD_PC,0.5089025506534801,0.6175443685500461,0.6229018272685243,0.7669824803023189,0.6277937438284578,0.6406655901630313
BayesPrism,LDK3,CD_PC,0.5484240275584665,0.7141520901148017,0.6229018272685243,0.7669824803023189,0.6277937438284578,0.6406655901630313
BayesPrism,LDK1,CD_Trans,0.6457588184307397,0.8064527890601834,0.7155346173588853,0.846692187561937,0.6277937438284578,0.6406655901630313
BayesPrism,LDK2,CD_Trans,0.6844024267842473,0.8237633181724471,0.7155346173588853,0.846692187561937,0.6277937438284578,0.6406655901630313
BayesPrism,LDK3,CD_Trans,0.5877759249618502,0.7967034299947727,0.7155346173588853,0.846692187561937,0.6277937438284578,0.6406655901630313
BayesPrism,LDK1,CNT,0.3792943229157499,0.540188256761974,0.5091368498710998,0.6633348929358082,0.6277937438284578,0.6406655901630313
BayesPrism,LDK2,CNT,0.4306929634994924,0.6205716634673589,0.5091368498710998,0.6633348929358082,0.6277937438284578,0.6406655901630313
BayesPrism,LDK3,CNT,0.3693520090786852,0.4898601136301052,0.5091368498710998,0.6633348929358082,0.6277937438284578,0.6406655901630313
BayesPrism,LDK1,DCT,0.5204696068926434,0.660885345543368,0.6008963181203161,0.726477772929846,0.6277937438284578,0.6406655901630313
BayesPrism,LDK2,DCT,0.5092871670818663,0.667424037521594,0.6008963181203161,0.726477772929846,0.6277937438284578,0.6406655901630313
BayesPrism,LDK3,DCT,0.4976048633281372,0.6269958226958802,0.6008963181203161,0.726477772929846,0.6277937438284578,0.6406655901630313
BayesPrism,LDK1,Endo,0.771529274510978,0.8561092678807813,0.7793034627411122,0.8590201137919617,0.6277937438284578,0.6406655901630313
BayesPrism,LDK2,Endo,0.771720497349111,0.8524201476715526,0.7793034627411122,0.8590201137919617,0.6277937438284578,0.6406655901630313
BayesPrism,LDK3,Endo,0.7851354458044765,0.8582996748898162,0.7793034627411122,0.8590201137919617,0.6277937438284578,0.6406655901630313
BayesPrism,LDK1,Fib,0.4750279314983594,0.6827299217482822,0.6395115484472746,0.8212324743771846,0.6277937438284578,0.6406655901630313
BayesPrism,LDK2,Fib,0.5289489392629517,0.7532116425235212,0.6395115484472746,0.8212324743771846,0.6277937438284578,0.6406655901630313
BayesPrism,LDK3,Fib,0.5350733748168364,0.7295524000982725,0.6395115484472746,0.8212324743771846,0.6277937438284578,0.6406655901630313
BayesPrism,LDK1,MC,0.7026033421189086,0.8058028295934818,0.7113294354179532,0.8146828765712525,0.6277937438284578,0.6406655901630313
BayesPrism,LDK2,MC,0.7010701768169321,0.8056264899066793,0.7113294354179532,0.8146828765712525,0.6277937438284578,0.6406655901630313
BayesPrism,LDK3,MC,0.7158085407305318,0.8197648660148815,0.7113294354179532,0.8146828765712525,0.6277937438284578,0.6406655901630313
BayesPrism,LDK1,MPH,0.4809795206589755,0.7006399846879219,0.6221656093255212,0.8164810939742383,0.6277937438284578,0.6406655901630313
BayesPrism,LDK2,MPH,0.5035950782472275,0.7313983535589373,0.6221656093255212,0.8164810939742383,0.6277937438284578,0.6406655901630313
BayesPrism,LDK3,MPH,0.5147037185004218,0.7113818137830126,0.6221656093255212,0.8164810939742383,0.6277937438284578,0.6406655901630313
BayesPrism,LDK1,NK,0.3525943857801628,0.5598291369438028,0.499761468754856,0.7464499108844986,0.6277937438284578,0.6406655901630313
BayesPrism,LDK2,NK,0.3343708447548651,0.549054505844238,0.499761468754856,0.7464499108844986,0.6277937438284578,0.6406655901630313
BayesPrism,LDK3,NK,0.3729952055740925,0.6132340335065122,0.499761468754856,0.7464499108844986,0.6277937438284578,0.6406655901630313
BayesPrism,LDK1,Neut,0.3857187889120891,0.5366250447152825,0.4565570109381682,0.6418223065825877,0.6277937438284578,0.6406655901630313
BayesPrism,LDK3,Neut,0.2936400895295289,0.5206830433549006,0.4565570109381682,0.6418223065825877,0.6277937438284578,0.6406655901630313
BayesPrism,LDK1,PT,0.7082565954425198,0.8311278562764016,0.7088362393544088,0.8312675924412015,0.6277937438284578,0.6406655901630313
BayesPrism,LDK2,PT,0.7039493998481646,0.8307912455958956,0.7088362393544088,0.8312675924412015,0.6277937438284578,0.6406655901630313
BayesPrism,LDK3,PT,0.7154114378788878,0.8308800182959392,0.7088362393544088,0.8312675924412015,0.6277937438284578,0.6406655901630313
BayesPrism,LDK1,Podo,0.8003991397434455,0.8636882540197166,0.8112169029813101,0.8735141750555018,0.6277937438284578,0.6406655901630313
BayesPrism,LDK2,Podo,0.7995642901256405,0.8711358289937602,0.8112169029813101,0.8735141750555018,0.6277937438284578,0.6406655901630313
BayesPrism,LDK3,Podo,0.8170152285724268,0.871169659603935,0.8112169029813101,0.8735141750555018,0.6277937438284578,0.6406655901630313
BayesPrism,LDK1,T,0.3932370444536925,0.622603195557038,0.5169849944381857,0.7820000877737827,0.6277937438284578,0.6406655901630313
BayesPrism,LDK2,T,0.3884437451418822,0.6450896977361639,0.5169849944381857,0.7820000877737827,0.6277937438284578,0.6406655901630313
BayesPrism,LDK3,T,0.3939506868362636,0.6015565414828167,0.5169849944381857,0.7820000877737827,0.6277937438284578,0.6406655901630313
BayesPrism,LDK1,aLOH,0.6261418862807749,0.7354502189570857,0.6319100197577487,0.7467959030199447,0.6277937438284578,0.6406655901630313
BayesPrism,LDK2,aLOH,0.6314254913631435,0.7494731344744752,0.6319100197577487,0.7467959030199447,0.6277937438284578,0.6406655901630313
BayesPrism,LDK3,aLOH,0.6318990537079007,0.7443588936988764,0.6319100197577487,0.7467959030199447,0.6277937438284578,0.6406655901630313
CIBERSORTx,LDK1,Collecting_Duct,0.4976131329360959,0.4461600700406148,0.4994867993297702,0.452572195333492,0.205314682511869,0.2020613477426796
CIBERSORTx,LDK2,Collecting_Duct,0.5088086119510912,0.4650981613217724,0.4994867993297702,0.452572195333492,0.205314682511869,0.2020613477426796
CIBERSORTx,LDK3,Collecting_Duct,0.4798073124585408,0.4322740621156894,0.4994867993297702,0.452572195333492,0.205314682511869,0.2020613477426796
CIBERSORTx,LDK1,Glomerular,0.2271080226206708,0.1871662701451663,0.2415204544609987,0.2082142315074886,0.205314682511869,0.2020613477426796
CIBERSORTx,LDK2,Glomerular,0.2442070967725565,0.2224922456835341,0.2415204544609987,0.2082142315074886,0.205314682511869,0.2020613477426796
CIBERSORTx,LDK3,Glomerular,0.23412314168659,0.1932491498485496,0.2415204544609987,0.2082142315074886,0.205314682511869,0.2020613477426796
CIBERSORTx,LDK1,Immune,0.1538237234727434,0.122051864036108,0.1608570462505366,0.1308182544365901,0.205314682511869,0.2020613477426796
CIBERSORTx,LDK2,Immune,0.1695651564669748,0.1395069368512272,0.1608570462505366,0.1308182544365901,0.205314682511869,0.2020613477426796
CIBERSORTx,LDK3,Immune,0.14933299545498,0.1196569664931079,0.1608570462505366,0.1308182544365901,0.205314682511869,0.2020613477426796
CIBERSORTx,LDK1,Tubular_Epithelial,0.4614679770999332,0.4363169303836086,0.4654335230612894,0.4445747913046012,0.205314682511869,0.2020613477426796
CIBERSORTx,LDK2,Tubular_Epithelial,0.4704631696888298,0.4532748492572715,0.4654335230612894,0.4445747913046012,0.205314682511869,0.2020613477426796
CIBERSORTx,LDK3,Tubular_Epithelial,0.4563398064870404,0.438802309074198,0.4654335230612894,0.4445747913046012,0.205314682511869,0.2020613477426796
CIBERSORTx,LDK1,Vascular_Stromal,0.2978380248645401,0.2473019099391938,0.3053943039008472,0.2546957222809168,0.205314682511869,0.2020613477426796
CIBERSORTx,LDK2,Vascular_Stromal,0.3190818906861715,0.2659733985585525,0.3053943039008472,0.2546957222809168,0.205314682511869,0.2020613477426796
CIBERSORTx,LDK3,Vascular_Stromal,0.278574585305583,0.240132636937205,0.3053943039008472,0.2546957222809168,0.205314682511869,0.2020613477426796
DISSECT,LDK2,B,0.6233209825245326,0.7277629036424804,0.6554276146378658,0.7249230941212408,0.6349524511535584,0.5600125531259783
DISSECT,LDK3,B,0.5954116763765696,0.668980862899076,0.6554276146378658,0.7249230941212408,0.6349524511535584,0.5600125531259783
DISSECT,LDK1,CD_IC,0.6966623972780716,0.7711496896044118,0.7205934276691373,0.8067874718586807,0.6349524511535584,0.5600125531259783
DISSECT,LDK2,CD_IC,0.7293440353599067,0.809423817072814,0.7205934276691373,0.8067874718586807,0.6349524511535584,0.5600125531259783
DISSECT,LDK3,CD_IC,0.7167061273354252,0.8026838436111524,0.7205934276691373,0.8067874718586807,0.6349524511535584,0.5600125531259783
DISSECT,LDK1,CD_PC,0.6565303463460779,0.7217332618436715,0.6686001377257347,0.7352453704558402,0.6349524511535584,0.5600125531259783
DISSECT,LDK2,CD_PC,0.6518814265555559,0.7310321811613613,0.6686001377257347,0.7352453704558402,0.6349524511535584,0.5600125531259783
DISSECT,LDK3,CD_PC,0.6940282599803058,0.7398717559536603,0.6686001377257347,0.7352453704558402,0.6349524511535584,0.5600125531259783
DISSECT,LDK1,CD_Trans,0.605094661953934,0.6925353006711074,0.6543904583216129,0.7299993532329239,0.6349524511535584,0.5600125531259783
DISSECT,LDK2,CD_Trans,0.6167731002492932,0.6940682536328306,0.6543904583216129,0.7299993532329239,0.6349524511535584,0.5600125531259783
DISSECT,LDK3,CD_Trans,0.52076729365686,0.6738942477063972,0.6543904583216129,0.7299993532329239,0.6349524511535584,0.5600125531259783
DISSECT,LDK1,CNT,0.6092511086037791,0.7093427855979484,0.6206024895399456,0.7575238666883175,0.6349524511535584,0.5600125531259783
DISSECT,LDK2,CNT,0.6240239348179842,0.7642923129252046,0.6206024895399456,0.7575238666883175,0.6349524511535584,0.5600125531259783
DISSECT,LDK3,CNT,0.6175262034783962,0.734259456824824,0.6206024895399456,0.7575238666883175,0.6349524511535584,0.5600125531259783
DISSECT,LDK1,DCT,0.6179460716391273,0.757964702163191,0.6302851931186185,0.7681336132129144,0.6349524511535584,0.5600125531259783
DISSECT,LDK2,DCT,0.635404319831021,0.7637298979701177,0.6302851931186185,0.7681336132129144,0.6349524511535584,0.5600125531259783
DISSECT,LDK3,DCT,0.6299922295951448,0.7583323912021442,0.6302851931186185,0.7681336132129144,0.6349524511535584,0.5600125531259783
DISSECT,LDK1,Endo,0.7093828382866532,0.7845470416586406,0.714523868450128,0.7906543817254988,0.6349524511535584,0.5600125531259783
DISSECT,LDK2,Endo,0.710808981239852,0.7880637235755803,0.714523868450128,0.7906543817254988,0.6349524511535584,0.5600125531259783
DISSECT,LDK3,Endo,0.7135249567551509,0.7806463532018146,0.714523868450128,0.7906543817254988,0.6349524511535584,0.5600125531259783
DISSECT,LDK1,Fib,0.7364233812091017,0.8494933599329137,0.762294577549977,0.8325808531214922,0.6349524511535584,0.5600125531259783
DISSECT,LDK2,Fib,0.6939793871680103,0.7319262959698898,0.762294577549977,0.8325808531214922,0.6349524511535584,0.5600125531259783
DISSECT,LDK3,Fib,0.7696972223308121,0.835824970700832,0.762294577549977,0.8325808531214922,0.6349524511535584,0.5600125531259783
DISSECT,LDK1,MC,0.6451882985933486,0.7360789498304435,0.652522052553422,0.7546361935625242,0.6349524511535584,0.5600125531259783
DISSECT,LDK2,MC,0.6364779340860156,0.7441377482018448,0.652522052553422,0.7546361935625242,0.6349524511535584,0.5600125531259783
DISSECT,LDK3,MC,0.6599575854511018,0.7535159168298156,0.652522052553422,0.7546361935625242,0.6349524511535584,0.5600125531259783
DISSECT,LDK1,MPH,0.6602800961600891,0.6778343948893819,0.7135399011503095,0.7579867189962797,0.6349524511535584,0.5600125531259783
DISSECT,LDK2,MPH,0.690834135380319,0.7290029101327536,0.7135399011503095,0.7579867189962797,0.6349524511535584,0.5600125531259783
DISSECT,LDK3,MPH,0.7354632567866703,0.762353766670746,0.7135399011503095,0.7579867189962797,0.6349524511535584,0.5600125531259783
DISSECT,LDK1,NK,0.6123256036161228,0.615130457221676,0.6432858147928112,0.6284826356362916,0.6349524511535584,0.5600125531259783
DISSECT,LDK2,NK,0.5740354075636125,0.5880899527910989,0.6432858147928112,0.6284826356362916,0.6349524511535584,0.5600125531259783
DISSECT,LDK3,NK,0.5735043661298266,0.5444917121133384,0.6432858147928112,0.6284826356362916,0.6349524511535584,0.5600125531259783
DISSECT,LDK1,Neut,0.4860888031908467,0.6650638364942048,0.5025807252102351,0.7081606674254937,0.6349524511535584,0.5600125531259783
DISSECT,LDK3,Neut,0.3617291890294781,0.6349296771340632,0.5025807252102351,0.7081606674254937,0.6349524511535584,0.5600125531259783
DISSECT,LDK1,PT,0.6430894648927499,0.7355958536402913,0.6332924687013208,0.7581466376462618,0.6349524511535584,0.5600125531259783
DISSECT,LDK2,PT,0.6247967227900638,0.7597829280580978,0.6332924687013208,0.7581466376462618,0.6349524511535584,0.5600125531259783
DISSECT,LDK3,PT,0.6312938371945687,0.7481914918377336,0.6332924687013208,0.7581466376462618,0.6349524511535584,0.5600125531259783
DISSECT,LDK1,Podo,0.8241101703129068,0.8951347450323712,0.8211167104371877,0.8740366980889918,0.6349524511535584,0.5600125531259783
DISSECT,LDK2,Podo,0.8166635243734296,0.8596639267333221,0.8211167104371877,0.8740366980889918,0.6349524511535584,0.5600125531259783
DISSECT,LDK3,Podo,0.8026400750259688,0.847708068749889,0.8211167104371877,0.8740366980889918,0.6349524511535584,0.5600125531259783
DISSECT,LDK1,T,0.6628342980083252,0.6596602016592787,0.680536870078644,0.690780605962606,0.6349524511535584,0.5600125531259783
DISSECT,LDK2,T,0.6531054624998303,0.6531926427579112,0.680536870078644,0.690780605962606,0.6349524511535584,0.5600125531259783
DISSECT,LDK3,T,0.6801193976856733,0.6692109181785403,0.680536870078644,0.690780605962606,0.6349524511535584,0.5600125531259783
DISSECT,LDK1,aLOH,0.5593114109352121,0.7245573056703308,0.568155692067878,0.7357647451378958,0.6349524511535584,0.5600125531259783
DISSECT,LDK2,aLOH,0.5776940529383007,0.7466722583396006,0.568155692067878,0.7357647451378958,0.6349524511535584,0.5600125531259783
DISSECT,LDK3,aLOH,0.5633111729261495,0.7250103226664875,0.568155692067878,0.7357647451378958,0.6349524511535584,0.5600125531259783
TAPE,LDK2,B,0.5858504521031166,0.771265981800278,0.6196302998737784,0.7787881561149864,0.44954562828854744,0.2094744511488718
TAPE,LDK3,B,0.5583259762984656,0.742571053019969,0.6196302998737784,0.7787881561149864,0.44954562828854744,0.2094744511488718
TAPE,LDK1,CD_IC,0.734509879111624,0.7609430688338363,0.7453363006951875,0.7667000508026478,0.44954562828854744,0.2094744511488718
TAPE,LDK2,CD_IC,0.7482038603866538,0.7657380961448604,0.7453363006951875,0.7667000508026478,0.44954562828854744,0.2094744511488718
TAPE,LDK3,CD_IC,0.7366722575549232,0.7633812801296629,0.7453363006951875,0.7667000508026478,0.44954562828854744,0.2094744511488718
TAPE,LDK1,CD_PC,0.7083098078435045,0.7496660832257861,0.7111967551561789,0.7490066371633584,0.44954562828854744,0.2094744511488718
TAPE,LDK2,CD_PC,0.7060650046172383,0.7423089919862372,0.7111967551561789,0.7490066371633584,0.44954562828854744,0.2094744511488718
TAPE,LDK3,CD_PC,0.7138783719129461,0.7467384224541901,0.7111967551561789,0.7490066371633584,0.44954562828854744,0.2094744511488718
TAPE,LDK1,CD_Trans,-0.0486843977248789,-0.1286824813452084,-0.0471290374026184,-0.1430786442032392,0.44954562828854744,0.2094744511488718
TAPE,LDK2,CD_Trans,-0.0393492966503547,-0.1117110266289628,-0.0471290374026184,-0.1430786442032392,0.44954562828854744,0.2094744511488718
TAPE,LDK3,CD_Trans,-0.0337271639955431,-0.1142776554507269,-0.0471290374026184,-0.1430786442032392,0.44954562828854744,0.2094744511488718
TAPE,LDK1,CNT,0.6631777383892796,0.7319392946018034,0.6655205301231018,0.7357816719004772,0.44954562828854744,0.2094744511488718
TAPE,LDK2,CNT,0.6624106160809193,0.7325363584315914,0.6655205301231018,0.7357816719004772,0.44954562828854744,0.2094744511488718
TAPE,LDK3,CNT,0.661682106388617,0.7309154654221811,0.6655205301231018,0.7357816719004772,0.44954562828854744,0.2094744511488718
TAPE,LDK1,DCT,0.5911310489456063,0.6869447482623338,0.595966317993621,0.691949487985211,0.44954562828854744,0.2094744511488718
TAPE,LDK2,DCT,0.5954143269204067,0.6935213770230626,0.595966317993621,0.691949487985211,0.44954562828854744,0.2094744511488718
TAPE,LDK3,DCT,0.5949482423085437,0.6825817233400949,0.595966317993621,0.691949487985211,0.44954562828854744,0.2094744511488718
TAPE,LDK1,Endo,0.7395463833515553,0.7204898140619312,0.7453733370902114,0.7156914335671767,0.44954562828854744,0.2094744511488718
TAPE,LDK2,Endo,0.73872661356801,0.6933837355098748,0.7453733370902114,0.7156914335671767,0.44954562828854744,0.2094744511488718
TAPE,LDK3,Endo,0.7464378279708568,0.7149116153376084,0.7453733370902114,0.7156914335671767,0.44954562828854744,0.2094744511488718
TAPE,LDK1,Fib,0.6920936618069583,0.8430716082865441,0.6979218653682867,0.8593832140245048,0.44954562828854744,0.2094744511488718
TAPE,LDK2,Fib,0.641657362447346,0.819483738993459,0.6979218653682867,0.8593832140245048,0.44954562828854744,0.2094744511488718
TAPE,LDK3,Fib,0.701538611432228,0.8601594994754586,0.6979218653682867,0.8593832140245048,0.44954562828854744,0.2094744511488718
TAPE,LDK1,MC,0.5795834609928121,0.663127709771206,0.5427308127197764,0.6348097689276285,0.44954562828854744,0.2094744511488718
TAPE,LDK2,MC,0.5198597062289232,0.6166037958007723,0.5427308127197764,0.6348097689276285,0.44954562828854744,0.2094744511488718
TAPE,LDK3,MC,0.5115604780086089,0.5985390276815543,0.5427308127197764,0.6348097689276285,0.44954562828854744,0.2094744511488718
TAPE,LDK1,MPH,0.7082072260370142,0.86270536968613,0.7180241785575712,0.8657145150375762,0.44954562828854744,0.2094744511488718
TAPE,LDK2,MPH,0.7144195203607814,0.8607206191715169,0.7180241785575712,0.8657145150375762,0.44954562828854744,0.2094744511488718
TAPE,LDK3,MPH,0.7150686063157053,0.8646272180209326,0.7180241785575712,0.8657145150375762,0.44954562828854744,0.2094744511488718
TAPE,LDK1,NK,0.6266111650240138,0.7664042715283678,0.6690836104071058,0.7876311652732053,0.44954562828854744,0.2094744511488718
TAPE,LDK2,NK,0.6072332831230143,0.7731322763818361,0.6690836104071058,0.7876311652732053,0.44954562828854744,0.2094744511488718
TAPE,LDK3,NK,0.6034313449395936,0.7458713043353971,0.6690836104071058,0.7876311652732053,0.44954562828854744,0.2094744511488718
TAPE,LDK1,Neut,-0.0235514861460565,-0.0532429331608304,-0.0277137716082519,-0.0578893291488302,0.44954562828854744,0.2094744511488718
TAPE,LDK3,Neut,-0.0208676184114875,-0.0429996955898464,-0.0277137716082519,-0.0578893291488302,0.44954562828854744,0.2094744511488718
TAPE,LDK1,PT,0.3218420534618981,0.3656551965560705,0.3254983772000395,0.3562309177602695,0.44954562828854744,0.2094744511488718
TAPE,LDK2,PT,0.3289042617173119,0.3598149798252505,0.3254983772000395,0.3562309177602695,0.44954562828854744,0.2094744511488718
TAPE,LDK3,PT,0.3257575684316094,0.3408587243982115,0.3254983772000395,0.3562309177602695,0.44954562828854744,0.2094744511488718
TAPE,LDK1,Podo,0.7545839448948268,0.7717970833753812,0.7631200685581199,0.7678343497483522,0.44954562828854744,0.2094744511488718
TAPE,LDK2,Podo,0.7548414048789063,0.7493690868839431,0.7631200685581199,0.7678343497483522,0.44954562828854744,0.2094744511488718
TAPE,LDK3,Podo,0.764408998993126,0.7678238613101586,0.7631200685581199,0.7678343497483522,0.44954562828854744,0.2094744511488718
TAPE,LDK1,T,0.6869372877297729,0.8100855014295337,0.7037022180007327,0.8102864815039408,0.44954562828854744,0.2094744511488718
TAPE,LDK2,T,0.6970813436636103,0.8120736734763735,0.7037022180007327,0.8102864815039408,0.44954562828854744,0.2094744511488718
TAPE,LDK3,T,0.690335291489511,0.7910301199732911,0.7037022180007327,0.8102864815039408,0.44954562828854744,0.2094744511488718
TAPE,LDK1,aLOH,-0.1566415817935978,-0.0644000660407802,-0.1595342674592541,-0.064863258020711,0.44954562828854744,0.2094744511488718
TAPE,LDK2,aLOH,-0.1548968358741963,-0.063454482102518,-0.1595342674592541,-0.064863258020711,0.44954562828854744,0.2094744511488718
TAPE,LDK3,aLOH,-0.1601983197890465,-0.0661521709962998,-0.1595342674592541,-0.064863258020711,0.44954562828854744,0.2094744511488718
