sample,AT1,AT2,CD4_EM,CD4_Th1,CD4_naive,CD8_EM,CD8_EMRA,LEC,NK,SMC,adventitial_fibroblast,alveolar_fibroblast,artery_1,artery_2,cDC_type_2,cap_1,cap_2,cap_CX3CL1,cap_arterial,cap_venous,club,fibroblast_intermediate,macro_alveolar,macro_alveolar_SPP1,macrophage_interstitial,mast_cell,monocyte_classical,monocyte_non_classical,pericyte,vascular_SMC,vein_1,vein_2,vein_PB
real_donor,0.11295681063122924,0.2973421926910299,0.008305647840531562,0.0024916943521594683,0.009966777408637873,0.008305647840531562,0.0049833887043189366,0.023255813953488372,0.022425249169435217,0.020764119601328904,0.02159468438538206,0.0664451827242525,0.02408637873754153,0.0033222591362126247,0.0024916943521594683,0.07225913621262459,0.11129568106312292,0.009136212624584718,0.007475083056478406,0.0033222591362126247,0.014119601328903655,0.006644518272425249,0.057308970099667775,0.0024916943521594683,0.01910299003322259,0.005813953488372093,0.019933554817275746,0.0033222591362126247,0.016611295681063124,0.0033222591362126247,0.007475083056478406,0.006644518272425249,0.0049833887043189366
rreal_000,0.10316139767054909,0.3136439267886855,0.0,0.0,0.005823627287853577,0.0,0.004991680532445923,0.005823627287853577,0.018302828618968387,0.028286189683860232,0.02745424292845258,0.03826955074875208,0.0324459234608985,0.0,0.0,0.019966722129783693,0.17637271214642264,0.0016638935108153079,0.0,0.008319467554076539,0.045757071547420966,0.014975041597337771,0.028286189683860232,0.0,0.0324459234608985,0.019966722129783693,0.05906821963394343,0.0,0.0066555740432612314,0.005823627287853577,0.0,0.0016638935108153079,0.0008319467554076539
rreal_001,0.12416666666666666,0.3325,0.006666666666666667,0.0,0.014166666666666666,0.04083333333333333,0.0033333333333333335,0.0033333333333333335,0.0008333333333333334,0.011666666666666667,0.004166666666666667,0.0825,0.034166666666666665,0.01,0.0,0.11416666666666667,0.08833333333333333,0.005833333333333334,0.0275,0.0025,0.005,0.0016666666666666668,0.03833333333333333,0.0,0.015,0.0,0.010833333333333334,0.0016666666666666668,0.019166666666666665,0.0008333333333333334,0.0,0.0,0.0008333333333333334
rreal_002,0.17637271214642264,0.2961730449251248,0.0074875207986688855,0.0,0.014143094841930116,0.0008319467554076539,0.004991680532445923,0.014975041597337771,0.013311148086522463,0.07737104825291181,0.0033277870216306157,0.039101497504159734,0.004991680532445923,0.0,0.0,0.01913477537437604,0.15973377703826955,0.0033277870216306157,0.012479201331114808,0.0,0.0033277870216306157,0.0,0.08652246256239601,0.0,0.0066555740432612314,0.0,0.021630615640599003,0.0,0.008319467554076539,0.0008319467554076539,0.0,0.024958402662229616,0.0
rreal_003,0.15557404326123128,0.2437603993344426,0.0033277870216306157,0.0,0.0008319467554076539,0.015806988352745424,0.02329450915141431,0.014143094841930116,0.009151414309484194,0.015806988352745424,0.015806988352745424,0.0524126455906822,0.030782029950083195,0.0033277870216306157,0.0,0.07071547420965059,0.15141430948419302,0.004159733777038269,0.0016638935108153079,0.0,0.011647254575707155,0.014143094841930116,0.05324459234608985,0.0008319467554076539,0.059900166389351084,0.0024958402662229617,0.009983361064891847,0.0,0.01747088186356073,0.0,0.0,0.0008319467554076539,0.01747088186356073
rreal_004,0.1357202331390508,0.19233971690258117,0.002497918401332223,0.0008326394671107411,0.0,0.0,0.004995836802664446,0.01498751040799334,0.02331390507910075,0.012489592006661115,0.010824313072439634,0.0791007493755204,0.1115736885928393,0.0,0.0,0.11740216486261448,0.05578684429641965,0.005828476269775187,0.009991673605328892,0.0,0.004995836802664446,0.0008326394671107411,0.11823480432972523,0.0008326394671107411,0.051623646960865945,0.0,0.013322231473771857,0.0,0.01582014987510408,0.004163197335553705,0.0,0.0,0.012489592006661115
rreal_005,0.25333333333333335,0.21416666666666667,0.03,0.0,0.0075,0.0025,0.0,0.0275,0.016666666666666666,0.015833333333333335,0.0033333333333333335,0.0425,0.04083333333333333,0.0,0.0,0.035,0.08583333333333333,0.0,0.0125,0.005,0.03833333333333333,0.008333333333333333,0.04583333333333333,0.0,0.020833333333333332,0.004166666666666667,0.025,0.0,0.0175,0.0008333333333333334,0.03333333333333333,0.013333333333333334,0.0
rreal_006,0.1285475792988314,0.2604340567612688,0.005008347245409015,0.0,0.022537562604340568,0.0025041736227045075,0.0,0.045075125208681135,0.014190317195325543,0.001669449081803005,0.005843071786310518,0.06176961602671119,0.014190317195325543,0.0,0.0,0.0993322203672788,0.18447412353923207,0.0,0.0,0.0,0.004173622704507512,0.00333889816360601,0.03005008347245409,0.0,0.045909849749582635,0.01335559265442404,0.00667779632721202,0.0,0.020868113522537562,0.02003338898163606,0.01001669449081803,0.0,0.0
rreal_007,0.05676126878130217,0.27629382303839733,0.01001669449081803,0.0,0.0008347245409015025,0.05759599332220367,0.001669449081803005,0.05091819699499165,0.018363939899833055,0.03589315525876461,0.02003338898163606,0.05342237061769616,0.017529215358931552,0.0,0.007512520868113523,0.08013355592654424,0.13856427378964942,0.034223706176961605,0.015025041736227046,0.0025041736227045075,0.03171953255425709,0.011686143572621035,0.04757929883138564,0.0,0.001669449081803005,0.0,0.01001669449081803,0.0008347245409015025,0.005008347245409015,0.00333889816360601,0.0,0.010851419031719533,0.0
rreal_008,0.1609674728940784,0.3386155129274395,0.0025020850708924102,0.0050041701417848205,0.01834862385321101,0.011676396997497914,0.0,0.010842368640533779,0.007506255212677231,0.03252710592160134,0.0016680567139282735,0.10341951626355296,0.02335279399499583,0.0,0.0,0.03836530442035029,0.11509591326105087,0.010008340283569641,0.0008340283569641367,0.0,0.019182652210175146,0.0008340283569641367,0.05587989991659716,0.0,0.010008340283569641,0.005838198498748957,0.010842368640533779,0.0,0.0050041701417848205,0.0,0.0025020850708924102,0.006672226855713094,0.0025020850708924102
rreal_009,0.12010008340283569,0.30525437864887406,0.006672226855713094,0.0025020850708924102,0.005838198498748957,0.0016680567139282735,0.0016680567139282735,0.011676396997497914,0.010008340283569641,0.020850708924103418,0.10341951626355296,0.0567139282735613,0.020016680567139282,0.0025020850708924102,0.0,0.05587989991659716,0.0884070058381985,0.0025020850708924102,0.009174311926605505,0.0,0.008340283569641367,0.005838198498748957,0.08340283569641367,0.01834862385321101,0.0008340283569641367,0.0,0.04670558798999166,0.0,0.010842368640533779,0.0,0.0008340283569641367,0.0,0.0
rreal_010,0.04833333333333333,0.21166666666666667,0.0016666666666666668,0.0,0.005,0.005,0.0375,0.0125,0.0175,0.0008333333333333334,0.04416666666666667,0.15916666666666668,0.025833333333333333,0.0,0.0,0.0375,0.1775,0.013333333333333334,0.0,0.0,0.0025,0.0,0.125,0.0016666666666666668,0.0275,0.0008333333333333334,0.03,0.0,0.015,0.0,0.0,0.0,0.0
rreal_011,0.13606010016694492,0.24040066777963273,0.00667779632721202,0.001669449081803005,0.001669449081803005,0.004173622704507512,0.005008347245409015,0.0008347245409015025,0.035058430717863104,0.004173622704507512,0.004173622704507512,0.04424040066777963,0.00667779632721202,0.0008347245409015025,0.0,0.16026711185308848,0.08514190317195326,0.00333889816360601,0.0008347245409015025,0.01669449081803005,0.010851419031719533,0.012520868113522538,0.04757929883138564,0.005008347245409015,0.07345575959933222,0.001669449081803005,0.045909849749582635,0.0,0.04006677796327212,0.0,0.005008347245409015,0.0,0.0
rreal_012,0.0993322203672788,0.4023372287145242,0.0,0.01001669449081803,0.0,0.001669449081803005,0.0008347245409015025,0.00333889816360601,0.017529215358931552,0.01001669449081803,0.004173622704507512,0.045075125208681135,0.027545909849749584,0.001669449081803005,0.0,0.1310517529215359,0.06093489148580968,0.02921535893155259,0.001669449081803005,0.0,0.0,0.0008347245409015025,0.0642737896494157,0.0025041736227045075,0.03171953255425709,0.004173622704507512,0.012520868113522538,0.004173622704507512,0.02587646076794658,0.0,0.0,0.007512520868113523,0.0
rreal_013,0.04908485856905158,0.23128119800332778,0.0016638935108153079,0.0,0.028286189683860232,0.02329450915141431,0.02329450915141431,0.04742096505823627,0.04326123128119801,0.01747088186356073,0.008319467554076539,0.05490848585690516,0.04326123128119801,0.0,0.0,0.04409317803660566,0.11647254575707154,0.0033277870216306157,0.020798668885191347,0.008319467554076539,0.015806988352745424,0.016638935108153077,0.10399334442595674,0.0,0.04742096505823627,0.0,0.01913477537437604,0.0008319467554076539,0.024126455906821963,0.0008319467554076539,0.005823627287853577,0.0008319467554076539,0.0
rreal_014,0.08992506244796003,0.3547044129891757,0.013322231473771857,0.0,0.009159034138218152,0.00749375520399667,0.009159034138218152,0.00749375520399667,0.0,0.00832639467110741,0.03996669442131557,0.08742714404662781,0.051623646960865945,0.009159034138218152,0.0,0.07410491257285595,0.11074104912572856,0.0,0.011656952539550375,0.012489592006661115,0.004163197335553705,0.002497918401332223,0.05245628642797669,0.0,0.02331390507910075,0.0008326394671107411,0.009159034138218152,0.0,0.0008326394671107411,0.0,0.002497918401332223,0.00749375520399667,0.0
rreal_015,0.02497918401332223,0.2231473771856786,0.002497918401332223,0.0,0.011656952539550375,0.029142381348875937,0.00832639467110741,0.006661115736885929,0.0008326394671107411,0.026644462947543714,0.044962531223980015,0.23896752706078267,0.030807660283097418,0.0,0.0,0.05245628642797669,0.11240632805995004,0.002497918401332223,0.0033305578684429643,0.0,0.013322231473771857,0.0,0.08409658617818484,0.0,0.02331390507910075,0.009991673605328892,0.02164862614487927,0.01498751040799334,0.004995836802664446,0.0,0.002497918401332223,0.0,0.005828476269775187
rreal_016,0.12760633861551293,0.37281067556296915,0.009174311926605505,0.0,0.020016680567139282,0.0008340283569641367,0.0,0.006672226855713094,0.01834862385321101,0.03753127606338615,0.004170141784820684,0.03419516263552961,0.020016680567139282,0.007506255212677231,0.0,0.07923269391159299,0.0658882402001668,0.004170141784820684,0.0008340283569641367,0.005838198498748957,0.011676396997497914,0.008340283569641367,0.05087572977481234,0.0,0.0025020850708924102,0.005838198498748957,0.0158465387823186,0.01751459549624687,0.014178482068390326,0.0016680567139282735,0.0008340283569641367,0.0008340283569641367,0.05504587155963303
rreal_017,0.14916666666666667,0.33416666666666667,0.004166666666666667,0.0,0.0033333333333333335,0.005833333333333334,0.0016666666666666668,0.0008333333333333334,0.06,0.060833333333333336,0.015833333333333335,0.07833333333333334,0.02666666666666667,0.0016666666666666668,0.0,0.06333333333333334,0.04666666666666667,0.0,0.0075,0.0,0.015833333333333335,0.0016666666666666668,0.045,0.004166666666666667,0.008333333333333333,0.0025,0.04083333333333333,0.0,0.005833333333333334,0.0008333333333333334,0.0,0.0025,0.0125
rreal_018,0.09113712374581939,0.270066889632107,0.0033444816053511705,0.0,0.0008361204013377926,0.002508361204013378,0.015050167224080268,0.01588628762541806,0.01588628762541806,0.025919732441471572,0.09866220735785954,0.039297658862876256,0.028428093645484948,0.0008361204013377926,0.0,0.04431438127090301,0.12374581939799331,0.008361204013377926,0.01588628762541806,0.0,0.008361204013377926,0.0016722408026755853,0.07859531772575251,0.0008361204013377926,0.05016722408026756,0.0,0.005852842809364548,0.0,0.00919732441471572,0.015050167224080268,0.0008361204013377926,0.027591973244147156,0.0016722408026755853
rreal_019,0.12083333333333333,0.335,0.0,0.0,0.005833333333333334,0.009166666666666667,0.0033333333333333335,0.0025,0.004166666666666667,0.05,0.035833333333333335,0.035833333333333335,0.0225,0.0008333333333333334,0.0,0.058333333333333334,0.056666666666666664,0.0325,0.011666666666666667,0.0,0.0008333333333333334,0.0025,0.115,0.0,0.05,0.011666666666666667,0.0225,0.0025,0.0008333333333333334,0.004166666666666667,0.0016666666666666668,0.0016666666666666668,0.0016666666666666668
rreal_020,0.2270450751252087,0.25125208681135225,0.004173622704507512,0.0008347245409015025,0.010851419031719533,0.0,0.0,0.019198664440734557,0.025041736227045076,0.03171953255425709,0.009181969949916527,0.07262103505843072,0.011686143572621035,0.0,0.0,0.03589315525876461,0.09766277128547579,0.00333889816360601,0.0025041736227045075,0.0,0.0025041736227045075,0.005843071786310518,0.12186978297161936,0.0,0.02587646076794658,0.0025041736227045075,0.019198664440734557,0.0,0.008347245409015025,0.0,0.010851419031719533,0.0,0.0
rreal_021,0.16916666666666666,0.2925,0.005,0.0025,0.0016666666666666668,0.0,0.0016666666666666668,0.020833333333333332,0.010833333333333334,0.009166666666666667,0.005833333333333334,0.07083333333333333,0.043333333333333335,0.0008333333333333334,0.0025,0.085,0.0575,0.035,0.023333333333333334,0.0008333333333333334,0.023333333333333334,0.0016666666666666668,0.05,0.0,0.014166666666666666,0.0033333333333333335,0.03333333333333333,0.011666666666666667,0.014166666666666666,0.0008333333333333334,0.0008333333333333334,0.006666666666666667,0.0016666666666666668
rreal_022,0.1352253756260434,0.1994991652754591,0.0008347245409015025,0.025041736227045076,0.017529215358931552,0.015025041736227046,0.01001669449081803,0.008347245409015025,0.01001669449081803,0.014190317195325543,0.01335559265442404,0.09265442404006678,0.015859766277128547,0.0,0.017529215358931552,0.06343906510851419,0.1636060100166945,0.02003338898163606,0.0,0.0,0.03005008347245409,0.00333889816360601,0.06928213689482471,0.001669449081803005,0.011686143572621035,0.010851419031719533,0.01669449081803005,0.0,0.01335559265442404,0.00333889816360601,0.0025041736227045075,0.004173622704507512,0.010851419031719533
rreal_023,0.10508757297748124,0.30775646371976645,0.004170141784820684,0.0,0.01751459549624687,0.014178482068390326,0.02335279399499583,0.02335279399499583,0.016680567139282735,0.030859049207673062,0.027522935779816515,0.026688907422852376,0.006672226855713094,0.006672226855713094,0.0,0.08423686405337781,0.1651376146788991,0.009174311926605505,0.0008340283569641367,0.0,0.021684737281067557,0.0025020850708924102,0.021684737281067557,0.0,0.020850708924103418,0.0025020850708924102,0.0025020850708924102,0.0,0.03419516263552961,0.0008340283569641367,0.022518765638031693,0.0008340283569641367,0.0
rreal_024,0.12260216847372811,0.3094245204336947,0.006672226855713094,0.0,0.008340283569641367,0.020016680567139282,0.0,0.021684737281067557,0.004170141784820684,0.003336113427856547,0.0025020850708924102,0.07923269391159299,0.009174311926605505,0.0,0.0,0.05421184320266889,0.17597998331943285,0.03919933277731443,0.010842368640533779,0.0008340283569641367,0.004170141784820684,0.0016680567139282735,0.08256880733944955,0.0,0.0025020850708924102,0.0,0.007506255212677231,0.0,0.01751459549624687,0.0,0.0050041701417848205,0.009174311926605505,0.0016680567139282735
rreal_025,0.13511259382819016,0.31359466221851545,0.0,0.0,0.01751459549624687,0.013344453711426188,0.0,0.040033361134278564,0.0,0.025020850708924104,0.030025020850708923,0.060884070058381985,0.02335279399499583,0.0,0.0025020850708924102,0.1359466221851543,0.08256880733944955,0.011676396997497914,0.0016680567139282735,0.0,0.015012510425354461,0.0,0.030025020850708923,0.0008340283569641367,0.003336113427856547,0.0016680567139282735,0.021684737281067557,0.004170141784820684,0.013344453711426188,0.003336113427856547,0.003336113427856547,0.005838198498748957,0.004170141784820684
rreal_026,0.10925771476230192,0.3669724770642202,0.01751459549624687,0.0,0.012510425354462052,0.006672226855713094,0.0008340283569641367,0.003336113427856547,0.010008340283569641,0.010842368640533779,0.004170141784820684,0.10508757297748124,0.03919933277731443,0.0,0.0,0.058381984987489574,0.04420350291909925,0.0008340283569641367,0.030025020850708923,0.0,0.027522935779816515,0.0,0.0475396163469558,0.0,0.05504587155963303,0.0050041701417848205,0.006672226855713094,0.0016680567139282735,0.02335279399499583,0.009174311926605505,0.0025020850708924102,0.0,0.0016680567139282735
rreal_027,0.0973377703826955,0.28369384359401,0.016638935108153077,0.0,0.0024958402662229617,0.013311148086522463,0.005823627287853577,0.019966722129783693,0.016638935108153077,0.010815307820299502,0.018302828618968387,0.05324459234608985,0.015806988352745424,0.0008319467554076539,0.0,0.0740432612312812,0.10149750415973377,0.0066555740432612314,0.009983361064891847,0.0,0.014143094841930116,0.0,0.09317803660565724,0.0,0.05906821963394343,0.0,0.04159733777038269,0.004991680532445923,0.03410981697171381,0.0,0.005823627287853577,0.0,0.0
rreal_028,0.03926482873851295,0.24644945697577275,0.010025062656641603,0.003341687552213868,0.003341687552213868,0.015037593984962405,0.000835421888053467,0.006683375104427736,0.034252297410192145,0.02756892230576441,0.06015037593984962,0.04093567251461988,0.03926482873851295,0.0,0.0,0.061821219715956555,0.19298245614035087,0.05179615705931495,0.003341687552213868,0.0,0.01670843776106934,0.00835421888053467,0.06683375104427736,0.0,0.005012531328320802,0.0,0.002506265664160401,0.011695906432748537,0.025898078529657476,0.003341687552213868,0.020050125313283207,0.001670843776106934,0.000835421888053467
rreal_029,0.1267723102585488,0.28523769808173477,0.003336113427856547,0.0016680567139282735,0.005838198498748957,0.008340283569641367,0.0,0.03586321934945788,0.004170141784820684,0.020016680567139282,0.0025020850708924102,0.12760633861551293,0.05004170141784821,0.0025020850708924102,0.0,0.0567139282735613,0.10592160133444536,0.005838198498748957,0.004170141784820684,0.0,0.0,0.003336113427856547,0.03586321934945788,0.0008340283569641367,0.0158465387823186,0.004170141784820684,0.07089241034195162,0.0008340283569641367,0.007506255212677231,0.0,0.010842368640533779,0.0,0.003336113427856547
rbroad_000,0.000835421888053467,0.05764411027568922,0.010025062656641603,0.000835421888053467,0.05847953216374269,0.053467000835421885,0.000835421888053467,0.005012531328320802,0.0,0.014202172096908938,0.00835421888053467,0.001670843776106934,0.001670843776106934,0.010025062656641603,0.1136173767752715,0.13199665831244778,0.009189640768588136,0.036758563074352546,0.004177109440267335,0.14536340852130325,0.006683375104427736,0.005847953216374269,0.09941520467836257,0.002506265664160401,0.011695906432748537,0.10025062656641603,0.0,0.002506265664160401,0.04344193817878028,0.01670843776106934,0.0,0.0,0.04678362573099415
rbroad_001,0.006666666666666667,0.02,0.021666666666666667,0.029166666666666667,0.0,0.049166666666666664,0.0033333333333333335,0.01,0.059166666666666666,0.0025,0.0025,0.03,0.065,0.0,0.0016666666666666668,0.0033333333333333335,0.0,0.0,0.0,0.060833333333333336,0.0033333333333333335,0.08833333333333333,0.0008333333333333334,0.0275,0.050833333333333335,0.006666666666666667,0.0375,0.14083333333333334,0.0025,0.006666666666666667,0.0125,0.1725,0.085
rbroad_002,0.0008326394671107411,0.00749375520399667,0.2781015820149875,0.0008326394671107411,0.0016652789342214821,0.002497918401332223,0.0466278101582015,0.0016652789342214821,0.002497918401332223,0.0033305578684429643,0.0016652789342214821,0.01582014987510408,0.10241465445462115,0.0466278101582015,0.009159034138218152,0.014154870940882597,0.013322231473771857,0.013322231473771857,0.0008326394671107411,0.027477102414654453,0.07993338884263114,0.0,0.06827643630308076,0.08576186511240633,0.07243963363863447,0.0,0.004995836802664446,0.02497918401332223,0.034970857618651124,0.018318068276436304,0.0,0.011656952539550375,0.00832639467110741
rbroad_003,0.0016638935108153079,0.0066555740432612314,0.03826955074875208,0.0016638935108153079,0.014143094841930116,0.029950083194675542,0.009151414309484194,0.014143094841930116,0.09234608985024959,0.016638935108153077,0.004991680532445923,0.03161397670549085,0.0016638935108153079,0.03743760399334443,0.0008319467554076539,0.026622296173044926,0.05574043261231281,0.029950083194675542,0.03743760399334443,0.0024958402662229617,0.016638935108153077,0.16638935108153077,0.0033277870216306157,0.015806988352745424,0.018302828618968387,0.07737104825291181,0.05906821963394343,0.01747088186356073,0.0008319467554076539,0.010815307820299502,0.04991680532445923,0.08069883527454243,0.029950083194675542
rbroad_004,0.00749375520399667,0.028309741881765195,0.011656952539550375,0.03164029975020816,0.07077435470441298,0.04746044962531224,0.017485428809325562,0.025811823480432972,0.0008326394671107411,0.028309741881765195,0.11490424646128226,0.0008326394671107411,0.0008326394671107411,0.02164862614487927,0.10407993338884262,0.030807660283097418,0.00749375520399667,0.005828476269775187,0.0033305578684429643,0.027477102414654453,0.04829308909242298,0.011656952539550375,0.027477102414654453,0.09825145711906745,0.06661115736885928,0.041631973355537054,0.0008326394671107411,0.08326394671107411,0.00832639467110741,0.02164862614487927,0.0008326394671107411,0.0016652789342214821,0.002497918401332223
rbroad_005,0.03164029975020816,0.0033305578684429643,0.004163197335553705,0.03913405495420483,0.0,0.05245628642797669,0.01582014987510408,0.10907577019150708,0.002497918401332223,0.059117402164862616,0.0008326394671107411,0.018318068276436304,0.0,0.0033305578684429643,0.0008326394671107411,0.004163197335553705,0.004995836802664446,0.04579517069109076,0.028309741881765195,0.09408825978351373,0.020815986677768527,0.019983347210657785,0.027477102414654453,0.03164029975020816,0.009991673605328892,0.0016652789342214821,0.10324729392173189,0.006661115736885929,0.08992506244796003,0.04579517069109076,0.04829308909242298,0.051623646960865945,0.02497918401332223
rbroad_006,0.0,0.02587646076794658,0.001669449081803005,0.15275459098497496,0.07429048414023372,0.04340567612687813,0.0025041736227045075,0.017529215358931552,0.0,0.00333889816360601,0.0025041736227045075,0.004173622704507512,0.0,0.14273789649415694,0.09015025041736227,0.0,0.0,0.11268781302170283,0.014190317195325543,0.0,0.07846410684474124,0.0008347245409015025,0.007512520868113523,0.03589315525876461,0.03923205342237062,0.024207011686143573,0.0,0.041736227045075125,0.00333889816360601,0.009181969949916527,0.001669449081803005,0.0,0.07011686143572621
rbroad_007,0.06078268109908409,0.01582014987510408,0.006661115736885929,0.0008326394671107411,0.15154038301415487,0.004163197335553705,0.010824313072439634,0.002497918401332223,0.08659450457951708,0.0016652789342214821,0.0008326394671107411,0.009159034138218152,0.0033305578684429643,0.04829308909242298,0.1906744379683597,0.0016652789342214821,0.0033305578684429643,0.11407160699417153,0.07160699417152373,0.03330557868442964,0.009991673605328892,0.04579517069109076,0.014154870940882597,0.0016652789342214821,0.0008326394671107411,0.0033305578684429643,0.013322231473771857,0.00832639467110741,0.004163197335553705,0.0008326394671107411,0.0008326394671107411,0.07826810990840966,0.0008326394671107411
rbroad_008,0.00832639467110741,0.019983347210657785,0.018318068276436304,0.012489592006661115,0.004163197335553705,0.0008326394671107411,0.009159034138218152,0.03663613655287261,0.07327227310574522,0.009159034138218152,0.01582014987510408,0.02497918401332223,0.03164029975020816,0.002497918401332223,0.011656952539550375,0.0,0.0016652789342214821,0.02997502081598668,0.0033305578684429643,0.002497918401332223,0.03746877601998335,0.02497918401332223,0.3347210657785179,0.004995836802664446,0.017485428809325562,0.1482098251457119,0.03164029975020816,0.02414654454621149,0.0,0.0033305578684429643,0.02164862614487927,0.01582014987510408,0.019150707743547043
rbroad_009,0.04829308909242298,0.0016652789342214821,0.00832639467110741,0.04579517069109076,0.06744379683597003,0.0,0.005828476269775187,0.0,0.0324729392173189,0.03913405495420483,0.12905911740216486,0.022481265611990008,0.16402997502081598,0.029142381348875937,0.019150707743547043,0.02331390507910075,0.0,0.038301415487094086,0.0033305578684429643,0.049125728559533725,0.017485428809325562,0.07160699417152373,0.030807660283097418,0.025811823480432972,0.0,0.03913405495420483,0.0008326394671107411,0.0008326394671107411,0.038301415487094086,0.005828476269775187,0.030807660283097418,0.00832639467110741,0.0033305578684429643
rbroad_010,0.02331390507910075,0.012489592006661115,0.03663613655287261,0.0,0.06744379683597003,0.002497918401332223,0.06577851790174855,0.006661115736885929,0.014154870940882597,0.0008326394671107411,0.06577851790174855,0.0008326394671107411,0.0016652789342214821,0.002497918401332223,0.02414654454621149,0.006661115736885929,0.03746877601998335,0.0008326394671107411,0.02331390507910075,0.13655287260616153,0.10574521232306411,0.009159034138218152,0.04746044962531224,0.004995836802664446,0.08659450457951708,0.006661115736885929,0.00749375520399667,0.08326394671107411,0.014154870940882597,0.004163197335553705,0.01665278934221482,0.07743547044129892,0.006661115736885929
rbroad_011,0.0507910074937552,0.08326394671107411,0.07327227310574522,0.0,0.014154870940882597,0.005828476269775187,0.012489592006661115,0.03330557868442964,0.009991673605328892,0.06244796003330558,0.0008326394671107411,0.00832639467110741,0.011656952539550375,0.017485428809325562,0.0033305578684429643,0.10741049125728559,0.027477102414654453,0.002497918401332223,0.04579517069109076,0.00832639467110741,0.0016652789342214821,0.00749375520399667,0.0,0.0,0.0008326394671107411,0.006661115736885929,0.02497918401332223,0.025811823480432972,0.15070774354704414,0.059117402164862616,0.034970857618651124,0.02997502081598668,0.0791007493755204
rbroad_012,0.04,0.0775,0.008333333333333333,0.0016666666666666668,0.0025,0.0025,0.03,0.1775,0.004166666666666667,0.08166666666666667,0.0025,0.005,0.005833333333333334,0.0016666666666666668,0.006666666666666667,0.0025,0.09083333333333334,0.0,0.043333333333333335,0.0725,0.0375,0.004166666666666667,0.0,0.0008333333333333334,0.07416666666666667,0.0008333333333333334,0.023333333333333334,0.0275,0.015,0.011666666666666667,0.005833333333333334,0.060833333333333336,0.08166666666666667
rbroad_013,0.020833333333333332,0.025,0.008333333333333333,0.0016666666666666668,0.0,0.0,0.013333333333333334,0.0,0.021666666666666667,0.009166666666666667,0.005,0.015,0.0,0.004166666666666667,0.0575,0.021666666666666667,0.016666666666666666,0.035,0.07083333333333333,0.0075,0.02,0.02,0.043333333333333335,0.035,0.02,0.03166666666666667,0.016666666666666666,0.035833333333333335,0.034166666666666665,0.115,0.0016666666666666668,0.0075,0.28583333333333333
rbroad_014,0.011686143572621035,0.0008347245409015025,0.027545909849749584,0.0,0.0,0.0,0.004173622704507512,0.00667779632721202,0.0025041736227045075,0.035058430717863104,0.02921535893155259,0.05175292153589316,0.18280467445742904,0.019198664440734557,0.04424040066777963,0.01335559265442404,0.020868113522537562,0.037562604340567615,0.024207011686143573,0.0025041736227045075,0.11101836393989983,0.05926544240400668,0.1636060100166945,0.0,0.0,0.0,0.02003338898163606,0.0659432387312187,0.0,0.008347245409015025,0.015025041736227046,0.0025041736227045075,0.04006677796327212
rbroad_015,0.016680567139282735,0.0016680567139282735,0.0008340283569641367,0.09007506255212677,0.08090075062552127,0.03502919099249374,0.0025020850708924102,0.0025020850708924102,0.03252710592160134,0.040033361134278564,0.04420350291909925,0.0,0.0,0.060884070058381985,0.0008340283569641367,0.03252710592160134,0.014178482068390326,0.0025020850708924102,0.03836530442035029,0.06672226855713094,0.0817347789824854,0.06755629691409508,0.0408673894912427,0.0,0.006672226855713094,0.05504587155963303,0.005838198498748957,0.0025020850708924102,0.0750625521267723,0.0,0.08590492076730609,0.0,0.0158465387823186
rbroad_016,0.0008333333333333334,0.056666666666666664,0.0016666666666666668,0.005833333333333334,0.10916666666666666,0.019166666666666665,0.015,0.15583333333333332,0.0625,0.0,0.0,0.005,0.035833333333333335,0.013333333333333334,0.009166666666666667,0.0,0.008333333333333333,0.020833333333333332,0.1025,0.0075,0.0033333333333333335,0.008333333333333333,0.09833333333333333,0.010833333333333334,0.12833333333333333,0.0275,0.02,0.006666666666666667,0.04833333333333333,0.0,0.0,0.0075,0.011666666666666667
rbroad_017,0.041701417848206836,0.045037531276063386,0.009174311926605505,0.045871559633027525,0.0025020850708924102,0.0025020850708924102,0.02585487906588824,0.0,0.008340283569641367,0.010008340283569641,0.021684737281067557,0.021684737281067557,0.003336113427856547,0.02335279399499583,0.03753127606338615,0.0008340283569641367,0.011676396997497914,0.04420350291909925,0.020016680567139282,0.060050041701417846,0.0633861551292744,0.0008340283569641367,0.027522935779816515,0.10091743119266056,0.05004170141784821,0.015012510425354461,0.2243536280233528,0.0025020850708924102,0.003336113427856547,0.004170141784820684,0.005838198498748957,0.030025020850708923,0.03669724770642202
rbroad_018,0.009181969949916527,0.022537562604340568,0.001669449081803005,0.06093489148580968,0.015859766277128547,0.09599332220367279,0.0,0.00667779632721202,0.0659432387312187,0.09098497495826377,0.001669449081803005,0.0025041736227045075,0.0,0.025041736227045076,0.17696160267111852,0.017529215358931552,0.0008347245409015025,0.07178631051752922,0.00333889816360601,0.03923205342237062,0.0,0.0025041736227045075,0.024207011686143573,0.1343906510851419,0.0,0.005008347245409015,0.0008347245409015025,0.00333889816360601,0.0,0.10767946577629382,0.01001669449081803,0.001669449081803005,0.001669449081803005
rbroad_019,0.021666666666666667,0.005,0.0075,0.03333333333333333,0.035833333333333335,0.10583333333333333,0.005833333333333334,0.005,0.03333333333333333,0.015833333333333335,0.1525,0.034166666666666665,0.0008333333333333334,0.0075,0.005,0.008333333333333333,0.034166666666666665,0.024166666666666666,0.01,0.008333333333333333,0.07666666666666666,0.0,0.018333333333333333,0.004166666666666667,0.04,0.0008333333333333334,0.11166666666666666,0.005,0.0008333333333333334,0.0175,0.0025,0.05583333333333333,0.1125
rbroad_020,0.0,0.019966722129783693,0.015806988352745424,0.0956738768718802,0.010815307820299502,0.015806988352745424,0.009151414309484194,0.0074875207986688855,0.01747088186356073,0.0024958402662229617,0.09068219633943428,0.02329450915141431,0.03826955074875208,0.025790349417637273,0.08901830282861897,0.024126455906821963,0.0016638935108153079,0.0024958402662229617,0.028286189683860232,0.0016638935108153079,0.011647254575707155,0.0324459234608985,0.005823627287853577,0.04076539101497504,0.11231281198003328,0.04908485856905158,0.0008319467554076539,0.14891846921797006,0.0016638935108153079,0.03993344425956739,0.021630615640599003,0.0008319467554076539,0.014143094841930116
rbroad_021,0.04340567612687813,0.014190317195325543,0.034223706176961605,0.011686143572621035,0.005843071786310518,0.03923205342237062,0.06844741235392321,0.001669449081803005,0.0008347245409015025,0.0333889816360601,0.038397328881469114,0.012520868113522538,0.10684474123539232,0.22203672787979967,0.14273789649415694,0.00333889816360601,0.011686143572621035,0.00333889816360601,0.0,0.0,0.00667779632721202,0.0008347245409015025,0.004173622704507512,0.009181969949916527,0.0,0.019198664440734557,0.010851419031719533,0.005008347245409015,0.02003338898163606,0.10350584307178631,0.01001669449081803,0.005843071786310518,0.010851419031719533
rbroad_022,0.0,0.02418682235195997,0.0,0.003336113427856547,0.01834862385321101,0.06672226855713094,0.015012510425354461,0.025020850708924104,0.04920767306088407,0.045871559633027525,0.03419516263552961,0.0,0.013344453711426188,0.003336113427856547,0.0025020850708924102,0.019182652210175146,0.2427022518765638,0.0050041701417848205,0.0,0.04920767306088407,0.027522935779816515,0.0025020850708924102,0.01834862385321101,0.20683903252710592,0.0008340283569641367,0.03836530442035029,0.0,0.011676396997497914,0.0008340283569641367,0.01834862385321101,0.0,0.02418682235195997,0.03336113427856547
rbroad_023,0.003336113427856547,0.0050041701417848205,0.0,0.022518765638031693,0.0008340283569641367,0.008340283569641367,0.03419516263552961,0.0016680567139282735,0.02585487906588824,0.0016680567139282735,0.0016680567139282735,0.13928273561301086,0.045871559633027525,0.02585487906588824,0.06672226855713094,0.0050041701417848205,0.008340283569641367,0.05087572977481234,0.10258548790658882,0.027522935779816515,0.010842368640533779,0.0008340283569641367,0.016680567139282735,0.0025020850708924102,0.0008340283569641367,0.05004170141784821,0.03502919099249374,0.043369474562135114,0.07673060884070058,0.09341117597998332,0.040033361134278564,0.0,0.05254378648874062
rbroad_024,0.11185308848080133,0.06343906510851419,0.0008347245409015025,0.0008347245409015025,0.024207011686143573,0.001669449081803005,0.02003338898163606,0.09515859766277128,0.009181969949916527,0.015859766277128547,0.0,0.001669449081803005,0.15275459098497496,0.01335559265442404,0.001669449081803005,0.01001669449081803,0.037562604340567615,0.007512520868113523,0.0,0.01001669449081803,0.004173622704507512,0.06260434056761269,0.12687813021702837,0.020868113522537562,0.001669449081803005,0.0,0.0333889816360601,0.04257095158597663,0.02921535893155259,0.03589315525876461,0.06260434056761269,0.0008347245409015025,0.001669449081803005
rbroad_025,0.004995836802664446,0.04079933388842631,0.04579517069109076,0.0016652789342214821,0.11740216486261448,0.009991673605328892,0.0,0.0,0.07327227310574522,0.05245628642797669,0.03413821815154038,0.0,0.0016652789342214821,0.00749375520399667,0.03164029975020816,0.059117402164862616,0.0016652789342214821,0.002497918401332223,0.026644462947543714,0.0008326394671107411,0.00832639467110741,0.0016652789342214821,0.08326394671107411,0.0008326394671107411,0.0,0.01582014987510408,0.0791007493755204,0.017485428809325562,0.04412989175686927,0.19233971690258117,0.0008326394671107411,0.042464612822647796,0.0016652789342214821
rbroad_026,0.08153078202995008,0.014975041597337771,0.11564059900166389,0.0016638935108153079,0.0008319467554076539,0.026622296173044926,0.0324459234608985,0.11647254575707154,0.028286189683860232,0.0024958402662229617,0.01747088186356073,0.0074875207986688855,0.019966722129783693,0.0008319467554076539,0.0066555740432612314,0.0074875207986688855,0.04658901830282862,0.10898502495840266,0.012479201331114808,0.0016638935108153079,0.0524126455906822,0.0008319467554076539,0.004159733777038269,0.022462562396006656,0.039101497504159734,0.024958402662229616,0.009151414309484194,0.04159733777038269,0.05324459234608985,0.0074875207986688855,0.030782029950083195,0.0008319467554076539,0.06239600665557404
rbroad_027,0.231473771856786,0.0008326394671107411,0.0,0.0,0.0507910074937552,0.010824313072439634,0.05995004163197336,0.0033305578684429643,0.035803497085761866,0.002497918401332223,0.009991673605328892,0.019983347210657785,0.05412156536219817,0.05328892589508743,0.009159034138218152,0.05328892589508743,0.042464612822647796,0.0507910074937552,0.02497918401332223,0.02331390507910075,0.004163197335553705,0.005828476269775187,0.03996669442131557,0.0008326394671107411,0.0033305578684429643,0.0008326394671107411,0.10741049125728559,0.020815986677768527,0.054954204829308906,0.0008326394671107411,0.004163197335553705,0.0016652789342214821,0.018318068276436304
rbroad_028,0.06755629691409508,0.0008340283569641367,0.02418682235195997,0.0316930775646372,0.07005838198498748,0.019182652210175146,0.020016680567139282,0.09174311926605505,0.007506255212677231,0.0008340283569641367,0.004170141784820684,0.0,0.0008340283569641367,0.025020850708924104,0.08090075062552127,0.0,0.040033361134278564,0.015012510425354461,0.07172643869891576,0.026688907422852376,0.005838198498748957,0.0025020850708924102,0.0050041701417848205,0.12176814011676397,0.05587989991659716,0.009174311926605505,0.007506255212677231,0.029190992493744787,0.005838198498748957,0.019182652210175146,0.0050041701417848205,0.07673060884070058,0.058381984987489574
rbroad_029,0.015012510425354461,0.01834862385321101,0.0658882402001668,0.0016680567139282735,0.011676396997497914,0.08423686405337781,0.0016680567139282735,0.0,0.14929107589658047,0.03252710592160134,0.003336113427856547,0.0025020850708924102,0.0316930775646372,0.0008340283569641367,0.008340283569641367,0.019182652210175146,0.02335279399499583,0.02835696413678065,0.03919933277731443,0.007506255212677231,0.029190992493744787,0.05004170141784821,0.026688907422852376,0.02335279399499583,0.05504587155963303,0.0008340283569641367,0.0408673894912427,0.0,0.0,0.0008340283569641367,0.0008340283569641367,0.18932443703085905,0.03836530442035029
