,split
real_donor,real
rreal_000,rreal
rreal_001,rreal
rreal_002,rreal
rreal_003,rreal
rreal_004,rreal
rreal_005,rreal
rreal_006,rreal
rreal_007,rreal
rreal_008,rreal
rreal_009,rreal
rreal_010,rreal
rreal_011,rreal
rreal_012,rreal
rreal_013,rreal
rreal_014,rreal
rreal_015,rreal
rreal_016,rreal
rreal_017,rreal
rreal_018,rreal
rreal_019,rreal
rreal_020,rreal
rreal_021,rreal
rreal_022,rreal
rreal_023,rreal
rreal_024,rreal
rreal_025,rreal
rreal_026,rreal
rreal_027,rreal
rreal_028,rreal
rreal_029,rreal
rbroad_000,rbroad
rbroad_001,rbroad
rbroad_002,rbroad
rbroad_003,rbroad
rbroad_004,rbroad
rbroad_005,rbroad
rbroad_006,rbroad
rbroad_007,rbroad
rbroad_008,rbroad
rbroad_009,rbroad
rbroad_010,rbroad
rbroad_011,rbroad
rbroad_012,rbroad
rbroad_013,rbroad
rbroad_014,rbroad
rbroad_015,rbroad
rbroad_016,rbroad
rbroad_017,rbroad
rbroad_018,rbroad
rbroad_019,rbroad
rbroad_020,rbroad
rbroad_021,rbroad
rbroad_022,rbroad
rbroad_023,rbroad
rbroad_024,rbroad
rbroad_025,rbroad
rbroad_026,rbroad
rbroad_027,rbroad
rbroad_028,rbroad
rbroad_029,rbroad
