"CellType","Healthy","COVID","Difference"
"adventitial_fibroblast",1019.65871236109,903.702848187004,-115.955864174087
"alveolar_fibroblast",1023.16006825181,987.892849315818,-35.2672189359878
"artery_1",542.571495017342,544.775945543097,2.20445052575474
"artery_2",602.51586166835,577.274549278037,-25.2413123903125
"AT1",723.00609623527,669.647821640418,-53.3582745948526
"AT2",499.027083425099,374.661626786298,-124.365456638802
"B_cell",450.86749282386,467.194410778391,16.3269179545314
"basal",716.882676679317,796.991982560524,80.1093058812065
"cap_1",575.509186882935,663.77959470999,88.270407827055
"cap_2",674.853765953506,616.076702640141,-58.7770633133648
"cap_arterial",581.333900040131,532.486684861428,-48.847215178703
"cap_CX3CL1",719.792667236375,616.243645603567,-103.549021632808
"cap_PB",612.124939688666,446.367894585879,-165.757045102787
"cap_venous",614.888534029722,468.756019054974,-146.132514974748
"CD4_EM",312.512120392195,345.520588982936,33.0084685907411
"CD4_naive",352.621539419118,420.010986425302,67.3894470061844
"CD4_Th17",0,0,0
"CD4_Treg",314.441304988756,330.369853531117,15.928548542361
"CD8_EM",272.147389927128,352.096574703699,79.9491847765717
"CD8_EMRA",328.606725827519,311.147169409592,-17.4595564179272
"CD8_MAIT",399.398149330848,342.433547648497,-56.9646016823516
"CD8_RM",0,0,0
"cDC_type_1",0,0,0
"cDC_type_2",400.815302437443,388.342598563721,-12.4727038737224
"ciliated",409.620261127895,402.610695173763,-7.00956595413237
"club",511.57646647409,473.882491376776,-37.6939750973148
"fibroblast_intermediate",1045.98215395704,897.951758043321,-148.030395913719
"fibroblast_matrix",1098.25853344863,926.313534124795,-171.94499932384
"fibromyocyte",895.518039824932,947.998422607815,52.480382782883
"goblet",453.663186730455,435.583757469725,-18.0794292607302
"granulocyte",620.35400662435,537.806052018399,-82.547954605951
"LEC",693.489347714199,587.78940421624,-105.699943497959
"macro_alveolar",452.208311545283,370.694250342831,-81.5140612024523
"macro_alveolar_SPP1",407.610570862829,367.308855824726,-40.3017150381028
"macro_HS3ST2",376.055163775855,324.841712737249,-51.2134510386065
"macrophage_interstitial",453.469866983187,352.092949684711,-101.376917298475
"mast_cell",518.446988456811,654.448292878663,136.001304421852
"monocyte_classical",382.599011059721,398.282873615353,15.6838625556313
"monocyte_IL1B",0,367.986570823433,367.986570823433
"monocyte_non_classical",324.219800621832,353.782340253018,29.5625396311856
"myofibroblast",854.889243800104,919.425825424584,64.5365816244808
"NK",353.736549075469,375.789056198948,22.0525071234796
"NK_KLRC1",326.925737913844,0,-326.925737913844
"pericyte",865.876540678699,824.850613524854,-41.0259271538451
"plasma",467.857311686052,374.731428796335,-93.1258828897168
"proliferating_myeloid",466.789583997384,344.348635993443,-122.44094800394
"SMC",1012.90815424583,1045.57547809132,32.6673238454862
"vascular_SMC",946.876629036499,898.794762967989,-48.0818660685097
"vein_1",547.380848629759,470.242061258899,-77.1387873708598
"vein_2",516.119336355322,445.440961662763,-70.678374692559
"vein_PB",605.780919130278,508.440845051977,-97.340074078301
"CD8_naive",0,0,0
