analysis,unit,cell_type,method,display_method,metric,value,better,n_seeds_averaged
within_celltype_P0,cell_type,CD_PC,BaseVAE,BaseVAE,hub_jaccard,0.10827115222965618,higher,10
within_celltype_P0,cell_type,CD_PC,BaseVAE,BaseVAE,mi_fidelity_error,0.8687686707447476,lower,10
within_celltype_P0,cell_type,CD_PC,BaseVAE,BaseVAE,module_l2,0.0297988925969808,lower,10
within_celltype_P0,cell_type,CD_PC,BaseVAE,BaseVAE,coexpression_edge_mae,0.7951970672202802,lower,10
within_celltype_P0,cell_type,CD_PC,BaseVAE,BaseVAE,network_fidelity,0.21437061663543905,higher,10
within_celltype_P0,cell_type,CD_PC,BaseVAE,BaseVAE,network_pcc,0.2089685594776835,higher,10
within_celltype_P0,cell_type,CD_PC,Route2,DeconvSC,hub_jaccard,0.12081325351134597,higher,10
within_celltype_P0,cell_type,CD_PC,Route2,DeconvSC,mi_fidelity_error,0.10212834788761345,lower,10
within_celltype_P0,cell_type,CD_PC,Route2,DeconvSC,module_l2,0.01177797750312177,lower,10
within_celltype_P0,cell_type,CD_PC,Route2,DeconvSC,coexpression_edge_mae,0.3273810295081154,lower,10
within_celltype_P0,cell_type,CD_PC,Route2,DeconvSC,network_fidelity,0.3639603025189384,higher,10
within_celltype_P0,cell_type,CD_PC,Route2,DeconvSC,network_pcc,0.358399128805503,higher,10
within_celltype_P0,cell_type,CNT,BaseVAE,BaseVAE,hub_jaccard,0.06828280907537873,higher,10
within_celltype_P0,cell_type,CNT,BaseVAE,BaseVAE,mi_fidelity_error,0.9091145405578182,lower,10
within_celltype_P0,cell_type,CNT,BaseVAE,BaseVAE,module_l2,0.08169666833045966,lower,10
within_celltype_P0,cell_type,CNT,BaseVAE,BaseVAE,coexpression_edge_mae,0.8378658693624388,lower,10
within_celltype_P0,cell_type,CNT,BaseVAE,BaseVAE,network_fidelity,0.06809761783073721,higher,10
within_celltype_P0,cell_type,CNT,BaseVAE,BaseVAE,network_pcc,0.08071064865107616,higher,10
within_celltype_P0,cell_type,CNT,Route2,DeconvSC,hub_jaccard,0.06375538161296675,higher,10
within_celltype_P0,cell_type,CNT,Route2,DeconvSC,mi_fidelity_error,0.16161592198846836,lower,10
within_celltype_P0,cell_type,CNT,Route2,DeconvSC,module_l2,0.022709259621906657,lower,10
within_celltype_P0,cell_type,CNT,Route2,DeconvSC,coexpression_edge_mae,0.18467356811904237,lower,10
within_celltype_P0,cell_type,CNT,Route2,DeconvSC,network_fidelity,0.11821025596687114,higher,10
within_celltype_P0,cell_type,CNT,Route2,DeconvSC,network_pcc,0.14610086755475232,higher,10
within_celltype_P0,cell_type,DCT,BaseVAE,BaseVAE,hub_jaccard,0.1288066076934944,higher,10
within_celltype_P0,cell_type,DCT,BaseVAE,BaseVAE,mi_fidelity_error,1.2824157576269797,lower,10
within_celltype_P0,cell_type,DCT,BaseVAE,BaseVAE,module_l2,0.046352969633083885,lower,10
within_celltype_P0,cell_type,DCT,BaseVAE,BaseVAE,coexpression_edge_mae,0.8337792199532222,lower,10
within_celltype_P0,cell_type,DCT,BaseVAE,BaseVAE,network_fidelity,0.14074712646031556,higher,10
within_celltype_P0,cell_type,DCT,BaseVAE,BaseVAE,network_pcc,0.14564093987614074,higher,10
within_celltype_P0,cell_type,DCT,Route2,DeconvSC,hub_jaccard,0.13281025543482797,higher,10
within_celltype_P0,cell_type,DCT,Route2,DeconvSC,mi_fidelity_error,0.1236762494117293,lower,10
within_celltype_P0,cell_type,DCT,Route2,DeconvSC,module_l2,0.018384451248693864,lower,10
within_celltype_P0,cell_type,DCT,Route2,DeconvSC,coexpression_edge_mae,0.3426439869373171,lower,10
within_celltype_P0,cell_type,DCT,Route2,DeconvSC,network_fidelity,0.20324717633001316,higher,10
within_celltype_P0,cell_type,DCT,Route2,DeconvSC,network_pcc,0.21603128397567106,higher,10
within_celltype_P0,cell_type,MC,BaseVAE,BaseVAE,hub_jaccard,0.2062063499415614,higher,10
within_celltype_P0,cell_type,MC,BaseVAE,BaseVAE,mi_fidelity_error,0.43404050082686785,lower,10
within_celltype_P0,cell_type,MC,BaseVAE,BaseVAE,module_l2,0.05687018498149284,lower,10
within_celltype_P0,cell_type,MC,BaseVAE,BaseVAE,coexpression_edge_mae,0.7111144812775315,lower,10
within_celltype_P0,cell_type,MC,BaseVAE,BaseVAE,network_fidelity,0.18548891361301606,higher,10
within_celltype_P0,cell_type,MC,BaseVAE,BaseVAE,network_pcc,0.16539867832047497,higher,10
within_celltype_P0,cell_type,MC,Route2,DeconvSC,hub_jaccard,0.22194711471472747,higher,10
within_celltype_P0,cell_type,MC,Route2,DeconvSC,mi_fidelity_error,0.14742672493825607,lower,10
within_celltype_P0,cell_type,MC,Route2,DeconvSC,module_l2,0.01917467037896447,lower,10
within_celltype_P0,cell_type,MC,Route2,DeconvSC,coexpression_edge_mae,0.23804918339762401,lower,10
within_celltype_P0,cell_type,MC,Route2,DeconvSC,network_fidelity,0.25465461196394973,higher,10
within_celltype_P0,cell_type,MC,Route2,DeconvSC,network_pcc,0.2539770391849311,higher,10
within_celltype_P0,cell_type,PT,BaseVAE,BaseVAE,hub_jaccard,0.05069381849567608,higher,10
within_celltype_P0,cell_type,PT,BaseVAE,BaseVAE,mi_fidelity_error,0.40694036883766627,lower,10
within_celltype_P0,cell_type,PT,BaseVAE,BaseVAE,module_l2,0.01752103650385545,lower,10
within_celltype_P0,cell_type,PT,BaseVAE,BaseVAE,coexpression_edge_mae,0.7458011698043879,lower,10
within_celltype_P0,cell_type,PT,BaseVAE,BaseVAE,network_fidelity,0.18764696155986454,higher,10
within_celltype_P0,cell_type,PT,BaseVAE,BaseVAE,network_pcc,0.16152037308425352,higher,10
within_celltype_P0,cell_type,PT,Route2,DeconvSC,hub_jaccard,0.05644489840155474,higher,10
within_celltype_P0,cell_type,PT,Route2,DeconvSC,mi_fidelity_error,0.0592818885870202,lower,10
within_celltype_P0,cell_type,PT,Route2,DeconvSC,module_l2,0.0037489948874875113,lower,10
within_celltype_P0,cell_type,PT,Route2,DeconvSC,coexpression_edge_mae,0.08744773529743763,lower,10
within_celltype_P0,cell_type,PT,Route2,DeconvSC,network_fidelity,0.18107605596227697,higher,10
within_celltype_P0,cell_type,PT,Route2,DeconvSC,network_pcc,0.20616208318549378,higher,10
within_celltype_P0,cell_type,aLOH,BaseVAE,BaseVAE,hub_jaccard,0.1344515393611758,higher,10
within_celltype_P0,cell_type,aLOH,BaseVAE,BaseVAE,mi_fidelity_error,1.0704561121332945,lower,10
within_celltype_P0,cell_type,aLOH,BaseVAE,BaseVAE,module_l2,0.050877007598121624,lower,10
within_celltype_P0,cell_type,aLOH,BaseVAE,BaseVAE,coexpression_edge_mae,0.8014183364248954,lower,10
within_celltype_P0,cell_type,aLOH,BaseVAE,BaseVAE,network_fidelity,0.24986404902898318,higher,10
within_celltype_P0,cell_type,aLOH,BaseVAE,BaseVAE,network_pcc,0.21328003341784213,higher,10
within_celltype_P0,cell_type,aLOH,Route2,DeconvSC,hub_jaccard,0.14825037109817757,higher,10
within_celltype_P0,cell_type,aLOH,Route2,DeconvSC,mi_fidelity_error,0.061308672092485916,lower,10
within_celltype_P0,cell_type,aLOH,Route2,DeconvSC,module_l2,0.020989291094893787,lower,10
within_celltype_P0,cell_type,aLOH,Route2,DeconvSC,coexpression_edge_mae,0.3089431298005255,lower,10
within_celltype_P0,cell_type,aLOH,Route2,DeconvSC,network_fidelity,0.33210984809971345,higher,10
within_celltype_P0,cell_type,aLOH,Route2,DeconvSC,network_pcc,0.31344536915687843,higher,10
