CellType,Value,Method
Activated myofibroblasts,0.967333151193655,BayesPrism
Alveolar macrophages,0.986794011282408,BayesPrism
B cells,0.944884499569947,BayesPrism
CD4 T cells,0.979256503370185,BayesPrism
Classical monocytes,0.986456546769172,BayesPrism
Club,0.982667166327364,BayesPrism
DC monocyte,0.98195791015017,BayesPrism
DC1,0.964672403443464,BayesPrism
Deuterosomal,0.966396741201541,BayesPrism
EC aerocyte capillary,0.98858570456428,BayesPrism
EC venous systemic,0.956167813561151,BayesPrism
Fibroblasts PLIN2+,0.988194827270466,BayesPrism
Goblet,0.940842037714394,BayesPrism
Macrophages MARCO-,0.983831186606133,BayesPrism
Macrophages SPP1 high,0.983288719173087,BayesPrism
NK cells,0.935998328165709,BayesPrism
Others,0.960423203804728,BayesPrism
Pericytes,0.912754917737333,BayesPrism
Plasma cells,0.902566378193414,BayesPrism
Transitional AT2,0.961650549113181,BayesPrism
Activated myofibroblasts,0.693435915292236,DISSECT
Alveolar macrophages,0.700733343967558,DISSECT
B cells,0.72748271245174,DISSECT
CD4 T cells,0.77068361608472,DISSECT
Classical monocytes,0.756167713135179,DISSECT
Club,0.696024176987631,DISSECT
DC monocyte,0.715525266691365,DISSECT
DC1,0.70347749231886,DISSECT
Deuterosomal,0.678627844310669,DISSECT
EC aerocyte capillary,0.795968669247307,DISSECT
EC venous systemic,0.700369717258557,DISSECT
Fibroblasts PLIN2+,0.730126093553175,DISSECT
Goblet,0.706368333900543,DISSECT
Macrophages MARCO-,0.736924245671219,DISSECT
Macrophages SPP1 high,0.692154797978635,DISSECT
NK cells,0.739091197458461,DISSECT
Others,0.74706486615007,DISSECT
Pericytes,0.711629174811432,DISSECT
Plasma cells,0.641148314505282,DISSECT
Transitional AT2,0.723372143954961,DISSECT
Activated myofibroblasts,0.591237307825325,TAPE
Alveolar macrophages,0.729175930704733,TAPE
B cells,0.657242180285827,TAPE
CD4 T cells,0.692665777789894,TAPE
Classical monocytes,0.737557551894225,TAPE
Club,0.471553843160465,TAPE
DC monocyte,-0.111008873202648,TAPE
DC1,0.618513142574005,TAPE
Deuterosomal,0.507878510243707,TAPE
EC aerocyte capillary,0.600863149855388,TAPE
EC venous systemic,0.641884136823398,TAPE
Fibroblasts PLIN2+,0.688571729653666,TAPE
Goblet,0.439932497450677,TAPE
Macrophages MARCO-,0.638450705618678,TAPE
Macrophages SPP1 high,0.597752582120203,TAPE
NK cells,0.634927928594844,TAPE
Others,0.660482325157303,TAPE
Pericytes,-0.0431229236433597,TAPE
Plasma cells,0.567283153670165,TAPE
Transitional AT2,0.612130810041325,TAPE
Activated myofibroblasts,0.955965541537781,DeconvSC
Alveolar macrophages,0.977985962630332,DeconvSC
B cells,0.885861552394021,DeconvSC
CD4 T cells,0.949731352481438,DeconvSC
Classical monocytes,0.97430351321519,DeconvSC
Club,0.963558513247311,DeconvSC
DC monocyte,0.973513228818745,DeconvSC
DC1,0.961666877682058,DeconvSC
Deuterosomal,0.944190389697618,DeconvSC
EC aerocyte capillary,0.964056069682308,DeconvSC
EC venous systemic,0.94239943231656,DeconvSC
Fibroblasts PLIN2+,0.972319062613262,DeconvSC
Goblet,0.910966176315434,DeconvSC
Macrophages MARCO-,0.978985624501679,DeconvSC
Macrophages SPP1 high,0.966804796635971,DeconvSC
NK cells,0.92874442996879,DeconvSC
Others,0.96327687173095,DeconvSC
Pericytes,0.889879826370116,DeconvSC
Plasma cells,0.878496580077594,DeconvSC
Transitional AT2,0.934327017520188,DeconvSC
