CellClass,Method,PCC
Epithelial,DeconvSC,0.8732
Myeloid,DeconvSC,0.8608
Endothelial,DeconvSC,0.8236
Lymphoid,DeconvSC,0.811
Stromal,DeconvSC,0.7238
Epithelial,BayesPrism,0.9502
Myeloid,BayesPrism,0.8316
Endothelial,BayesPrism,0.8997
Lymphoid,BayesPrism,0.8807
Stromal,BayesPrism,0.9815
Epithelial,CIBERSORTx,0.8588
Myeloid,CIBERSORTx,0.8643
Endothelial,CIBERSORTx,0.8819
Lymphoid,CIBERSORTx,0.7835
Stromal,CIBERSORTx,0.9788
Epithelial,DISSECT,0.8542
Myeloid,DISSECT,0.7811
Endothelial,DISSECT,0.7977
Lymphoid,DISSECT,0.7186
Stromal,DISSECT,0.9134
Epithelial,TAPE,0.4822
Myeloid,TAPE,0.3567
Endothelial,TAPE,0.2611
Lymphoid,TAPE,0.6566
Stromal,TAPE,0.5888
