dataset,axis,method,r
HCA_fold2,gene,BayesPrism,0.860507362837674
HCA_fold2,gene,BayesPrism,0.831148162925855
HCA_fold2,gene,BayesPrism,0.237532591890198
HCA_fold2,gene,BayesPrism,0.78362307076704
HCA_fold2,gene,BayesPrism,0.787473530033287
HCA_fold2,gene,BayesPrism,0.702610765964054
HCA_fold2,gene,BayesPrism,0.895148148359587
HCA_fold2,gene,BayesPrism,0.805051996264191
HCA_fold2,gene,BayesPrism,0.8614195584605
HCA_fold2,gene,BayesPrism,0.684376726786742
HCA_fold2,gene,BayesPrism,0.588659504652658
HCA_fold2,gene,BayesPrism,0.71636529303666
HCA_fold2,gene,BayesPrism,0.631066876813911
HCA_fold2,gene,BayesPrism,0.712430690496606
HCA_fold2,gene,BayesPrism,0.698316944597323
HCA_fold2,gene,BayesPrism,0.867912900978204
HCA_fold2,gene,BayesPrism,0.807294884157371
HCA_fold2,gene,BayesPrism,0.629889499967066
HCA_fold2,gene,BayesPrism,0.767994954622003
HCA_fold2,gene,BayesPrism,0.790861378154678
HCA_fold2,gene,BayesPrism,0.503598344213972
HCA_fold2,gene,BayesPrism,0.859953607464911
HCA_fold2,gene,BayesPrism,0.543566291814125
HCA_fold2,gene,BayesPrism,0.760819077253105
HCA_fold2,gene,BayesPrism,0.703019976569721
HCA_fold2,gene,BayesPrism,0.808406230250622
HCA_fold2,gene,BayesPrism,0.322899661201254
HCA_fold2,gene,BayesPrism,0.920992281681463
HCA_fold2,gene,BayesPrism,0.709011049183952
HCA_fold2,gene,BayesPrism,0.662800442350513
HCA_fold2,gene,BayesPrism,0.686219066191594
HCA_fold2,gene,BayesPrism,0.278991232798288
HCA_fold2,gene,BayesPrism,0.797066177384016
HCA_fold2,gene,BayesPrism,0.694143204687316
HCA_fold2,gene,BayesPrism,0.64687855195086
HCA_fold2,gene,BayesPrism,0.667323744173568
HCA_fold2,gene,BayesPrism,0.834626276633179
HCA_fold2,gene,BayesPrism,0.835456726813913
HCA_fold2,gene,BayesPrism,0.596013390812584
HCA_fold2,gene,BayesPrism,0.444514977564184
HCA_fold2,gene,BayesPrism,0.499881772101614
HCA_fold2,gene,BayesPrism,0.755295788921505
HCA_fold2,gene,BayesPrism,0.785791174753734
HCA_fold2,gene,BayesPrism,0.4759575858218
HCA_fold2,gene,BayesPrism,0.550392140727847
HCA_fold2,gene,BayesPrism,0.635965771993134
HCA_fold2,gene,BayesPrism,0.832523033465238
HCA_fold2,gene,BayesPrism,0.661797191996812
HCA_fold2,gene,BayesPrism,0.85330344554416
HCA_fold2,gene,BayesPrism,0.512467553979771
HCA_fold2,gene,BayesPrism,0.714251997550119
HCA_fold2,gene,BayesPrism,0.706449840041447
HCA_fold2,gene,BayesPrism,0.758190861055755
HCA_fold2,gene,BayesPrism,0.676183169623273
HCA_fold2,gene,BayesPrism,0.927140440929251
HCA_fold2,gene,BayesPrism,0.507199219111624
HCA_fold2,gene,BayesPrism,0.738971511673407
HCA_fold2,gene,BayesPrism,0.661380779900514
HCA_fold2,gene,BayesPrism,0.766831971380331
HCA_fold2,gene,BayesPrism,0.854632930358727
HCA_fold2,gene,BayesPrism,0.847271582245604
HCA_fold2,gene,BayesPrism,0.745007802092791
HCA_fold2,gene,BayesPrism,0.58413324429774
HCA_fold2,gene,BayesPrism,0.598302651765358
HCA_fold2,gene,BayesPrism,0.822205346244125
HCA_fold2,gene,BayesPrism,0.402218177311106
HCA_fold2,gene,BayesPrism,0.858292237768715
HCA_fold2,gene,BayesPrism,0.575585768266626
HCA_fold2,gene,BayesPrism,0.719335432210336
HCA_fold2,gene,BayesPrism,0.819326437569019
HCA_fold2,gene,BayesPrism,0.434007593080794
HCA_fold2,gene,BayesPrism,0.280810110403955
HCA_fold2,gene,BayesPrism,0.871486530907772
HCA_fold2,gene,BayesPrism,0.735816723724008
HCA_fold2,gene,BayesPrism,0.346529062335221
HCA_fold2,gene,BayesPrism,0.39452556916502
HCA_fold2,gene,BayesPrism,0.787944727922677
HCA_fold2,gene,BayesPrism,0.869519353492916
HCA_fold2,gene,BayesPrism,0.306296268515007
HCA_fold2,gene,BayesPrism,0.673990213577117
HCA_fold2,gene,BayesPrism,0.730225738186802
HCA_fold2,gene,BayesPrism,0.676881584746636
HCA_fold2,gene,BayesPrism,0.58743513014555
HCA_fold2,gene,BayesPrism,0.696536786742297
HCA_fold2,gene,BayesPrism,0.650730508578084
HCA_fold2,gene,BayesPrism,0.581891774326584
HCA_fold2,gene,BayesPrism,0.36982149102492
HCA_fold2,gene,BayesPrism,0.730345698793039
HCA_fold2,gene,BayesPrism,0.88961466404341
HCA_fold2,gene,BayesPrism,0.740076229148059
HCA_fold2,gene,BayesPrism,0.904127415357992
HCA_fold2,gene,BayesPrism,0.796633541872984
HCA_fold2,gene,BayesPrism,0.861869032716515
HCA_fold2,gene,BayesPrism,0.111981913242375
HCA_fold2,gene,BayesPrism,0.865941099108011
HCA_fold2,gene,BayesPrism,0.455311844011171
HCA_fold2,gene,BayesPrism,0.500178019652697
HCA_fold2,gene,BayesPrism,0.806452711442999
HCA_fold2,gene,BayesPrism,0.856493260281962
HCA_fold2,gene,BayesPrism,0.851869232636334
HCA_fold2,gene,BayesPrism,0.329001686652978
HCA_fold2,gene,BayesPrism,0.729052542660429
HCA_fold2,gene,BayesPrism,0.785614906103322
HCA_fold2,gene,BayesPrism,0.751716636443005
HCA_fold2,gene,BayesPrism,0.804278453635888
HCA_fold2,gene,BayesPrism,0.8454560299087
HCA_fold2,gene,BayesPrism,0.672209652724774
HCA_fold2,gene,BayesPrism,0.718497404877449
HCA_fold2,gene,BayesPrism,0.787786576884096
HCA_fold2,gene,BayesPrism,0.822528825249943
HCA_fold2,gene,BayesPrism,0.704195686629143
HCA_fold2,gene,BayesPrism,0.661738714142516
HCA_fold2,gene,BayesPrism,0.315218183837515
HCA_fold2,gene,BayesPrism,0.633803077375876
HCA_fold2,gene,BayesPrism,0.792204746628181
HCA_fold2,gene,BayesPrism,0.778308088042562
HCA_fold2,gene,BayesPrism,0.516452708448596
HCA_fold2,gene,BayesPrism,0.428101076069538
HCA_fold2,gene,BayesPrism,0.618581299816594
HCA_fold2,gene,BayesPrism,0.487680186992024
HCA_fold2,gene,BayesPrism,0.657369723719427
HCA_fold2,gene,BayesPrism,0.835537751726493
HCA_fold2,gene,BayesPrism,0.554880368825917
HCA_fold2,gene,BayesPrism,0.578732047348766
HCA_fold2,gene,BayesPrism,0.508031053138218
HCA_fold2,gene,BayesPrism,0.0196084190030108
HCA_fold2,gene,BayesPrism,0.830189906720786
HCA_fold2,gene,BayesPrism,0.527282652680151
HCA_fold2,gene,BayesPrism,0.798772141233007
HCA_fold2,gene,BayesPrism,0.432808080608895
HCA_fold2,gene,BayesPrism,0.852154346221822
HCA_fold2,gene,BayesPrism,0.882273289623307
HCA_fold2,gene,BayesPrism,0.713403161117181
HCA_fold2,gene,BayesPrism,0.84106616569909
HCA_fold2,gene,BayesPrism,0.387448438602894
HCA_fold2,gene,BayesPrism,0.450102228869602
HCA_fold2,gene,BayesPrism,0.875480019937346
HCA_fold2,gene,BayesPrism,0.814240536337524
HCA_fold2,gene,BayesPrism,0.710966765945326
HCA_fold2,gene,BayesPrism,0.710259792535873
HCA_fold2,gene,BayesPrism,0.821976036316889
HCA_fold2,gene,BayesPrism,0.686314249835948
HCA_fold2,gene,BayesPrism,0.867669699489594
HCA_fold2,gene,BayesPrism,0.894545074715719
HCA_fold2,gene,BayesPrism,0.776531343584599
HCA_fold2,gene,BayesPrism,0.618789027309526
HCA_fold2,gene,BayesPrism,0.301886499121258
HCA_fold2,gene,BayesPrism,0.743340481663945
HCA_fold2,gene,BayesPrism,0.503204978250628
HCA_fold2,gene,BayesPrism,0.723939192265021
HCA_fold2,gene,BayesPrism,0.867117533437594
HCA_fold2,gene,BayesPrism,0.749146364112198
HCA_fold2,gene,BayesPrism,0.620322053492434
HCA_fold2,gene,BayesPrism,0.620747178417561
HCA_fold2,gene,BayesPrism,0.624709549571461
HCA_fold2,gene,BayesPrism,0.766971889296633
HCA_fold2,gene,BayesPrism,0.709247568397309
HCA_fold2,gene,BayesPrism,0.932870312056454
HCA_fold2,gene,BayesPrism,0.834324569169654
HCA_fold2,gene,BayesPrism,0.901551804160007
HCA_fold2,gene,BayesPrism,0.165435539256531
HCA_fold2,gene,BayesPrism,0.727757011609233
HCA_fold2,gene,BayesPrism,0.844453485243102
HCA_fold2,gene,BayesPrism,0.522826955049425
HCA_fold2,gene,BayesPrism,0.594535076391177
HCA_fold2,gene,BayesPrism,0.803292941183803
HCA_fold2,gene,BayesPrism,0.802468801923487
HCA_fold2,gene,BayesPrism,0.773586533989149
HCA_fold2,gene,BayesPrism,0.706651224559298
HCA_fold2,gene,BayesPrism,0.729601489653943
HCA_fold2,gene,BayesPrism,0.408043626525471
HCA_fold2,gene,BayesPrism,0.648613690465703
HCA_fold2,gene,BayesPrism,0.846339073561335
HCA_fold2,gene,BayesPrism,0.554588758957521
HCA_fold2,gene,BayesPrism,0.730764268338639
HCA_fold2,gene,BayesPrism,0.710040873852361
HCA_fold2,gene,BayesPrism,0.7383804180799
HCA_fold2,gene,BayesPrism,0.26239917605337
HCA_fold2,gene,BayesPrism,0.875644154171689
HCA_fold2,gene,BayesPrism,0.676474967428017
HCA_fold2,gene,BayesPrism,0.673835893819412
HCA_fold2,gene,BayesPrism,0.562368213488956
HCA_fold2,gene,BayesPrism,0.868329696441278
HCA_fold2,gene,BayesPrism,0.657094684866228
HCA_fold2,gene,BayesPrism,0.483501737116273
HCA_fold2,gene,BayesPrism,0.663600625719204
HCA_fold2,gene,BayesPrism,0.70892775733158
HCA_fold2,gene,BayesPrism,0.504870611084711
HCA_fold2,gene,BayesPrism,0.669983675373492
HCA_fold2,gene,BayesPrism,0.839659336051605
HCA_fold2,gene,BayesPrism,0.386871742204202
HCA_fold2,gene,BayesPrism,0.771046354041984
HCA_fold2,gene,BayesPrism,0.797449850846116
HCA_fold2,gene,BayesPrism,0.655747807138065
HCA_fold2,gene,BayesPrism,0.72349792959958
HCA_fold2,gene,BayesPrism,0.527171066082388
HCA_fold2,gene,BayesPrism,0.721504387031183
HCA_fold2,gene,BayesPrism,0.601812164333093
HCA_fold2,gene,BayesPrism,0.883448843091939
HCA_fold2,gene,BayesPrism,0.709998134240416
HCA_fold2,gene,BayesPrism,0.801542878909116
HCA_fold2,gene,BayesPrism,0.895701529585524
HCA_fold2,gene,BayesPrism,0.71707788544549
HCA_fold2,gene,BayesPrism,0.735604731511288
HCA_fold2,gene,BayesPrism,0.869434410665099
HCA_fold2,gene,BayesPrism,0.847451961096448
HCA_fold2,gene,BayesPrism,0.69196415212076
HCA_fold2,gene,BayesPrism,0.678164577451825
HCA_fold2,gene,BayesPrism,0.808903067570859
HCA_fold2,gene,BayesPrism,0.790599770941276
HCA_fold2,gene,BayesPrism,0.635559679752488
HCA_fold2,gene,BayesPrism,0.734350841914269
HCA_fold2,gene,BayesPrism,0.58029860363811
HCA_fold2,gene,BayesPrism,0.382283379133121
HCA_fold2,gene,BayesPrism,0.816461541694992
HCA_fold2,gene,BayesPrism,0.627624273997427
HCA_fold2,gene,BayesPrism,0.639500990043653
HCA_fold2,gene,BayesPrism,0.755711315011826
HCA_fold2,gene,BayesPrism,0.558903751211713
HCA_fold2,gene,BayesPrism,0.499005538684479
HCA_fold2,gene,BayesPrism,0.515655640927517
HCA_fold2,gene,BayesPrism,0.900084938553547
HCA_fold2,gene,BayesPrism,0.431502786974182
HCA_fold2,gene,BayesPrism,0.751380235324468
HCA_fold2,gene,BayesPrism,0.533683284947489
HCA_fold2,gene,BayesPrism,0.646432499770188
HCA_fold2,gene,BayesPrism,0.16320389648513
HCA_fold2,gene,BayesPrism,0.736264864764995
HCA_fold2,gene,BayesPrism,0.89105756310148
HCA_fold2,gene,BayesPrism,0.639152167140382
HCA_fold2,gene,BayesPrism,0.732043102227554
HCA_fold2,gene,BayesPrism,0.636376100828227
HCA_fold2,gene,BayesPrism,0.887045838239704
HCA_fold2,gene,BayesPrism,0.683869408452803
HCA_fold2,gene,BayesPrism,0.769262893261968
HCA_fold2,gene,BayesPrism,0.717534739629868
HCA_fold2,gene,BayesPrism,0.896221210295926
HCA_fold2,gene,BayesPrism,0.79203954244547
HCA_fold2,gene,BayesPrism,0.647595270323318
HCA_fold2,gene,BayesPrism,0.778715799325601
HCA_fold2,gene,BayesPrism,0.724585759411902
HCA_fold2,gene,BayesPrism,0.843871097104131
HCA_fold2,gene,BayesPrism,0.78748194279788
HCA_fold2,gene,BayesPrism,0.708820218681761
HCA_fold2,gene,BayesPrism,0.561875060603879
HCA_fold2,gene,BayesPrism,0.924250366116189
HCA_fold2,gene,BayesPrism,0.628770313550479
HCA_fold2,gene,BayesPrism,0.609816026696478
HCA_fold2,gene,BayesPrism,0.832372517260153
HCA_fold2,gene,BayesPrism,0.362262887757058
HCA_fold2,gene,BayesPrism,0.656753309539508
HCA_fold2,gene,BayesPrism,0.767453460711637
HCA_fold2,gene,BayesPrism,0.802996096356215
HCA_fold2,gene,BayesPrism,0.806544698846312
HCA_fold2,gene,BayesPrism,0.730577794558398
HCA_fold2,gene,BayesPrism,0.756037018754569
HCA_fold2,gene,BayesPrism,0.525321524083357
HCA_fold2,gene,BayesPrism,0.794763023869797
HCA_fold2,gene,BayesPrism,0.70536499255698
HCA_fold2,gene,BayesPrism,0.794268612952794
HCA_fold2,gene,BayesPrism,0.679245184238398
HCA_fold2,gene,BayesPrism,0.843050457956813
HCA_fold2,gene,BayesPrism,0.473598085508876
HCA_fold2,gene,BayesPrism,0.638969673744983
HCA_fold2,gene,BayesPrism,0.899332883841249
HCA_fold2,gene,BayesPrism,0.734375547776776
HCA_fold2,gene,BayesPrism,0.508473210428697
HCA_fold2,gene,BayesPrism,0.644605359495748
HCA_fold2,gene,BayesPrism,0.858804790506562
HCA_fold2,gene,BayesPrism,0.487287885690952
HCA_fold2,gene,BayesPrism,0.869537778281724
HCA_fold2,gene,BayesPrism,0.875101033818332
HCA_fold2,gene,BayesPrism,0.827581268707569
HCA_fold2,gene,BayesPrism,0.896077583761041
HCA_fold2,gene,BayesPrism,0.680493610210551
HCA_fold2,gene,BayesPrism,0.414610489256365
HCA_fold2,gene,BayesPrism,0.894628558158106
HCA_fold2,gene,BayesPrism,0.344104757533675
HCA_fold2,gene,BayesPrism,0.473109507459579
HCA_fold2,gene,BayesPrism,0.841180936596847
HCA_fold2,gene,BayesPrism,0.64092521003356
HCA_fold2,gene,BayesPrism,0.736209949734275
HCA_fold2,gene,BayesPrism,0.933842177833078
HCA_fold2,gene,BayesPrism,0.683377818323301
HCA_fold2,gene,BayesPrism,0.829600214876099
HCA_fold2,gene,BayesPrism,0.674538957086674
HCA_fold2,gene,BayesPrism,0.616087082038353
HCA_fold2,gene,BayesPrism,0.772388670346762
HCA_fold2,gene,BayesPrism,0.77992821679799
HCA_fold2,gene,BayesPrism,0.811050341676713
HCA_fold2,gene,BayesPrism,0.803692474586035
HCA_fold2,gene,BayesPrism,0.831609093264755
HCA_fold2,gene,BayesPrism,0.666360305803447
HCA_fold2,gene,BayesPrism,0.289209143563823
HCA_fold2,gene,BayesPrism,0.694148590562033
HCA_fold2,gene,BayesPrism,0.70614036464922
HCA_fold2,gene,BayesPrism,0.871898093444193
HCA_fold2,gene,BayesPrism,0.937658341728926
HCA_fold2,gene,BayesPrism,0.75260391220912
HCA_fold2,gene,BayesPrism,0.770026996381201
HCA_fold2,gene,BayesPrism,0.914685459491874
HCA_fold2,gene,BayesPrism,0.680060981914499
HCA_fold2,gene,BayesPrism,0.829044659949262
HCA_fold2,gene,BayesPrism,0.739521407009469
HCA_fold2,gene,BayesPrism,0.593719683065229
HCA_fold2,gene,BayesPrism,0.782247418685595
HCA_fold2,gene,BayesPrism,0.779732807594357
HCA_fold2,gene,BayesPrism,0.360939133602542
HCA_fold2,gene,BayesPrism,0.832808594037355
HCA_fold2,gene,BayesPrism,0.892000615363471
HCA_fold2,gene,BayesPrism,0.709890647251821
HCA_fold2,gene,BayesPrism,0.562511519663851
HCA_fold2,gene,BayesPrism,0.805274308658515
HCA_fold2,gene,BayesPrism,0.654916039041581
HCA_fold2,gene,BayesPrism,0.844670800635876
HCA_fold2,gene,BayesPrism,0.811022855696498
HCA_fold2,gene,BayesPrism,0.733278204843764
HCA_fold2,gene,BayesPrism,0.764271030153993
HCA_fold2,gene,BayesPrism,0.87593742626213
HCA_fold2,gene,BayesPrism,0.791816973506581
HCA_fold2,gene,BayesPrism,0.706926889321618
HCA_fold2,gene,BayesPrism,0.850221594667185
HCA_fold2,gene,BayesPrism,0.670703796044428
HCA_fold2,gene,BayesPrism,0.873487307869005
HCA_fold2,gene,BayesPrism,0.739641768933402
HCA_fold2,gene,BayesPrism,0.767506761290615
HCA_fold2,gene,BayesPrism,0.912180064312007
HCA_fold2,gene,BayesPrism,0.207106690493366
HCA_fold2,gene,BayesPrism,0.758832676132011
HCA_fold2,gene,BayesPrism,0.933921640336319
HCA_fold2,gene,BayesPrism,0.823607639427452
HCA_fold2,gene,BayesPrism,0.607398458698618
HCA_fold2,gene,BayesPrism,0.880209843412314
HCA_fold2,gene,BayesPrism,0.75277955485767
HCA_fold2,gene,BayesPrism,0.5993930928398
HCA_fold2,gene,BayesPrism,0.77612451349927
HCA_fold2,gene,BayesPrism,0.707149875916448
HCA_fold2,gene,BayesPrism,0.749835636044578
HCA_fold2,gene,BayesPrism,0.156111122613405
HCA_fold2,gene,BayesPrism,0.88355611186611
HCA_fold2,gene,BayesPrism,0.455373284122071
HCA_fold2,gene,BayesPrism,0.85522468428568
HCA_fold2,gene,BayesPrism,0.872486746536931
HCA_fold2,gene,BayesPrism,0.374352137181388
HCA_fold2,gene,BayesPrism,0.62393267778335
HCA_fold2,gene,BayesPrism,0.892126179066245
HCA_fold2,gene,BayesPrism,0.869371088376436
HCA_fold2,gene,BayesPrism,0.844150926821855
HCA_fold2,gene,BayesPrism,0.669273471104135
HCA_fold2,gene,BayesPrism,0.759926490018714
HCA_fold2,gene,BayesPrism,0.89945895669031
HCA_fold2,gene,BayesPrism,0.886209038741113
HCA_fold2,gene,BayesPrism,0.298478645538296
HCA_fold2,gene,BayesPrism,0.672076201816942
HCA_fold2,gene,BayesPrism,0.72917233493252
HCA_fold2,gene,BayesPrism,0.875689377515108
HCA_fold2,gene,BayesPrism,0.8251578879368
HCA_fold2,gene,BayesPrism,0.681354822243731
HCA_fold2,gene,BayesPrism,0.874118885789207
HCA_fold2,gene,BayesPrism,0.883489561156983
HCA_fold2,gene,BayesPrism,0.52286172896621
HCA_fold2,gene,BayesPrism,0.673843653406184
HCA_fold2,gene,BayesPrism,0.476091060338987
HCA_fold2,gene,BayesPrism,0.864885916752286
HCA_fold2,gene,BayesPrism,0.848852415100056
HCA_fold2,gene,BayesPrism,0.859034254240077
HCA_fold2,gene,BayesPrism,0.892381639677415
HCA_fold2,gene,BayesPrism,0.844304700385891
HCA_fold2,gene,BayesPrism,0.880030964929006
HCA_fold2,gene,BayesPrism,0.287243961925197
HCA_fold2,gene,BayesPrism,0.780168845516119
HCA_fold2,gene,BayesPrism,0.314965010620508
HCA_fold2,gene,BayesPrism,0.796283909297273
HCA_fold2,gene,BayesPrism,0.838431733307811
HCA_fold2,gene,BayesPrism,0.812209406066174
HCA_fold2,gene,BayesPrism,0.695274103040268
HCA_fold2,gene,BayesPrism,0.722103635607021
HCA_fold2,gene,BayesPrism,0.945827294006975
HCA_fold2,gene,BayesPrism,0.683367461067882
HCA_fold2,gene,BayesPrism,0.69865414706265
HCA_fold2,gene,BayesPrism,0.481878558014209
HCA_fold2,gene,BayesPrism,0.446928218175364
HCA_fold2,gene,BayesPrism,0.785319453191901
HCA_fold2,gene,BayesPrism,0.775650145056783
HCA_fold2,gene,BayesPrism,0.402693283820123
HCA_fold2,gene,BayesPrism,0.758380098082555
HCA_fold2,gene,BayesPrism,0.254240847001356
HCA_fold2,gene,BayesPrism,0.734363126293685
HCA_fold2,gene,BayesPrism,0.839660318213497
HCA_fold2,gene,BayesPrism,0.62770104912512
HCA_fold2,gene,BayesPrism,0.727709096497035
HCA_fold2,gene,BayesPrism,0.721773593124324
HCA_fold2,gene,BayesPrism,0.724012440549908
HCA_fold2,gene,BayesPrism,0.801072244842434
HCA_fold2,gene,BayesPrism,0.721433741077203
HCA_fold2,gene,BayesPrism,0.695065160394406
HCA_fold2,gene,BayesPrism,0.745590317524165
HCA_fold2,gene,BayesPrism,0.75368040267125
HCA_fold2,gene,BayesPrism,0.680395786085017
HCA_fold2,gene,BayesPrism,0.726917408490441
HCA_fold2,gene,BayesPrism,0.799123824256161
HCA_fold2,gene,BayesPrism,0.514994364977914
HCA_fold2,gene,BayesPrism,0.748793167579703
HCA_fold2,gene,BayesPrism,0.688135884126489
HCA_fold2,gene,BayesPrism,0.787016262631097
HCA_fold2,gene,BayesPrism,0.848122543385258
HCA_fold2,gene,BayesPrism,0.79741649523521
HCA_fold2,gene,BayesPrism,0.794985837327787
HCA_fold2,gene,BayesPrism,0.771542079310052
HCA_fold2,gene,BayesPrism,0.812832473827696
HCA_fold2,gene,BayesPrism,0.72307331900848
HCA_fold2,gene,BayesPrism,0.827394002524224
HCA_fold2,gene,BayesPrism,0.788367220321981
HCA_fold2,gene,BayesPrism,0.62241405719776
HCA_fold2,gene,BayesPrism,0.763481030918531
HCA_fold2,gene,BayesPrism,0.852387919889382
HCA_fold2,gene,BayesPrism,0.479913344369587
HCA_fold2,gene,BayesPrism,0.52012979756997
HCA_fold2,gene,BayesPrism,0.69160538508333
HCA_fold2,gene,BayesPrism,0.805242725078849
HCA_fold2,gene,BayesPrism,0.58798073688778
HCA_fold2,gene,BayesPrism,0.405271344531836
HCA_fold2,gene,BayesPrism,0.89435642088017
HCA_fold2,gene,BayesPrism,0.690680449844031
HCA_fold2,gene,BayesPrism,0.839942351766682
HCA_fold2,gene,BayesPrism,0.719363562620362
HCA_fold2,gene,BayesPrism,0.794280507789906
HCA_fold2,gene,BayesPrism,0.623144766759473
HCA_fold2,gene,BayesPrism,0.782903204801463
HCA_fold2,gene,BayesPrism,0.665207882884789
HCA_fold2,gene,BayesPrism,0.873887416870075
HCA_fold2,gene,BayesPrism,0.638609296157751
HCA_fold2,gene,BayesPrism,0.816352255111704
HCA_fold2,gene,BayesPrism,0.941431311355832
HCA_fold2,gene,BayesPrism,0.433783201643029
HCA_fold2,gene,CIBERSORTx,0.553539769916074
HCA_fold2,gene,CIBERSORTx,0.766317772402417
HCA_fold2,gene,CIBERSORTx,0.603140822730207
HCA_fold2,gene,CIBERSORTx,0.666428981410555
HCA_fold2,gene,CIBERSORTx,0.445237437657754
HCA_fold2,gene,CIBERSORTx,0.819764961045461
HCA_fold2,gene,CIBERSORTx,0.865554505220438
HCA_fold2,gene,CIBERSORTx,0.498412398007001
HCA_fold2,gene,CIBERSORTx,0.61888440172952
HCA_fold2,gene,CIBERSORTx,0.446511968497329
HCA_fold2,gene,CIBERSORTx,0.595978788750565
HCA_fold2,gene,CIBERSORTx,0.53659087693465
HCA_fold2,gene,CIBERSORTx,0.609288107023676
HCA_fold2,gene,CIBERSORTx,0.73807850147049
HCA_fold2,gene,CIBERSORTx,0.763052655332696
HCA_fold2,gene,CIBERSORTx,0.720690404534871
HCA_fold2,gene,CIBERSORTx,0.326608974715312
HCA_fold2,gene,CIBERSORTx,0.758129239943569
HCA_fold2,gene,CIBERSORTx,0.689405142727602
HCA_fold2,gene,CIBERSORTx,0.762918819824747
HCA_fold2,gene,CIBERSORTx,0.836448367864053
HCA_fold2,gene,CIBERSORTx,0.536254957646035
HCA_fold2,gene,CIBERSORTx,0.617960927858034
HCA_fold2,gene,CIBERSORTx,0.559147719926886
HCA_fold2,gene,CIBERSORTx,0.693644913136939
HCA_fold2,gene,CIBERSORTx,0.570958959109764
HCA_fold2,gene,CIBERSORTx,0.584975817083605
HCA_fold2,gene,CIBERSORTx,0.588725329378732
HCA_fold2,gene,CIBERSORTx,0.744437195017752
HCA_fold2,gene,CIBERSORTx,0.4483827461516
HCA_fold2,gene,CIBERSORTx,0.547731077620999
HCA_fold2,gene,CIBERSORTx,0.526873622237859
HCA_fold2,gene,CIBERSORTx,0.716308401887056
HCA_fold2,gene,CIBERSORTx,0.751272525846018
HCA_fold2,gene,CIBERSORTx,0.577378761196342
HCA_fold2,gene,CIBERSORTx,0.628779374867176
HCA_fold2,gene,CIBERSORTx,0.567891205189982
HCA_fold2,gene,CIBERSORTx,0.381893289725001
HCA_fold2,gene,CIBERSORTx,0.656310475923333
HCA_fold2,gene,CIBERSORTx,0.396949920284393
HCA_fold2,gene,CIBERSORTx,0.43613418506739
HCA_fold2,gene,CIBERSORTx,0.635143343955015
HCA_fold2,gene,CIBERSORTx,0.847220077998155
HCA_fold2,gene,CIBERSORTx,0.422891007979874
HCA_fold2,gene,CIBERSORTx,0.484257175316178
HCA_fold2,gene,CIBERSORTx,0.74504705449901
HCA_fold2,gene,CIBERSORTx,0.778302276389475
HCA_fold2,gene,CIBERSORTx,0.46236253216713
HCA_fold2,gene,CIBERSORTx,0.380408388856719
HCA_fold2,gene,CIBERSORTx,0.723959777243222
HCA_fold2,gene,CIBERSORTx,0.733147444364585
HCA_fold2,gene,CIBERSORTx,0.770295920849303
HCA_fold2,gene,CIBERSORTx,0.458569810328827
HCA_fold2,gene,CIBERSORTx,0.0193662322114226
HCA_fold2,gene,CIBERSORTx,0.449224549612901
HCA_fold2,gene,CIBERSORTx,0.484961619629123
HCA_fold2,gene,CIBERSORTx,0.338837489473722
HCA_fold2,gene,CIBERSORTx,0.645727940797687
HCA_fold2,gene,CIBERSORTx,0.470701590712741
HCA_fold2,gene,CIBERSORTx,0.34631296400252
HCA_fold2,gene,CIBERSORTx,0.334448753291232
HCA_fold2,gene,CIBERSORTx,0.724301974707001
HCA_fold2,gene,CIBERSORTx,0.81109743443531
HCA_fold2,gene,CIBERSORTx,0.413145969780593
HCA_fold2,gene,CIBERSORTx,0.917195437598549
HCA_fold2,gene,CIBERSORTx,0.70934467599944
HCA_fold2,gene,CIBERSORTx,0.631858521238411
HCA_fold2,gene,CIBERSORTx,0.760694513701124
HCA_fold2,gene,CIBERSORTx,0.610465457003316
HCA_fold2,gene,CIBERSORTx,0.656149624563007
HCA_fold2,gene,CIBERSORTx,0.707011475789212
HCA_fold2,gene,CIBERSORTx,0.659295825429608
HCA_fold2,gene,CIBERSORTx,0.670209867291945
HCA_fold2,gene,CIBERSORTx,0.812962178288897
HCA_fold2,gene,CIBERSORTx,0.519296912221352
HCA_fold2,gene,CIBERSORTx,0.682493208540702
HCA_fold2,gene,CIBERSORTx,0.391885621712293
HCA_fold2,gene,CIBERSORTx,0.562069637477156
HCA_fold2,gene,CIBERSORTx,0.710033279223203
HCA_fold2,gene,CIBERSORTx,0.582055015622405
HCA_fold2,gene,CIBERSORTx,0.477748946979967
HCA_fold2,gene,CIBERSORTx,0.634097483702246
HCA_fold2,gene,CIBERSORTx,0.599943037818071
HCA_fold2,gene,CIBERSORTx,0.827959332182431
HCA_fold2,gene,CIBERSORTx,0.70605125345113
HCA_fold2,gene,CIBERSORTx,0.299190228145631
HCA_fold2,gene,CIBERSORTx,0.484677960269923
HCA_fold2,gene,CIBERSORTx,0.546977649947869
HCA_fold2,gene,CIBERSORTx,0.677763927272399
HCA_fold2,gene,CIBERSORTx,0.628568735983869
HCA_fold2,gene,CIBERSORTx,0.368450348184572
HCA_fold2,gene,CIBERSORTx,0.699894878210456
HCA_fold2,gene,CIBERSORTx,0.815576189995063
HCA_fold2,gene,CIBERSORTx,0.882547247436349
HCA_fold2,gene,CIBERSORTx,0.419906355846808
HCA_fold2,gene,CIBERSORTx,0.752010261231908
HCA_fold2,gene,CIBERSORTx,0.665056165901245
HCA_fold2,gene,CIBERSORTx,0.557282159289586
HCA_fold2,gene,CIBERSORTx,0.30477967874974
HCA_fold2,gene,CIBERSORTx,0.816577033477142
HCA_fold2,gene,CIBERSORTx,0.610709029132994
HCA_fold2,gene,CIBERSORTx,0.87956193409403
HCA_fold2,gene,CIBERSORTx,0.65044906298551
HCA_fold2,gene,CIBERSORTx,0.684170436293698
HCA_fold2,gene,CIBERSORTx,0.614689035797537
HCA_fold2,gene,CIBERSORTx,0.568999818947004
HCA_fold2,gene,CIBERSORTx,0.857868732946022
HCA_fold2,gene,CIBERSORTx,0.382508741862887
HCA_fold2,gene,CIBERSORTx,0.40765531436945
HCA_fold2,gene,CIBERSORTx,0.579271675758479
HCA_fold2,gene,CIBERSORTx,0.52894997125477
HCA_fold2,gene,CIBERSORTx,0.638209026309131
HCA_fold2,gene,CIBERSORTx,0.582656494422545
HCA_fold2,gene,CIBERSORTx,0.963609594458661
HCA_fold2,gene,CIBERSORTx,0.761225870662255
HCA_fold2,gene,CIBERSORTx,0.885338440763812
HCA_fold2,gene,CIBERSORTx,0.703057600821912
HCA_fold2,gene,CIBERSORTx,0.77892635072131
HCA_fold2,gene,CIBERSORTx,0.322956695917436
HCA_fold2,gene,CIBERSORTx,0.410102764186338
HCA_fold2,gene,CIBERSORTx,0.755669254119887
HCA_fold2,gene,CIBERSORTx,0.729071755989165
HCA_fold2,gene,CIBERSORTx,0.746132674057391
HCA_fold2,gene,CIBERSORTx,0.519857955856511
HCA_fold2,gene,CIBERSORTx,0.782963319094602
HCA_fold2,gene,CIBERSORTx,0.511421838181117
HCA_fold2,gene,CIBERSORTx,0.708415484990624
HCA_fold2,gene,CIBERSORTx,0.392094168333153
HCA_fold2,gene,CIBERSORTx,0.719873917947766
HCA_fold2,gene,CIBERSORTx,0.662283333258538
HCA_fold2,gene,CIBERSORTx,0.716402309942991
HCA_fold2,gene,CIBERSORTx,0.488294141919415
HCA_fold2,gene,CIBERSORTx,0.229185542581849
HCA_fold2,gene,CIBERSORTx,0.598168810214093
HCA_fold2,gene,CIBERSORTx,0.706790498621673
HCA_fold2,gene,CIBERSORTx,0.327230298033937
HCA_fold2,gene,CIBERSORTx,0.542710219928535
HCA_fold2,gene,CIBERSORTx,0.470543956416304
HCA_fold2,gene,CIBERSORTx,0.489589056803706
HCA_fold2,gene,CIBERSORTx,0.81870213019371
HCA_fold2,gene,CIBERSORTx,0.678650135947753
HCA_fold2,gene,CIBERSORTx,0.426823260942912
HCA_fold2,gene,CIBERSORTx,0.684848324672124
HCA_fold2,gene,CIBERSORTx,0.402223696311694
HCA_fold2,gene,CIBERSORTx,0.49353352204231
HCA_fold2,gene,CIBERSORTx,0.265695702860094
HCA_fold2,gene,CIBERSORTx,0.737955492944445
HCA_fold2,gene,CIBERSORTx,0.692005669687376
HCA_fold2,gene,CIBERSORTx,0.643296430439807
HCA_fold2,gene,CIBERSORTx,0.771310334524775
HCA_fold2,gene,CIBERSORTx,0.534886189022867
HCA_fold2,gene,CIBERSORTx,0.669451821865844
HCA_fold2,gene,CIBERSORTx,0.759464223100189
HCA_fold2,gene,CIBERSORTx,0.686778900777
HCA_fold2,gene,CIBERSORTx,0.4778851594434
HCA_fold2,gene,CIBERSORTx,0.367167951324313
HCA_fold2,gene,CIBERSORTx,0.649116756957442
HCA_fold2,gene,CIBERSORTx,0.587737144676021
HCA_fold2,gene,CIBERSORTx,0.615023191627035
HCA_fold2,gene,CIBERSORTx,0.476831334960041
HCA_fold2,gene,CIBERSORTx,0.627204501645653
HCA_fold2,gene,CIBERSORTx,0.439645568477955
HCA_fold2,gene,CIBERSORTx,0.519477986369015
HCA_fold2,gene,CIBERSORTx,0.476649453134526
HCA_fold2,gene,CIBERSORTx,0.719021210073314
HCA_fold2,gene,CIBERSORTx,0.787273535125831
HCA_fold2,gene,CIBERSORTx,0.269713701790832
HCA_fold2,gene,CIBERSORTx,0.670577919609598
HCA_fold2,gene,CIBERSORTx,0.644601017907858
HCA_fold2,gene,CIBERSORTx,0.635832125646289
HCA_fold2,gene,CIBERSORTx,0.440077914748073
HCA_fold2,gene,CIBERSORTx,0.724561300411539
HCA_fold2,gene,CIBERSORTx,0.452497043672265
HCA_fold2,gene,CIBERSORTx,0.587197736819311
HCA_fold2,gene,CIBERSORTx,0.501886327013386
HCA_fold2,gene,CIBERSORTx,0.41773396663205
HCA_fold2,gene,CIBERSORTx,0.547306880501932
HCA_fold2,gene,CIBERSORTx,0.527466002548471
HCA_fold2,gene,CIBERSORTx,0.716580816459944
HCA_fold2,gene,CIBERSORTx,0.626058094344202
HCA_fold2,gene,CIBERSORTx,0.816574526645799
HCA_fold2,gene,CIBERSORTx,0.556835613910045
HCA_fold2,gene,CIBERSORTx,0.740405099498298
HCA_fold2,gene,CIBERSORTx,0.778849849865465
HCA_fold2,gene,CIBERSORTx,0.870574785058834
HCA_fold2,gene,CIBERSORTx,0.347735863878836
HCA_fold2,gene,CIBERSORTx,0.504332443620912
HCA_fold2,gene,CIBERSORTx,0.759839582235758
HCA_fold2,gene,CIBERSORTx,0.561112143928389
HCA_fold2,gene,CIBERSORTx,0.6882241734164
HCA_fold2,gene,CIBERSORTx,0.561733467461487
HCA_fold2,gene,CIBERSORTx,0.621026777758418
HCA_fold2,gene,CIBERSORTx,0.594816054136743
HCA_fold2,gene,CIBERSORTx,0.199876031923192
HCA_fold2,gene,CIBERSORTx,0.779771711343364
HCA_fold2,gene,CIBERSORTx,0.620297259958961
HCA_fold2,gene,CIBERSORTx,0.686285893628361
HCA_fold2,gene,CIBERSORTx,0.655631402151711
HCA_fold2,gene,CIBERSORTx,0.720203815294677
HCA_fold2,gene,CIBERSORTx,0.731046695026035
HCA_fold2,gene,CIBERSORTx,0.725462591416954
HCA_fold2,gene,CIBERSORTx,0.586000936283959
HCA_fold2,gene,CIBERSORTx,-0.113739156807263
HCA_fold2,gene,CIBERSORTx,0.747058121059631
HCA_fold2,gene,CIBERSORTx,0.706182832207794
HCA_fold2,gene,CIBERSORTx,0.835648834789465
HCA_fold2,gene,CIBERSORTx,0.80821198238243
HCA_fold2,gene,CIBERSORTx,0.809147747277639
HCA_fold2,gene,CIBERSORTx,0.52553466436537
HCA_fold2,gene,CIBERSORTx,0.519338686327851
HCA_fold2,gene,CIBERSORTx,0.720658542902104
HCA_fold2,gene,CIBERSORTx,0.418764321036771
HCA_fold2,gene,CIBERSORTx,0.697912200934615
HCA_fold2,gene,CIBERSORTx,0.74776680979566
HCA_fold2,gene,CIBERSORTx,0.57231753263267
HCA_fold2,gene,CIBERSORTx,0.768640195194287
HCA_fold2,gene,CIBERSORTx,0.548048140213409
HCA_fold2,gene,CIBERSORTx,0.507816256426093
HCA_fold2,gene,CIBERSORTx,0.671534480523026
HCA_fold2,gene,CIBERSORTx,0.68937333653476
HCA_fold2,gene,CIBERSORTx,0.427558341588777
HCA_fold2,gene,CIBERSORTx,0.728225643567924
HCA_fold2,gene,CIBERSORTx,0.874248026793044
HCA_fold2,gene,CIBERSORTx,0.456689788688713
HCA_fold2,gene,CIBERSORTx,0.672725331688604
HCA_fold2,gene,CIBERSORTx,0.717795523077872
HCA_fold2,gene,CIBERSORTx,0.908161463036516
HCA_fold2,gene,CIBERSORTx,0.816913093612296
HCA_fold2,gene,CIBERSORTx,0.320854722409146
HCA_fold2,gene,CIBERSORTx,0.378431341552131
HCA_fold2,gene,CIBERSORTx,0.661576078451284
HCA_fold2,gene,CIBERSORTx,0.77359319714551
HCA_fold2,gene,CIBERSORTx,0.721867945684127
HCA_fold2,gene,CIBERSORTx,0.652521562588682
HCA_fold2,gene,CIBERSORTx,0.533263860188842
HCA_fold2,gene,CIBERSORTx,0.506882925158266
HCA_fold2,gene,CIBERSORTx,0.593132036803793
HCA_fold2,gene,CIBERSORTx,0.376445670173295
HCA_fold2,gene,CIBERSORTx,0.293603535496945
HCA_fold2,gene,CIBERSORTx,0.856534381189393
HCA_fold2,gene,CIBERSORTx,0.469054012564216
HCA_fold2,gene,CIBERSORTx,0.690759861481169
HCA_fold2,gene,CIBERSORTx,0.641783927732189
HCA_fold2,gene,CIBERSORTx,0.694729312158438
HCA_fold2,gene,CIBERSORTx,0.814752814966366
HCA_fold2,gene,CIBERSORTx,0.717856583505706
HCA_fold2,gene,CIBERSORTx,0.628236138202438
HCA_fold2,gene,CIBERSORTx,0.440288124262058
HCA_fold2,gene,CIBERSORTx,0.612067658011694
HCA_fold2,gene,CIBERSORTx,0.627344068165808
HCA_fold2,gene,CIBERSORTx,0.709098942184009
HCA_fold2,gene,CIBERSORTx,0.563820006102212
HCA_fold2,gene,CIBERSORTx,0.852955887762869
HCA_fold2,gene,CIBERSORTx,0.45619719670759
HCA_fold2,gene,CIBERSORTx,0.407209801782432
HCA_fold2,gene,CIBERSORTx,0.904095768709702
HCA_fold2,gene,CIBERSORTx,0.733895049049288
HCA_fold2,gene,CIBERSORTx,0.910186461102317
HCA_fold2,gene,CIBERSORTx,0.75526343566714
HCA_fold2,gene,CIBERSORTx,0.429351356088169
HCA_fold2,gene,CIBERSORTx,0.878443596235108
HCA_fold2,gene,CIBERSORTx,0.474187010566145
HCA_fold2,gene,CIBERSORTx,0.647324161621063
HCA_fold2,gene,CIBERSORTx,0.62258045737693
HCA_fold2,gene,CIBERSORTx,0.827644311689429
HCA_fold2,gene,CIBERSORTx,0.096609048293019
HCA_fold2,gene,CIBERSORTx,0.86949652637254
HCA_fold2,gene,CIBERSORTx,0.798384593073172
HCA_fold2,gene,CIBERSORTx,0.533567276929241
HCA_fold2,gene,CIBERSORTx,0.834330255492285
HCA_fold2,gene,CIBERSORTx,0.865978636968762
HCA_fold2,gene,CIBERSORTx,0.766742338124542
HCA_fold2,gene,CIBERSORTx,0.486678089819229
HCA_fold2,gene,CIBERSORTx,0.825137817793993
HCA_fold2,gene,CIBERSORTx,0.867885750105242
HCA_fold2,gene,CIBERSORTx,0.683593077754184
HCA_fold2,gene,CIBERSORTx,0.714698217454659
HCA_fold2,gene,CIBERSORTx,0.535683402177172
HCA_fold2,gene,CIBERSORTx,0.835071845014751
HCA_fold2,gene,CIBERSORTx,0.66834602135533
HCA_fold2,gene,CIBERSORTx,0.628343712095942
HCA_fold2,gene,CIBERSORTx,0.536824580192766
HCA_fold2,gene,CIBERSORTx,0.694869157295246
HCA_fold2,gene,CIBERSORTx,0.825057911230705
HCA_fold2,gene,CIBERSORTx,0.818130200480391
HCA_fold2,gene,CIBERSORTx,0.727714125914851
HCA_fold2,gene,CIBERSORTx,0.532760278104299
HCA_fold2,gene,CIBERSORTx,0.707738876636225
HCA_fold2,gene,CIBERSORTx,0.857529648526797
HCA_fold2,gene,CIBERSORTx,0.625256185253403
HCA_fold2,gene,CIBERSORTx,0.370683224370824
HCA_fold2,gene,CIBERSORTx,0.729918400639321
HCA_fold2,gene,CIBERSORTx,0.718618765262481
HCA_fold2,gene,CIBERSORTx,0.443369133648192
HCA_fold2,gene,CIBERSORTx,0.522019044045497
HCA_fold2,gene,CIBERSORTx,0.321282524721939
HCA_fold2,gene,CIBERSORTx,0.84192757790518
HCA_fold2,gene,CIBERSORTx,0.479635320624261
HCA_fold2,gene,CIBERSORTx,0.901399171619068
HCA_fold2,gene,CIBERSORTx,0.79449221145583
HCA_fold2,gene,CIBERSORTx,0.592865751344273
HCA_fold2,gene,CIBERSORTx,0.697558366615411
HCA_fold2,gene,CIBERSORTx,0.4069143304356
HCA_fold2,gene,CIBERSORTx,0.497429286495161
HCA_fold2,gene,CIBERSORTx,0.451291051159323
HCA_fold2,gene,CIBERSORTx,0.653637711755941
HCA_fold2,gene,CIBERSORTx,0.711282572230071
HCA_fold2,gene,CIBERSORTx,0.763776554424529
HCA_fold2,gene,CIBERSORTx,0.603127879860193
HCA_fold2,gene,CIBERSORTx,0.711014981706993
HCA_fold2,gene,CIBERSORTx,0.759051454943741
HCA_fold2,gene,CIBERSORTx,0.433783279079226
HCA_fold2,gene,CIBERSORTx,0.644919625416778
HCA_fold2,gene,CIBERSORTx,0.706894603840608
HCA_fold2,gene,CIBERSORTx,0.482490539852369
HCA_fold2,gene,CIBERSORTx,0.532414812853589
HCA_fold2,gene,CIBERSORTx,0.599523455476038
HCA_fold2,gene,CIBERSORTx,0.753753376903706
HCA_fold2,gene,CIBERSORTx,0.369451234830411
HCA_fold2,gene,CIBERSORTx,0.896520841874127
HCA_fold2,gene,CIBERSORTx,0.812111335289417
HCA_fold2,gene,CIBERSORTx,0.447254012381726
HCA_fold2,gene,CIBERSORTx,0.67671807507715
HCA_fold2,gene,CIBERSORTx,0.432369520068599
HCA_fold2,gene,CIBERSORTx,0.81715568638761
HCA_fold2,gene,CIBERSORTx,0.498539404314159
HCA_fold2,gene,CIBERSORTx,0.873431965107211
HCA_fold2,gene,CIBERSORTx,0.033817429956893
HCA_fold2,gene,CIBERSORTx,0.767089160224363
HCA_fold2,gene,CIBERSORTx,0.264330299220382
HCA_fold2,gene,DISSECT,0.586384272652075
HCA_fold2,gene,DISSECT,0.514011525345708
HCA_fold2,gene,DISSECT,0.101603551973757
HCA_fold2,gene,DISSECT,0.463130083649157
HCA_fold2,gene,DISSECT,0.471213463218921
HCA_fold2,gene,DISSECT,0.454238626357689
HCA_fold2,gene,DISSECT,0.707419988198441
HCA_fold2,gene,DISSECT,0.581499699040865
HCA_fold2,gene,DISSECT,0.621961776524126
HCA_fold2,gene,DISSECT,0.463596949193995
HCA_fold2,gene,DISSECT,0.636537603001925
HCA_fold2,gene,DISSECT,0.395692664268857
HCA_fold2,gene,DISSECT,0.529189147369002
HCA_fold2,gene,DISSECT,0.438847485497771
HCA_fold2,gene,DISSECT,0.608791286371843
HCA_fold2,gene,DISSECT,0.57156756930846
HCA_fold2,gene,DISSECT,0.523128435972729
HCA_fold2,gene,DISSECT,0.569970663299141
HCA_fold2,gene,DISSECT,0.354780092697944
HCA_fold2,gene,DISSECT,0.637400141715261
HCA_fold2,gene,DISSECT,0.442520481263386
HCA_fold2,gene,DISSECT,0.40814421038918
HCA_fold2,gene,DISSECT,0.664014512279651
HCA_fold2,gene,DISSECT,0.335799373666934
HCA_fold2,gene,DISSECT,0.545384795620176
HCA_fold2,gene,DISSECT,0.464072401557905
HCA_fold2,gene,DISSECT,0.598214562002573
HCA_fold2,gene,DISSECT,0.226463762319344
HCA_fold2,gene,DISSECT,0.707236733384915
HCA_fold2,gene,DISSECT,0.504347765405684
HCA_fold2,gene,DISSECT,0.39869838759835
HCA_fold2,gene,DISSECT,0.404980390621471
HCA_fold2,gene,DISSECT,0.189657376482757
HCA_fold2,gene,DISSECT,0.640441033736552
HCA_fold2,gene,DISSECT,0.560236756034073
HCA_fold2,gene,DISSECT,0.26023392665515
HCA_fold2,gene,DISSECT,0.452150141793364
HCA_fold2,gene,DISSECT,0.664509317069375
HCA_fold2,gene,DISSECT,0.459955881488481
HCA_fold2,gene,DISSECT,0.628291079074639
HCA_fold2,gene,DISSECT,0.237732396236344
HCA_fold2,gene,DISSECT,0.211647010496241
HCA_fold2,gene,DISSECT,0.233845309396538
HCA_fold2,gene,DISSECT,0.540715332532404
HCA_fold2,gene,DISSECT,0.540659027720954
HCA_fold2,gene,DISSECT,0.37166238726081
HCA_fold2,gene,DISSECT,0.315728092872259
HCA_fold2,gene,DISSECT,0.351982849306095
HCA_fold2,gene,DISSECT,0.605813124739356
HCA_fold2,gene,DISSECT,0.528735013617775
HCA_fold2,gene,DISSECT,0.554525602464723
HCA_fold2,gene,DISSECT,0.38664644734492
HCA_fold2,gene,DISSECT,0.535328157927396
HCA_fold2,gene,DISSECT,0.435411743572105
HCA_fold2,gene,DISSECT,0.449085130964794
HCA_fold2,gene,DISSECT,0.412642326035157
HCA_fold2,gene,DISSECT,0.635421174821038
HCA_fold2,gene,DISSECT,0.318524842083592
HCA_fold2,gene,DISSECT,0.457592538540406
HCA_fold2,gene,DISSECT,0.462062156228553
HCA_fold2,gene,DISSECT,0.595458550068041
HCA_fold2,gene,DISSECT,0.600481213457375
HCA_fold2,gene,DISSECT,0.496914775156799
HCA_fold2,gene,DISSECT,0.585436671859208
HCA_fold2,gene,DISSECT,0.385623140949184
HCA_fold2,gene,DISSECT,0.361194888663756
HCA_fold2,gene,DISSECT,0.6604038247112
HCA_fold2,gene,DISSECT,0.162239657525428
HCA_fold2,gene,DISSECT,0.626387678776441
HCA_fold2,gene,DISSECT,0.27473502233572
HCA_fold2,gene,DISSECT,0.437681856686553
HCA_fold2,gene,DISSECT,0.416187984894274
HCA_fold2,gene,DISSECT,0.265435698757927
HCA_fold2,gene,DISSECT,0.158663630841926
HCA_fold2,gene,DISSECT,0.628236042238885
HCA_fold2,gene,DISSECT,0.589296436483878
HCA_fold2,gene,DISSECT,0.116079328731196
HCA_fold2,gene,DISSECT,0.139426265001469
HCA_fold2,gene,DISSECT,0.54014394237018
HCA_fold2,gene,DISSECT,0.665998339442074
HCA_fold2,gene,DISSECT,0.0858899898420619
HCA_fold2,gene,DISSECT,0.445980360280403
HCA_fold2,gene,DISSECT,0.354106695536473
HCA_fold2,gene,DISSECT,0.460363525434997
HCA_fold2,gene,DISSECT,0.416506559798218
HCA_fold2,gene,DISSECT,0.409688688894425
HCA_fold2,gene,DISSECT,0.416122995511855
HCA_fold2,gene,DISSECT,0.438191373128688
HCA_fold2,gene,DISSECT,0.303660163022674
HCA_fold2,gene,DISSECT,0.563469811337575
HCA_fold2,gene,DISSECT,0.62965774520551
HCA_fold2,gene,DISSECT,0.502390165732727
HCA_fold2,gene,DISSECT,0.633074586100841
HCA_fold2,gene,DISSECT,0.49339945739527
HCA_fold2,gene,DISSECT,0.559523759097264
HCA_fold2,gene,DISSECT,0.15072258508419
HCA_fold2,gene,DISSECT,0.640648059441929
HCA_fold2,gene,DISSECT,0.152528753612579
HCA_fold2,gene,DISSECT,0.366628919164698
HCA_fold2,gene,DISSECT,0.545669743977489
HCA_fold2,gene,DISSECT,0.7002207081567
HCA_fold2,gene,DISSECT,0.552792531744157
HCA_fold2,gene,DISSECT,0.200554490082291
HCA_fold2,gene,DISSECT,0.637320319336998
HCA_fold2,gene,DISSECT,0.507937750418039
HCA_fold2,gene,DISSECT,0.534813138456071
HCA_fold2,gene,DISSECT,0.527382426091154
HCA_fold2,gene,DISSECT,0.660770798937876
HCA_fold2,gene,DISSECT,0.346807681557019
HCA_fold2,gene,DISSECT,0.386872847863463
HCA_fold2,gene,DISSECT,0.473077556528645
HCA_fold2,gene,DISSECT,0.460584325169504
HCA_fold2,gene,DISSECT,0.394558098127675
HCA_fold2,gene,DISSECT,0.258182973324576
HCA_fold2,gene,DISSECT,0.142578045045916
HCA_fold2,gene,DISSECT,0.45941642788503
HCA_fold2,gene,DISSECT,0.481517219439651
HCA_fold2,gene,DISSECT,0.408103499833211
HCA_fold2,gene,DISSECT,0.391716365418869
HCA_fold2,gene,DISSECT,0.277035815925889
HCA_fold2,gene,DISSECT,0.445546245832959
HCA_fold2,gene,DISSECT,0.288399956255321
HCA_fold2,gene,DISSECT,0.405044556528883
HCA_fold2,gene,DISSECT,0.503094354894401
HCA_fold2,gene,DISSECT,0.438500399094132
HCA_fold2,gene,DISSECT,0.386629645838335
HCA_fold2,gene,DISSECT,0.110719957492166
HCA_fold2,gene,DISSECT,0.119406068041556
HCA_fold2,gene,DISSECT,0.530113233842492
HCA_fold2,gene,DISSECT,0.446072849402624
HCA_fold2,gene,DISSECT,0.603913740303889
HCA_fold2,gene,DISSECT,0.215064352608499
HCA_fold2,gene,DISSECT,0.65225019924482
HCA_fold2,gene,DISSECT,0.662105687511916
HCA_fold2,gene,DISSECT,0.370457962159008
HCA_fold2,gene,DISSECT,0.649576445710824
HCA_fold2,gene,DISSECT,0.20616725587096
HCA_fold2,gene,DISSECT,0.259163155033935
HCA_fold2,gene,DISSECT,0.54011317920398
HCA_fold2,gene,DISSECT,0.461359187267404
HCA_fold2,gene,DISSECT,0.413679497568259
HCA_fold2,gene,DISSECT,0.341109299499472
HCA_fold2,gene,DISSECT,0.576867225864741
HCA_fold2,gene,DISSECT,0.462734619361942
HCA_fold2,gene,DISSECT,0.588989659674906
HCA_fold2,gene,DISSECT,0.635739948083678
HCA_fold2,gene,DISSECT,0.608699574009933
HCA_fold2,gene,DISSECT,0.439594523466791
HCA_fold2,gene,DISSECT,0.101749848915904
HCA_fold2,gene,DISSECT,0.596309931311112
HCA_fold2,gene,DISSECT,0.415440352760845
HCA_fold2,gene,DISSECT,0.50912383638456
HCA_fold2,gene,DISSECT,0.648355250576321
HCA_fold2,gene,DISSECT,0.455543402540184
HCA_fold2,gene,DISSECT,0.413026592277688
HCA_fold2,gene,DISSECT,0.392141382869825
HCA_fold2,gene,DISSECT,0.368535692690303
HCA_fold2,gene,DISSECT,0.474949642937271
HCA_fold2,gene,DISSECT,0.576165758986768
HCA_fold2,gene,DISSECT,0.481048788281017
HCA_fold2,gene,DISSECT,0.626330318741583
HCA_fold2,gene,DISSECT,0.790354907754381
HCA_fold2,gene,DISSECT,-0.0121048371423172
HCA_fold2,gene,DISSECT,0.397229984327701
HCA_fold2,gene,DISSECT,0.580217075024637
HCA_fold2,gene,DISSECT,0.416508687263157
HCA_fold2,gene,DISSECT,0.399851656721451
HCA_fold2,gene,DISSECT,0.440440248328401
HCA_fold2,gene,DISSECT,0.437756147495658
HCA_fold2,gene,DISSECT,0.601322846599481
HCA_fold2,gene,DISSECT,0.519643377754302
HCA_fold2,gene,DISSECT,0.539322393594889
HCA_fold2,gene,DISSECT,0.195519293458949
HCA_fold2,gene,DISSECT,0.529900919086861
HCA_fold2,gene,DISSECT,0.60161204084976
HCA_fold2,gene,DISSECT,0.350226745963764
HCA_fold2,gene,DISSECT,0.548690556354126
HCA_fold2,gene,DISSECT,0.293292743206424
HCA_fold2,gene,DISSECT,0.501012203370676
HCA_fold2,gene,DISSECT,0.121017174178593
HCA_fold2,gene,DISSECT,0.678993468302861
HCA_fold2,gene,DISSECT,0.413679789254586
HCA_fold2,gene,DISSECT,0.436185720686263
HCA_fold2,gene,DISSECT,0.287272737511057
HCA_fold2,gene,DISSECT,0.62211419880861
HCA_fold2,gene,DISSECT,0.45532425522945
HCA_fold2,gene,DISSECT,0.321805811787506
HCA_fold2,gene,DISSECT,0.443629119603536
HCA_fold2,gene,DISSECT,0.481781918609691
HCA_fold2,gene,DISSECT,0.344648850525343
HCA_fold2,gene,DISSECT,0.515449295627236
HCA_fold2,gene,DISSECT,0.661476986781871
HCA_fold2,gene,DISSECT,0.173971482837229
HCA_fold2,gene,DISSECT,0.463646453714434
HCA_fold2,gene,DISSECT,0.540584841340915
HCA_fold2,gene,DISSECT,0.467177083517043
HCA_fold2,gene,DISSECT,0.273105021946535
HCA_fold2,gene,DISSECT,0.271710697582283
HCA_fold2,gene,DISSECT,0.539996945767891
HCA_fold2,gene,DISSECT,0.358919217009055
HCA_fold2,gene,DISSECT,0.678250620893679
HCA_fold2,gene,DISSECT,0.39751752870897
HCA_fold2,gene,DISSECT,0.661753406602104
HCA_fold2,gene,DISSECT,0.57005708484502
HCA_fold2,gene,DISSECT,0.566245308178949
HCA_fold2,gene,DISSECT,0.493012595649977
HCA_fold2,gene,DISSECT,0.600715268945417
HCA_fold2,gene,DISSECT,0.574851626317658
HCA_fold2,gene,DISSECT,0.416971878023652
HCA_fold2,gene,DISSECT,0.552544808242604
HCA_fold2,gene,DISSECT,0.486766188237714
HCA_fold2,gene,DISSECT,0.603616257438429
HCA_fold2,gene,DISSECT,0.21264524466636
HCA_fold2,gene,DISSECT,0.601651906642608
HCA_fold2,gene,DISSECT,0.348428713945326
HCA_fold2,gene,DISSECT,0.275515910283663
HCA_fold2,gene,DISSECT,0.656253162337822
HCA_fold2,gene,DISSECT,0.347692754542404
HCA_fold2,gene,DISSECT,0.313652186267211
HCA_fold2,gene,DISSECT,0.60205433744162
HCA_fold2,gene,DISSECT,0.261890858911998
HCA_fold2,gene,DISSECT,0.2329581470293
HCA_fold2,gene,DISSECT,0.351411843297553
HCA_fold2,gene,DISSECT,0.744589541572293
HCA_fold2,gene,DISSECT,0.219190274426033
HCA_fold2,gene,DISSECT,0.533265179038981
HCA_fold2,gene,DISSECT,0.323013780197454
HCA_fold2,gene,DISSECT,0.476168492378066
HCA_fold2,gene,DISSECT,0.169686680944388
HCA_fold2,gene,DISSECT,0.503442683130771
HCA_fold2,gene,DISSECT,0.623421596812
HCA_fold2,gene,DISSECT,0.53174842436123
HCA_fold2,gene,DISSECT,0.370165234604584
HCA_fold2,gene,DISSECT,0.368079575973055
HCA_fold2,gene,DISSECT,0.319311649910836
HCA_fold2,gene,DISSECT,0.623582135818857
HCA_fold2,gene,DISSECT,0.322773060714485
HCA_fold2,gene,DISSECT,0.607293904341646
HCA_fold2,gene,DISSECT,0.56474758992348
HCA_fold2,gene,DISSECT,0.623830021792678
HCA_fold2,gene,DISSECT,0.364545214416489
HCA_fold2,gene,DISSECT,0.415911678822006
HCA_fold2,gene,DISSECT,0.560377738535045
HCA_fold2,gene,DISSECT,0.36437269611317
HCA_fold2,gene,DISSECT,0.675132343263253
HCA_fold2,gene,DISSECT,0.635043574929413
HCA_fold2,gene,DISSECT,0.522964524538245
HCA_fold2,gene,DISSECT,0.229859859871162
HCA_fold2,gene,DISSECT,0.533938790593166
HCA_fold2,gene,DISSECT,0.43796891312504
HCA_fold2,gene,DISSECT,0.387054364944388
HCA_fold2,gene,DISSECT,0.521788467191278
HCA_fold2,gene,DISSECT,0.271425625300147
HCA_fold2,gene,DISSECT,0.519729414062403
HCA_fold2,gene,DISSECT,0.58257572120417
HCA_fold2,gene,DISSECT,0.56841255451878
HCA_fold2,gene,DISSECT,0.573191119793411
HCA_fold2,gene,DISSECT,0.373376389412277
HCA_fold2,gene,DISSECT,0.482872146937875
HCA_fold2,gene,DISSECT,0.32050544464966
HCA_fold2,gene,DISSECT,0.467335344019718
HCA_fold2,gene,DISSECT,0.510040438940327
HCA_fold2,gene,DISSECT,0.40695796076852
HCA_fold2,gene,DISSECT,0.498985305929003
HCA_fold2,gene,DISSECT,0.445505974304449
HCA_fold2,gene,DISSECT,0.652154178066678
HCA_fold2,gene,DISSECT,0.451983212670338
HCA_fold2,gene,DISSECT,0.341000726708584
HCA_fold2,gene,DISSECT,0.713828581301976
HCA_fold2,gene,DISSECT,0.630499946049402
HCA_fold2,gene,DISSECT,0.24652788013872
HCA_fold2,gene,DISSECT,0.408464226213055
HCA_fold2,gene,DISSECT,0.579119763244429
HCA_fold2,gene,DISSECT,0.169992705426027
HCA_fold2,gene,DISSECT,0.546552686090027
HCA_fold2,gene,DISSECT,0.719690377045986
HCA_fold2,gene,DISSECT,0.462568494248844
HCA_fold2,gene,DISSECT,0.698163565836425
HCA_fold2,gene,DISSECT,0.63159520853314
HCA_fold2,gene,DISSECT,0.256842446896521
HCA_fold2,gene,DISSECT,0.704887416836326
HCA_fold2,gene,DISSECT,0.346473444101833
HCA_fold2,gene,DISSECT,0.420911453999543
HCA_fold2,gene,DISSECT,0.493508307394142
HCA_fold2,gene,DISSECT,0.390596617004768
HCA_fold2,gene,DISSECT,0.551109712184769
HCA_fold2,gene,DISSECT,0.783154665542858
HCA_fold2,gene,DISSECT,0.561962254027504
HCA_fold2,gene,DISSECT,0.436268603554313
HCA_fold2,gene,DISSECT,0.412345076622594
HCA_fold2,gene,DISSECT,0.430218106462496
HCA_fold2,gene,DISSECT,0.418367568911601
HCA_fold2,gene,DISSECT,0.492565476961404
HCA_fold2,gene,DISSECT,0.430467743769935
HCA_fold2,gene,DISSECT,0.486012246456958
HCA_fold2,gene,DISSECT,0.655106573694303
HCA_fold2,gene,DISSECT,0.565205279370725
HCA_fold2,gene,DISSECT,0.273021400890523
HCA_fold2,gene,DISSECT,0.0831311442587077
HCA_fold2,gene,DISSECT,0.321709786726573
HCA_fold2,gene,DISSECT,0.44263162760308
HCA_fold2,gene,DISSECT,0.701516920294853
HCA_fold2,gene,DISSECT,0.689689999268404
HCA_fold2,gene,DISSECT,0.512920098872042
HCA_fold2,gene,DISSECT,0.413396229655365
HCA_fold2,gene,DISSECT,0.32991050146846
HCA_fold2,gene,DISSECT,0.549602470778249
HCA_fold2,gene,DISSECT,0.719462663966216
HCA_fold2,gene,DISSECT,0.404815735581633
HCA_fold2,gene,DISSECT,0.432014237969231
HCA_fold2,gene,DISSECT,0.642414471086003
HCA_fold2,gene,DISSECT,0.343166424278348
HCA_fold2,gene,DISSECT,0.591448203654539
HCA_fold2,gene,DISSECT,0.598618335344023
HCA_fold2,gene,DISSECT,0.130633820487254
HCA_fold2,gene,DISSECT,0.551795357386392
HCA_fold2,gene,DISSECT,0.690606550396687
HCA_fold2,gene,DISSECT,0.327942075613005
HCA_fold2,gene,DISSECT,0.224974896775887
HCA_fold2,gene,DISSECT,0.513991290540577
HCA_fold2,gene,DISSECT,0.495872872488687
HCA_fold2,gene,DISSECT,0.561449261042184
HCA_fold2,gene,DISSECT,0.578343056658484
HCA_fold2,gene,DISSECT,0.528377138235228
HCA_fold2,gene,DISSECT,0.515008049865521
HCA_fold2,gene,DISSECT,0.667385824953076
HCA_fold2,gene,DISSECT,0.495436775437953
HCA_fold2,gene,DISSECT,0.537498994836768
HCA_fold2,gene,DISSECT,0.534345200364923
HCA_fold2,gene,DISSECT,0.384447021567905
HCA_fold2,gene,DISSECT,0.496902240790712
HCA_fold2,gene,DISSECT,0.510686373952405
HCA_fold2,gene,DISSECT,0.546790654955171
HCA_fold2,gene,DISSECT,0.733378123717616
HCA_fold2,gene,DISSECT,0.0990906170657588
HCA_fold2,gene,DISSECT,0.51125438545078
HCA_fold2,gene,DISSECT,0.771745428698932
HCA_fold2,gene,DISSECT,0.577609828081907
HCA_fold2,gene,DISSECT,0.358827227022745
HCA_fold2,gene,DISSECT,0.684945511299923
HCA_fold2,gene,DISSECT,0.566999134728787
HCA_fold2,gene,DISSECT,0.376003094394154
HCA_fold2,gene,DISSECT,0.544716074027995
HCA_fold2,gene,DISSECT,0.477557488188014
HCA_fold2,gene,DISSECT,0.488707192293417
HCA_fold2,gene,DISSECT,0.160035305397848
HCA_fold2,gene,DISSECT,0.641489700126106
HCA_fold2,gene,DISSECT,0.425254521042242
HCA_fold2,gene,DISSECT,0.595662311347102
HCA_fold2,gene,DISSECT,0.647277981115131
HCA_fold2,gene,DISSECT,0.255906009264644
HCA_fold2,gene,DISSECT,0.459312416917994
HCA_fold2,gene,DISSECT,0.516003766555787
HCA_fold2,gene,DISSECT,0.58661184307667
HCA_fold2,gene,DISSECT,0.607979058747932
HCA_fold2,gene,DISSECT,0.451689306458456
HCA_fold2,gene,DISSECT,0.409494620528322
HCA_fold2,gene,DISSECT,0.672817740816434
HCA_fold2,gene,DISSECT,0.57912454916937
HCA_fold2,gene,DISSECT,0.211127540353386
HCA_fold2,gene,DISSECT,0.269340382992384
HCA_fold2,gene,DISSECT,0.469456069438987
HCA_fold2,gene,DISSECT,0.543055150172729
HCA_fold2,gene,DISSECT,0.581768073787449
HCA_fold2,gene,DISSECT,0.384139832457892
HCA_fold2,gene,DISSECT,0.715676348291454
HCA_fold2,gene,DISSECT,0.534013405016103
HCA_fold2,gene,DISSECT,0.30403658555962
HCA_fold2,gene,DISSECT,0.252871654979909
HCA_fold2,gene,DISSECT,0.249947302726309
HCA_fold2,gene,DISSECT,0.673018590184568
HCA_fold2,gene,DISSECT,0.594165540168059
HCA_fold2,gene,DISSECT,0.692729287606213
HCA_fold2,gene,DISSECT,0.748110165612705
HCA_fold2,gene,DISSECT,0.654381698040099
HCA_fold2,gene,DISSECT,0.690095631345833
HCA_fold2,gene,DISSECT,0.199098261451495
HCA_fold2,gene,DISSECT,0.603933263528278
HCA_fold2,gene,DISSECT,0.313067785418663
HCA_fold2,gene,DISSECT,0.507762012913286
HCA_fold2,gene,DISSECT,0.655641035332441
HCA_fold2,gene,DISSECT,0.533598739366599
HCA_fold2,gene,DISSECT,0.454845869247976
HCA_fold2,gene,DISSECT,0.554058268037928
HCA_fold2,gene,DISSECT,0.665035574432699
HCA_fold2,gene,DISSECT,0.565885670784734
HCA_fold2,gene,DISSECT,0.359925260338487
HCA_fold2,gene,DISSECT,0.352535981966499
HCA_fold2,gene,DISSECT,0.365264557470843
HCA_fold2,gene,DISSECT,0.374988917298057
HCA_fold2,gene,DISSECT,0.470960182588347
HCA_fold2,gene,DISSECT,0.171712038885057
HCA_fold2,gene,DISSECT,0.239681440677085
HCA_fold2,gene,DISSECT,0.519570205910218
HCA_fold2,gene,DISSECT,0.184208290369223
HCA_fold2,gene,DISSECT,0.408811042820019
HCA_fold2,gene,DISSECT,0.5133072718619
HCA_fold2,gene,DISSECT,0.23957239061246
HCA_fold2,gene,DISSECT,0.572443604418352
HCA_fold2,gene,DISSECT,0.406708578640523
HCA_fold2,gene,DISSECT,0.535413482230798
HCA_fold2,gene,DISSECT,0.649690194129691
HCA_fold2,gene,DISSECT,0.5744214017138
HCA_fold2,gene,DISSECT,0.557039545513502
HCA_fold2,gene,DISSECT,0.446380699021698
HCA_fold2,gene,DISSECT,0.524417624467703
HCA_fold2,gene,DISSECT,0.430385834882855
HCA_fold2,gene,DISSECT,0.350012688343748
HCA_fold2,gene,DISSECT,0.466917096093826
HCA_fold2,gene,DISSECT,0.215303287890885
HCA_fold2,gene,DISSECT,0.47327779181564
HCA_fold2,gene,DISSECT,0.354822406500266
HCA_fold2,gene,DISSECT,0.528677485278727
HCA_fold2,gene,DISSECT,0.661556479226395
HCA_fold2,gene,DISSECT,0.513325892084179
HCA_fold2,gene,DISSECT,0.445350328089872
HCA_fold2,gene,DISSECT,0.606492620486798
HCA_fold2,gene,DISSECT,0.0341118204226934
HCA_fold2,gene,DISSECT,0.178851645854611
HCA_fold2,gene,DISSECT,0.631648014168795
HCA_fold2,gene,DISSECT,0.627994794315298
HCA_fold2,gene,DISSECT,0.440586340560188
HCA_fold2,gene,DISSECT,0.499467824978759
HCA_fold2,gene,DISSECT,0.577416088071885
HCA_fold2,gene,DISSECT,0.181926989293059
HCA_fold2,gene,DISSECT,0.351018555859191
HCA_fold2,gene,DISSECT,0.511837349670552
HCA_fold2,gene,DISSECT,0.617783352269426
HCA_fold2,gene,DISSECT,0.248453213595602
HCA_fold2,gene,DISSECT,0.206811595799963
HCA_fold2,gene,DISSECT,0.503983382734116
HCA_fold2,gene,DISSECT,0.477866514292006
HCA_fold2,gene,DISSECT,0.225848840429833
HCA_fold2,gene,DISSECT,0.602925528216139
HCA_fold2,gene,DISSECT,0.564292245395687
HCA_fold2,gene,DISSECT,0.493511766930992
HCA_fold2,gene,DISSECT,0.497586790244015
HCA_fold2,gene,DISSECT,0.473982326711724
HCA_fold2,gene,DISSECT,0.46743535901717
HCA_fold2,gene,DISSECT,0.535233357396174
HCA_fold2,gene,DISSECT,0.507492801051783
HCA_fold2,gene,DISSECT,0.535136758113313
HCA_fold2,gene,DISSECT,0.132322472829649
HCA_fold2,gene,DISSECT,0.225939431386108
HCA_fold2,gene,TAPE,0.286161016075491
HCA_fold2,gene,TAPE,0.389565135178699
HCA_fold2,gene,TAPE,-0.161108301415589
HCA_fold2,gene,TAPE,0.224422996686742
HCA_fold2,gene,TAPE,0.316926602086404
HCA_fold2,gene,TAPE,-0.0032491479384379
HCA_fold2,gene,TAPE,0.225134656490386
HCA_fold2,gene,TAPE,0.255960717510364
HCA_fold2,gene,TAPE,0.458417527344529
HCA_fold2,gene,TAPE,0.454601503295488
HCA_fold2,gene,TAPE,0.0701385994899409
HCA_fold2,gene,TAPE,-0.0792786894581012
HCA_fold2,gene,TAPE,0.229122560322137
HCA_fold2,gene,TAPE,0.264205515554537
HCA_fold2,gene,TAPE,0.123865154077348
HCA_fold2,gene,TAPE,0.206466170982038
HCA_fold2,gene,TAPE,0.374142617956041
HCA_fold2,gene,TAPE,0.40281020897584
HCA_fold2,gene,TAPE,0.0316747577119186
HCA_fold2,gene,TAPE,0.33183369076607
HCA_fold2,gene,TAPE,0.368281201186667
HCA_fold2,gene,TAPE,-0.140190597306968
HCA_fold2,gene,TAPE,0.417494766990994
HCA_fold2,gene,TAPE,0.211398972651067
HCA_fold2,gene,TAPE,0.133935868619738
HCA_fold2,gene,TAPE,0.290787926091583
HCA_fold2,gene,TAPE,-0.0290638959853471
HCA_fold2,gene,TAPE,0.0239774905033373
HCA_fold2,gene,TAPE,0.290733491681744
HCA_fold2,gene,TAPE,0.315991167465448
HCA_fold2,gene,TAPE,0.282525696546243
HCA_fold2,gene,TAPE,0.0637027670617434
HCA_fold2,gene,TAPE,0.117355017020751
HCA_fold2,gene,TAPE,-0.0241879287797243
HCA_fold2,gene,TAPE,0.0918002595610807
HCA_fold2,gene,TAPE,-0.00933224170334868
HCA_fold2,gene,TAPE,0.109048152863295
HCA_fold2,gene,TAPE,0.441734494849695
HCA_fold2,gene,TAPE,0.168644269313601
HCA_fold2,gene,TAPE,0.25148976801457
HCA_fold2,gene,TAPE,0.253549976613444
HCA_fold2,gene,TAPE,-0.0796865496904419
HCA_fold2,gene,TAPE,0.0106127641164672
HCA_fold2,gene,TAPE,0.0987249339403228
HCA_fold2,gene,TAPE,0.0776236052976654
HCA_fold2,gene,TAPE,0.0192182378468366
HCA_fold2,gene,TAPE,-0.12443665730341
HCA_fold2,gene,TAPE,0.126635541327654
HCA_fold2,gene,TAPE,0.277535473561369
HCA_fold2,gene,TAPE,-0.126072310439224
HCA_fold2,gene,TAPE,0.266540146188231
HCA_fold2,gene,TAPE,0.277455673024137
HCA_fold2,gene,TAPE,0.101538166210931
HCA_fold2,gene,TAPE,0.109493008231078
HCA_fold2,gene,TAPE,0.124518886757342
HCA_fold2,gene,TAPE,-0.191124374783846
HCA_fold2,gene,TAPE,0.305362255140176
HCA_fold2,gene,TAPE,0.0623632020852292
HCA_fold2,gene,TAPE,-0.0907022255884496
HCA_fold2,gene,TAPE,0.454810089037362
HCA_fold2,gene,TAPE,0.107645083269667
HCA_fold2,gene,TAPE,0.248668175323445
HCA_fold2,gene,TAPE,0.132690802069213
HCA_fold2,gene,TAPE,0.0877244305269499
HCA_fold2,gene,TAPE,0.0853155843260577
HCA_fold2,gene,TAPE,0.233977993356286
HCA_fold2,gene,TAPE,0.326033969674919
HCA_fold2,gene,TAPE,0.221793927973711
HCA_fold2,gene,TAPE,0.248932014329995
HCA_fold2,gene,TAPE,-0.0246275717722713
HCA_fold2,gene,TAPE,0.298151260558643
HCA_fold2,gene,TAPE,0.231524385832374
HCA_fold2,gene,TAPE,-0.139499462207918
HCA_fold2,gene,TAPE,0.0079729670223513
HCA_fold2,gene,TAPE,0.367685271233004
HCA_fold2,gene,TAPE,0.120202885422803
HCA_fold2,gene,TAPE,-0.0214076902216644
HCA_fold2,gene,TAPE,0.0755323400358095
HCA_fold2,gene,TAPE,0.221593265839188
HCA_fold2,gene,TAPE,0.186342817022871
HCA_fold2,gene,TAPE,0.16176237771266
HCA_fold2,gene,TAPE,0.346913085437736
HCA_fold2,gene,TAPE,-0.0208679671010027
HCA_fold2,gene,TAPE,0.235809498455196
HCA_fold2,gene,TAPE,-0.0692654088932456
HCA_fold2,gene,TAPE,-0.210897428108943
HCA_fold2,gene,TAPE,0.0160141095308162
HCA_fold2,gene,TAPE,0.0833137052958363
HCA_fold2,gene,TAPE,-0.00131115125710379
HCA_fold2,gene,TAPE,0.0539935894969069
HCA_fold2,gene,TAPE,0.382771474758705
HCA_fold2,gene,TAPE,0.113804738033939
HCA_fold2,gene,TAPE,0.467879387048683
HCA_fold2,gene,TAPE,0.278245080532218
HCA_fold2,gene,TAPE,0.285381984337826
HCA_fold2,gene,TAPE,0.0447526707557411
HCA_fold2,gene,TAPE,0.25571255830018
HCA_fold2,gene,TAPE,-0.102283698191033
HCA_fold2,gene,TAPE,0.0272997537931652
HCA_fold2,gene,TAPE,0.0437783749830658
HCA_fold2,gene,TAPE,0.366236577312525
HCA_fold2,gene,TAPE,0.162865062991287
HCA_fold2,gene,TAPE,0.00841030023927027
HCA_fold2,gene,TAPE,0.0852929126250822
HCA_fold2,gene,TAPE,0.370545670900295
HCA_fold2,gene,TAPE,0.186155198038559
HCA_fold2,gene,TAPE,0.435726620016855
HCA_fold2,gene,TAPE,0.339991586563601
HCA_fold2,gene,TAPE,0.0164171356724204
HCA_fold2,gene,TAPE,0.135319248765658
HCA_fold2,gene,TAPE,0.322737240281366
HCA_fold2,gene,TAPE,0.28374821004859
HCA_fold2,gene,TAPE,0.322578309393192
HCA_fold2,gene,TAPE,0.129067359182892
HCA_fold2,gene,TAPE,0.11191647383463
HCA_fold2,gene,TAPE,-0.0729489237372752
HCA_fold2,gene,TAPE,0.345128640496569
HCA_fold2,gene,TAPE,0.17804962988537
HCA_fold2,gene,TAPE,0.26245454636963
HCA_fold2,gene,TAPE,0.0526320080505208
HCA_fold2,gene,TAPE,0.277667281833579
HCA_fold2,gene,TAPE,0.0684431073839583
HCA_fold2,gene,TAPE,0.0425616536890721
HCA_fold2,gene,TAPE,0.419238095245289
HCA_fold2,gene,TAPE,0.15171117381242
HCA_fold2,gene,TAPE,-0.0446856755553436
HCA_fold2,gene,TAPE,-0.00590130853304424
HCA_fold2,gene,TAPE,0.0273135551438501
HCA_fold2,gene,TAPE,0.419767344164978
HCA_fold2,gene,TAPE,0.194724371609256
HCA_fold2,gene,TAPE,0.209479669613833
HCA_fold2,gene,TAPE,-0.000298567012538838
HCA_fold2,gene,TAPE,0.338497250918279
HCA_fold2,gene,TAPE,0.117426621350376
HCA_fold2,gene,TAPE,0.407873390385646
HCA_fold2,gene,TAPE,-0.0442089042017156
HCA_fold2,gene,TAPE,0.0485029203708537
HCA_fold2,gene,TAPE,-0.141553750248741
HCA_fold2,gene,TAPE,0.310345586146089
HCA_fold2,gene,TAPE,0.294482946493872
HCA_fold2,gene,TAPE,0.395857422393152
HCA_fold2,gene,TAPE,0.159387478395974
HCA_fold2,gene,TAPE,0.413797793043576
HCA_fold2,gene,TAPE,0.166974619613015
HCA_fold2,gene,TAPE,0.360859889457499
HCA_fold2,gene,TAPE,-0.0444493246807466
HCA_fold2,gene,TAPE,0.182393178226024
HCA_fold2,gene,TAPE,-0.145803421073104
HCA_fold2,gene,TAPE,0.164992194848368
HCA_fold2,gene,TAPE,0.276906472193536
HCA_fold2,gene,TAPE,0.236325708558541
HCA_fold2,gene,TAPE,0.347723474658808
HCA_fold2,gene,TAPE,0.189840691960135
HCA_fold2,gene,TAPE,0.0141660510098991
HCA_fold2,gene,TAPE,-0.0579418372403206
HCA_fold2,gene,TAPE,0.225414893061642
HCA_fold2,gene,TAPE,0.407340803933089
HCA_fold2,gene,TAPE,0.168140654415746
HCA_fold2,gene,TAPE,0.0437003678825878
HCA_fold2,gene,TAPE,-0.118942968801551
HCA_fold2,gene,TAPE,-0.048074143692406
HCA_fold2,gene,TAPE,-0.0320306270330463
HCA_fold2,gene,TAPE,-0.0138879715316168
HCA_fold2,gene,TAPE,0.371060100106491
HCA_fold2,gene,TAPE,0.375517679490358
HCA_fold2,gene,TAPE,0.281796524611182
HCA_fold2,gene,TAPE,0.412372546597352
HCA_fold2,gene,TAPE,0.308855945181689
HCA_fold2,gene,TAPE,0.295447665766359
HCA_fold2,gene,TAPE,0.00580339219380209
HCA_fold2,gene,TAPE,0.343164438812097
HCA_fold2,gene,TAPE,0.26660956993977
HCA_fold2,gene,TAPE,0.0443830467636087
HCA_fold2,gene,TAPE,-0.00634322918431634
HCA_fold2,gene,TAPE,0.455864489309224
HCA_fold2,gene,TAPE,-0.000340241824969915
HCA_fold2,gene,TAPE,0.460330965004652
HCA_fold2,gene,TAPE,0.0741847508289497
HCA_fold2,gene,TAPE,0.208638173398633
HCA_fold2,gene,TAPE,0.0542441419438399
HCA_fold2,gene,TAPE,0.31676218096724
HCA_fold2,gene,TAPE,0.305453245089168
HCA_fold2,gene,TAPE,0.169773045026856
HCA_fold2,gene,TAPE,-0.0444854831618583
HCA_fold2,gene,TAPE,0.401244587009191
HCA_fold2,gene,TAPE,0.0279989197719697
HCA_fold2,gene,TAPE,0.342852750692974
HCA_fold2,gene,TAPE,0.413271528769415
HCA_fold2,gene,TAPE,0.371803181627173
HCA_fold2,gene,TAPE,-0.112181257884715
HCA_fold2,gene,TAPE,0.395551998021326
HCA_fold2,gene,TAPE,0.499589814625682
HCA_fold2,gene,TAPE,-0.101396710692125
HCA_fold2,gene,TAPE,0.0565255695721201
HCA_fold2,gene,TAPE,0.387836749870841
HCA_fold2,gene,TAPE,0.122318669773272
HCA_fold2,gene,TAPE,0.050486771139259
HCA_fold2,gene,TAPE,0.377215091055692
HCA_fold2,gene,TAPE,0.409206960170335
HCA_fold2,gene,TAPE,-0.0403445664296672
HCA_fold2,gene,TAPE,0.300616742989152
HCA_fold2,gene,TAPE,0.101273228173743
HCA_fold2,gene,TAPE,0.156147753898296
HCA_fold2,gene,TAPE,0.186644118020875
HCA_fold2,gene,TAPE,0.121987598172826
HCA_fold2,gene,TAPE,0.0819020256796908
HCA_fold2,gene,TAPE,0.240378056910405
HCA_fold2,gene,TAPE,0.168801234684184
HCA_fold2,gene,TAPE,0.0911718056597522
HCA_fold2,gene,TAPE,0.0346346101339398
HCA_fold2,gene,TAPE,0.324794775686596
HCA_fold2,gene,TAPE,0.389743561795592
HCA_fold2,gene,TAPE,0.0128732052540667
HCA_fold2,gene,TAPE,0.322514673114687
HCA_fold2,gene,TAPE,0.123872055875703
HCA_fold2,gene,TAPE,0.128050870168526
HCA_fold2,gene,TAPE,0.336498980949124
HCA_fold2,gene,TAPE,-0.0511031355259988
HCA_fold2,gene,TAPE,0.0528100933867991
HCA_fold2,gene,TAPE,0.444382916297515
HCA_fold2,gene,TAPE,0.0402444877917026
HCA_fold2,gene,TAPE,0.015926618660036
HCA_fold2,gene,TAPE,0.124634610978059
HCA_fold2,gene,TAPE,0.384234301587663
HCA_fold2,gene,TAPE,0.0404660861915871
HCA_fold2,gene,TAPE,0.298799365735424
HCA_fold2,gene,TAPE,0.140886816183845
HCA_fold2,gene,TAPE,0.233546229596114
HCA_fold2,gene,TAPE,0.0352575791412826
HCA_fold2,gene,TAPE,-0.0584934692847164
HCA_fold2,gene,TAPE,0.459131201341547
HCA_fold2,gene,TAPE,-0.0172593746988087
HCA_fold2,gene,TAPE,0.268627725624878
HCA_fold2,gene,TAPE,0.134015060767832
HCA_fold2,gene,TAPE,0.113211202680771
HCA_fold2,gene,TAPE,0.401603472355179
HCA_fold2,gene,TAPE,0.112351307911394
HCA_fold2,gene,TAPE,0.288764532592861
HCA_fold2,gene,TAPE,0.017061181249279
HCA_fold2,gene,TAPE,0.315895187667658
HCA_fold2,gene,TAPE,0.155098961662237
HCA_fold2,gene,TAPE,0.0806627549636295
HCA_fold2,gene,TAPE,0.135631683064633
HCA_fold2,gene,TAPE,0.284724915492672
HCA_fold2,gene,TAPE,0.349152708081804
HCA_fold2,gene,TAPE,0.512650434128051
HCA_fold2,gene,TAPE,0.394108226083652
HCA_fold2,gene,TAPE,0.0280809583080226
HCA_fold2,gene,TAPE,0.0822263841386934
HCA_fold2,gene,TAPE,-0.0700819483765794
HCA_fold2,gene,TAPE,-0.0819925149027373
HCA_fold2,gene,TAPE,0.448883837679778
HCA_fold2,gene,TAPE,-0.174738009604722
HCA_fold2,gene,TAPE,0.106344979411956
HCA_fold2,gene,TAPE,0.171233474804803
HCA_fold2,gene,TAPE,0.233993464974715
HCA_fold2,gene,TAPE,0.333818458113117
HCA_fold2,gene,TAPE,0.291804609855703
HCA_fold2,gene,TAPE,0.333609412380609
HCA_fold2,gene,TAPE,0.265153690093183
HCA_fold2,gene,TAPE,0.262801857879084
HCA_fold2,gene,TAPE,0.081887957427386
HCA_fold2,gene,TAPE,0.292395519582955
HCA_fold2,gene,TAPE,0.134288649849814
HCA_fold2,gene,TAPE,0.333392209070679
HCA_fold2,gene,TAPE,0.192006468664042
HCA_fold2,gene,TAPE,-0.0215917734275138
HCA_fold2,gene,TAPE,0.225279646326677
HCA_fold2,gene,TAPE,0.460165668358451
HCA_fold2,gene,TAPE,0.282930709328688
HCA_fold2,gene,TAPE,0.12725033925499
HCA_fold2,gene,TAPE,0.0357180977232011
HCA_fold2,gene,TAPE,0.276359504970055
HCA_fold2,gene,TAPE,0.222832165992598
HCA_fold2,gene,TAPE,0.301354188889099
HCA_fold2,gene,TAPE,0.49320469111976
HCA_fold2,gene,TAPE,0.187460238563709
HCA_fold2,gene,TAPE,0.411701304129018
HCA_fold2,gene,TAPE,0.0552300940384147
HCA_fold2,gene,TAPE,-0.0180578641737306
HCA_fold2,gene,TAPE,0.508849477839972
HCA_fold2,gene,TAPE,0.0559386682523275
HCA_fold2,gene,TAPE,0.0446596336761234
HCA_fold2,gene,TAPE,0.174769697694509
HCA_fold2,gene,TAPE,0.152167718021934
HCA_fold2,gene,TAPE,0.213535091263622
HCA_fold2,gene,TAPE,0.23422276479609
HCA_fold2,gene,TAPE,0.247493507578031
HCA_fold2,gene,TAPE,0.308960113651546
HCA_fold2,gene,TAPE,0.240824551156765
HCA_fold2,gene,TAPE,0.45952585552734
HCA_fold2,gene,TAPE,0.339443118353188
HCA_fold2,gene,TAPE,0.121596574437324
HCA_fold2,gene,TAPE,0.0378932164463275
HCA_fold2,gene,TAPE,0.264597736755486
HCA_fold2,gene,TAPE,0.307639414467359
HCA_fold2,gene,TAPE,0.214280612522783
HCA_fold2,gene,TAPE,0.0526189939728143
HCA_fold2,gene,TAPE,0.256710797914375
HCA_fold2,gene,TAPE,0.0524289936739717
HCA_fold2,gene,TAPE,0.0589592813653221
HCA_fold2,gene,TAPE,0.42392371764691
HCA_fold2,gene,TAPE,0.293141129524265
HCA_fold2,gene,TAPE,0.377784331533237
HCA_fold2,gene,TAPE,0.150859355122936
HCA_fold2,gene,TAPE,0.311896941027266
HCA_fold2,gene,TAPE,0.266821910824103
HCA_fold2,gene,TAPE,0.285820974831052
HCA_fold2,gene,TAPE,0.218015614598424
HCA_fold2,gene,TAPE,0.405081108991454
HCA_fold2,gene,TAPE,-0.0749261263619068
HCA_fold2,gene,TAPE,0.0817964084036107
HCA_fold2,gene,TAPE,0.409434594898501
HCA_fold2,gene,TAPE,0.0180844389171016
HCA_fold2,gene,TAPE,0.0420708876414789
HCA_fold2,gene,TAPE,0.191959139432179
HCA_fold2,gene,TAPE,0.324167749965976
HCA_fold2,gene,TAPE,0.392578009110961
HCA_fold2,gene,TAPE,-0.037428096373705
HCA_fold2,gene,TAPE,0.379422376261028
HCA_fold2,gene,TAPE,-0.182237404416548
HCA_fold2,gene,TAPE,0.290085346720193
HCA_fold2,gene,TAPE,0.475863684955234
HCA_fold2,gene,TAPE,0.416382854978775
HCA_fold2,gene,TAPE,0.178439710989654
HCA_fold2,gene,TAPE,0.403976352082125
HCA_fold2,gene,TAPE,0.470657190011195
HCA_fold2,gene,TAPE,0.138576364766513
HCA_fold2,gene,TAPE,0.365480042718362
HCA_fold2,gene,TAPE,0.244385208634358
HCA_fold2,gene,TAPE,0.437311992880245
HCA_fold2,gene,TAPE,0.287620504886181
HCA_fold2,gene,TAPE,0.272119047313932
HCA_fold2,gene,TAPE,0.340780183133603
HCA_fold2,gene,TAPE,0.0488049722722962
HCA_fold2,gene,TAPE,0.414656389350531
HCA_fold2,gene,TAPE,0.457391731726531
HCA_fold2,gene,TAPE,0.438674095286532
HCA_fold2,gene,TAPE,0.279776282986902
HCA_fold2,gene,TAPE,0.469186620824235
HCA_fold2,gene,TAPE,0.325356030372201
HCA_fold2,gene,TAPE,0.112353159324588
HCA_fold2,gene,TAPE,0.121649328186642
HCA_fold2,gene,TAPE,0.152339724731713
HCA_fold2,gene,TAPE,0.330676338604188
HCA_fold2,gene,TAPE,0.00238759051785478
HCA_fold2,gene,TAPE,0.444475395873615
HCA_fold2,gene,TAPE,-0.0884841124381683
HCA_fold2,gene,TAPE,0.254283856817328
HCA_fold2,gene,TAPE,0.116991365543047
HCA_fold2,gene,TAPE,0.002006476466086
HCA_fold2,gene,TAPE,0.390557990897655
HCA_fold2,gene,TAPE,0.332211862274
HCA_fold2,gene,TAPE,0.413638406317062
HCA_fold2,gene,TAPE,0.274696202558621
HCA_fold2,gene,TAPE,0.189691005579666
HCA_fold2,gene,TAPE,0.432677926322334
HCA_fold2,gene,TAPE,0.377224080476828
HCA_fold2,gene,TAPE,-0.0707900709322327
HCA_fold2,gene,TAPE,0.214791216626461
HCA_fold2,gene,TAPE,0.378558594548343
HCA_fold2,gene,TAPE,0.460488693765436
HCA_fold2,gene,TAPE,0.282547253335396
HCA_fold2,gene,TAPE,0.339193151018853
HCA_fold2,gene,TAPE,0.191463226689943
HCA_fold2,gene,TAPE,0.415905093021066
HCA_fold2,gene,TAPE,0.0269588480209296
HCA_fold2,gene,TAPE,-0.00496285390093631
HCA_fold2,gene,TAPE,0.213955971183996
HCA_fold2,gene,TAPE,0.0479213404113308
HCA_fold2,gene,TAPE,0.274542405860834
HCA_fold2,gene,TAPE,0.307648921749018
HCA_fold2,gene,TAPE,0.207975472931703
HCA_fold2,gene,TAPE,0.378244855283434
HCA_fold2,gene,TAPE,0.267465177366116
HCA_fold2,gene,TAPE,0.239619307845549
HCA_fold2,gene,TAPE,-0.00216190670171126
HCA_fold2,gene,TAPE,0.104868939013201
HCA_fold2,gene,TAPE,-0.112303167046722
HCA_fold2,gene,TAPE,0.468465327116729
HCA_fold2,gene,TAPE,0.224701790128641
HCA_fold2,gene,TAPE,0.0250880795998744
HCA_fold2,gene,TAPE,0.161852399476288
HCA_fold2,gene,TAPE,0.0512559883094464
HCA_fold2,gene,TAPE,0.303501551431933
HCA_fold2,gene,TAPE,0.130588168500131
HCA_fold2,gene,TAPE,-0.0300464292504531
HCA_fold2,gene,TAPE,0.0670193859759516
HCA_fold2,gene,TAPE,0.0663399499620739
HCA_fold2,gene,TAPE,0.094448026633702
HCA_fold2,gene,TAPE,0.168465030395939
HCA_fold2,gene,TAPE,-0.0811180121667183
HCA_fold2,gene,TAPE,-0.0528820823332393
HCA_fold2,gene,TAPE,0.232204343386819
HCA_fold2,gene,TAPE,-0.0892639472971031
HCA_fold2,gene,TAPE,0.171136859694527
HCA_fold2,gene,TAPE,0.315847933887921
HCA_fold2,gene,TAPE,0.00644447894178712
HCA_fold2,gene,TAPE,0.216869699376445
HCA_fold2,gene,TAPE,0.305180460200311
HCA_fold2,gene,TAPE,0.156911048559993
HCA_fold2,gene,TAPE,0.0374559294533421
HCA_fold2,gene,TAPE,0.10831283675395
HCA_fold2,gene,TAPE,0.098474477501206
HCA_fold2,gene,TAPE,0.122797073612454
HCA_fold2,gene,TAPE,0.137652536399596
HCA_fold2,gene,TAPE,0.169379934698076
HCA_fold2,gene,TAPE,0.211361062110162
HCA_fold2,gene,TAPE,0.311196464421348
HCA_fold2,gene,TAPE,-0.0641183216401074
HCA_fold2,gene,TAPE,0.435290971206983
HCA_fold2,gene,TAPE,0.292652293284481
HCA_fold2,gene,TAPE,0.324806601192499
HCA_fold2,gene,TAPE,0.433263452464295
HCA_fold2,gene,TAPE,0.344178752577067
HCA_fold2,gene,TAPE,0.140230050944657
HCA_fold2,gene,TAPE,0.028929524199376
HCA_fold2,gene,TAPE,0.194609534391357
HCA_fold2,gene,TAPE,0.174102293921924
HCA_fold2,gene,TAPE,0.410379476520773
HCA_fold2,gene,TAPE,0.0342086105236459
HCA_fold2,gene,TAPE,-0.0328524093650812
HCA_fold2,gene,TAPE,0.14780137208318
HCA_fold2,gene,TAPE,0.427420351379242
HCA_fold2,gene,TAPE,0.142713256537605
HCA_fold2,gene,TAPE,-0.0924931234099888
HCA_fold2,gene,TAPE,0.107975599036736
HCA_fold2,gene,TAPE,0.0552690145963553
HCA_fold2,gene,TAPE,0.0863434751548422
HCA_fold2,gene,TAPE,-0.0763170044857877
HCA_fold2,gene,TAPE,0.025079697385893
HCA_fold2,gene,TAPE,0.212297139207613
HCA_fold2,gene,TAPE,-0.0251463541883355
HCA_fold2,gene,TAPE,0.4472989941175
HCA_fold2,gene,TAPE,0.329805734102993
HCA_fold2,gene,TAPE,0.162203708757301
HCA_fold2,gene,TAPE,-0.000182574475223903
HCA_fold2,gene,TAPE,0.310361661186501
HCA_fold2,gene,TAPE,0.218723717934535
HCA_fold2,gene,TAPE,0.343623077055264
HCA_fold2,gene,TAPE,0.11539765372274
HCA_fold2,gene,TAPE,0.365576482161425
HCA_fold2,gene,TAPE,0.242165134960526
HCA_fold2,gene,TAPE,0.0231281713745521
HCA_fold2,gene,DeconvSC,0.860914674914642
HCA_fold2,gene,DeconvSC,0.628283450065416
HCA_fold2,gene,DeconvSC,0.34165597684455
HCA_fold2,gene,DeconvSC,0.769449782233617
HCA_fold2,gene,DeconvSC,0.852915474142222
HCA_fold2,gene,DeconvSC,0.748670383968431
HCA_fold2,gene,DeconvSC,0.883937844657859
HCA_fold2,gene,DeconvSC,0.865692166590869
HCA_fold2,gene,DeconvSC,0.849771797474348
HCA_fold2,gene,DeconvSC,0.755064878868035
HCA_fold2,gene,DeconvSC,0.848942116094589
HCA_fold2,gene,DeconvSC,0.700777363452044
HCA_fold2,gene,DeconvSC,0.784452893304436
HCA_fold2,gene,DeconvSC,0.701370557608488
HCA_fold2,gene,DeconvSC,0.760153690799191
HCA_fold2,gene,DeconvSC,0.730512879363048
HCA_fold2,gene,DeconvSC,0.86357152514779
HCA_fold2,gene,DeconvSC,0.874322318239517
HCA_fold2,gene,DeconvSC,0.47403549050436
HCA_fold2,gene,DeconvSC,0.823376160206585
HCA_fold2,gene,DeconvSC,0.856165937543242
HCA_fold2,gene,DeconvSC,0.661099376739966
HCA_fold2,gene,DeconvSC,0.874710075835145
HCA_fold2,gene,DeconvSC,0.530872824087581
HCA_fold2,gene,DeconvSC,0.752845491145495
HCA_fold2,gene,DeconvSC,0.810342535109974
HCA_fold2,gene,DeconvSC,0.804359653980228
HCA_fold2,gene,DeconvSC,0.414600235956174
HCA_fold2,gene,DeconvSC,0.897533234199355
HCA_fold2,gene,DeconvSC,0.757989999952739
HCA_fold2,gene,DeconvSC,0.684542759421475
HCA_fold2,gene,DeconvSC,0.61311546643847
HCA_fold2,gene,DeconvSC,0.301940774735522
HCA_fold2,gene,DeconvSC,0.840070535525905
HCA_fold2,gene,DeconvSC,0.791161284730458
HCA_fold2,gene,DeconvSC,0.619712200243837
HCA_fold2,gene,DeconvSC,0.696463817116821
HCA_fold2,gene,DeconvSC,0.832295196813198
HCA_fold2,gene,DeconvSC,0.800945898811268
HCA_fold2,gene,DeconvSC,0.832673913182227
HCA_fold2,gene,DeconvSC,0.411024461139948
HCA_fold2,gene,DeconvSC,0.387785125250146
HCA_fold2,gene,DeconvSC,0.5345644558611
HCA_fold2,gene,DeconvSC,0.715261271468847
HCA_fold2,gene,DeconvSC,0.745214602866692
HCA_fold2,gene,DeconvSC,0.504720257031548
HCA_fold2,gene,DeconvSC,0.647606861448225
HCA_fold2,gene,DeconvSC,0.596639352065662
HCA_fold2,gene,DeconvSC,0.789324831591067
HCA_fold2,gene,DeconvSC,0.702774308511932
HCA_fold2,gene,DeconvSC,0.882344680263656
HCA_fold2,gene,DeconvSC,0.563159971399422
HCA_fold2,gene,DeconvSC,0.694534563408304
HCA_fold2,gene,DeconvSC,0.738589518580783
HCA_fold2,gene,DeconvSC,0.738290901990391
HCA_fold2,gene,DeconvSC,0.785116582118765
HCA_fold2,gene,DeconvSC,0.90993474460243
HCA_fold2,gene,DeconvSC,0.493895105629272
HCA_fold2,gene,DeconvSC,0.752902421726932
HCA_fold2,gene,DeconvSC,0.744846228389374
HCA_fold2,gene,DeconvSC,0.846272859601496
HCA_fold2,gene,DeconvSC,0.846875290807296
HCA_fold2,gene,DeconvSC,0.66855548133679
HCA_fold2,gene,DeconvSC,0.797004968455467
HCA_fold2,gene,DeconvSC,0.698853830234742
HCA_fold2,gene,DeconvSC,0.671313762498128
HCA_fold2,gene,DeconvSC,0.855185643285235
HCA_fold2,gene,DeconvSC,0.274307577317415
HCA_fold2,gene,DeconvSC,0.81618823359808
HCA_fold2,gene,DeconvSC,0.559902069189019
HCA_fold2,gene,DeconvSC,0.719525432606448
HCA_fold2,gene,DeconvSC,0.591074606568036
HCA_fold2,gene,DeconvSC,0.49271451167955
HCA_fold2,gene,DeconvSC,0.266728822130985
HCA_fold2,gene,DeconvSC,0.888995590171153
HCA_fold2,gene,DeconvSC,0.783209508853055
HCA_fold2,gene,DeconvSC,0.235897981811159
HCA_fold2,gene,DeconvSC,0.248149538612343
HCA_fold2,gene,DeconvSC,0.769354904519599
HCA_fold2,gene,DeconvSC,0.84201061571755
HCA_fold2,gene,DeconvSC,0.252661707611212
HCA_fold2,gene,DeconvSC,0.704378528650223
HCA_fold2,gene,DeconvSC,0.720583008933155
HCA_fold2,gene,DeconvSC,0.709236175873511
HCA_fold2,gene,DeconvSC,0.734271177722789
HCA_fold2,gene,DeconvSC,0.700041974071308
HCA_fold2,gene,DeconvSC,0.662136098324139
HCA_fold2,gene,DeconvSC,0.694788901013637
HCA_fold2,gene,DeconvSC,0.50764910551505
HCA_fold2,gene,DeconvSC,0.805391695084733
HCA_fold2,gene,DeconvSC,0.896914203468685
HCA_fold2,gene,DeconvSC,0.725691285419634
HCA_fold2,gene,DeconvSC,0.890115067472368
HCA_fold2,gene,DeconvSC,0.827212125264528
HCA_fold2,gene,DeconvSC,0.832070612139806
HCA_fold2,gene,DeconvSC,0.349994837624443
HCA_fold2,gene,DeconvSC,0.847494018507264
HCA_fold2,gene,DeconvSC,0.577391901261904
HCA_fold2,gene,DeconvSC,0.573460820105971
HCA_fold2,gene,DeconvSC,0.804013488449138
HCA_fold2,gene,DeconvSC,0.836992711721511
HCA_fold2,gene,DeconvSC,0.887232641999079
HCA_fold2,gene,DeconvSC,0.399666888701561
HCA_fold2,gene,DeconvSC,0.816783103249561
HCA_fold2,gene,DeconvSC,0.817798662281975
HCA_fold2,gene,DeconvSC,0.779779487047205
HCA_fold2,gene,DeconvSC,0.838024470748855
HCA_fold2,gene,DeconvSC,0.849968820044414
HCA_fold2,gene,DeconvSC,0.535251249489492
HCA_fold2,gene,DeconvSC,0.712258089041639
HCA_fold2,gene,DeconvSC,0.780889516674297
HCA_fold2,gene,DeconvSC,0.860695991965586
HCA_fold2,gene,DeconvSC,0.72011779986161
HCA_fold2,gene,DeconvSC,0.62111750491866
HCA_fold2,gene,DeconvSC,0.423748109671375
HCA_fold2,gene,DeconvSC,0.724425643719413
HCA_fold2,gene,DeconvSC,0.803609053075606
HCA_fold2,gene,DeconvSC,0.815040702428864
HCA_fold2,gene,DeconvSC,0.66715946026642
HCA_fold2,gene,DeconvSC,0.386171714366879
HCA_fold2,gene,DeconvSC,0.794913758417762
HCA_fold2,gene,DeconvSC,0.513379195364366
HCA_fold2,gene,DeconvSC,0.70770751178052
HCA_fold2,gene,DeconvSC,0.874279719998078
HCA_fold2,gene,DeconvSC,0.635965168216711
HCA_fold2,gene,DeconvSC,0.72759736164149
HCA_fold2,gene,DeconvSC,0.566253440204668
HCA_fold2,gene,DeconvSC,0.2803627250959
HCA_fold2,gene,DeconvSC,0.825221950396806
HCA_fold2,gene,DeconvSC,0.674868145016631
HCA_fold2,gene,DeconvSC,0.810589446506656
HCA_fold2,gene,DeconvSC,0.440604428427199
HCA_fold2,gene,DeconvSC,0.858894823748811
HCA_fold2,gene,DeconvSC,0.897054051849666
HCA_fold2,gene,DeconvSC,0.74745086816736
HCA_fold2,gene,DeconvSC,0.867449551161492
HCA_fold2,gene,DeconvSC,0.436637404922667
HCA_fold2,gene,DeconvSC,0.521548407872196
HCA_fold2,gene,DeconvSC,0.884018453276227
HCA_fold2,gene,DeconvSC,0.587562234283652
HCA_fold2,gene,DeconvSC,0.667115412673846
HCA_fold2,gene,DeconvSC,0.702891281859601
HCA_fold2,gene,DeconvSC,0.854630857833132
HCA_fold2,gene,DeconvSC,0.72634547249764
HCA_fold2,gene,DeconvSC,0.865579195891456
HCA_fold2,gene,DeconvSC,0.902117696769482
HCA_fold2,gene,DeconvSC,0.795955891994186
HCA_fold2,gene,DeconvSC,0.76271878130235
HCA_fold2,gene,DeconvSC,0.299622055853955
HCA_fold2,gene,DeconvSC,0.777581936976409
HCA_fold2,gene,DeconvSC,0.595488821861811
HCA_fold2,gene,DeconvSC,0.836447786417127
HCA_fold2,gene,DeconvSC,0.891398969208687
HCA_fold2,gene,DeconvSC,0.787390931222637
HCA_fold2,gene,DeconvSC,0.716058511329793
HCA_fold2,gene,DeconvSC,0.715783035347754
HCA_fold2,gene,DeconvSC,0.719463333435786
HCA_fold2,gene,DeconvSC,0.723727473924835
HCA_fold2,gene,DeconvSC,0.763684101480672
HCA_fold2,gene,DeconvSC,0.934419893600241
HCA_fold2,gene,DeconvSC,0.79876835722682
HCA_fold2,gene,DeconvSC,0.85169619498814
HCA_fold2,gene,DeconvSC,0.277865979731837
HCA_fold2,gene,DeconvSC,0.820638580478852
HCA_fold2,gene,DeconvSC,0.883857212446371
HCA_fold2,gene,DeconvSC,0.613831921223466
HCA_fold2,gene,DeconvSC,0.650275416574943
HCA_fold2,gene,DeconvSC,0.853462552236353
HCA_fold2,gene,DeconvSC,0.910432201700082
HCA_fold2,gene,DeconvSC,0.782516816468511
HCA_fold2,gene,DeconvSC,0.724054439262439
HCA_fold2,gene,DeconvSC,0.681386928281289
HCA_fold2,gene,DeconvSC,0.381860594480643
HCA_fold2,gene,DeconvSC,0.72805264506584
HCA_fold2,gene,DeconvSC,0.824854901569511
HCA_fold2,gene,DeconvSC,0.659319511564058
HCA_fold2,gene,DeconvSC,0.751757591561197
HCA_fold2,gene,DeconvSC,0.655955656681475
HCA_fold2,gene,DeconvSC,0.740014041872787
HCA_fold2,gene,DeconvSC,0.259379581794318
HCA_fold2,gene,DeconvSC,0.8864307803653
HCA_fold2,gene,DeconvSC,0.746955547278173
HCA_fold2,gene,DeconvSC,0.689072917519487
HCA_fold2,gene,DeconvSC,0.679087573250549
HCA_fold2,gene,DeconvSC,0.852538359839346
HCA_fold2,gene,DeconvSC,0.724309389295749
HCA_fold2,gene,DeconvSC,0.534356369521619
HCA_fold2,gene,DeconvSC,0.769614100762756
HCA_fold2,gene,DeconvSC,0.706821170051843
HCA_fold2,gene,DeconvSC,0.745556512377186
HCA_fold2,gene,DeconvSC,0.740134369814459
HCA_fold2,gene,DeconvSC,0.82362345608489
HCA_fold2,gene,DeconvSC,0.32521281750293
HCA_fold2,gene,DeconvSC,0.7186789752066
HCA_fold2,gene,DeconvSC,0.826161209222225
HCA_fold2,gene,DeconvSC,0.681331248925936
HCA_fold2,gene,DeconvSC,0.600303806237776
HCA_fold2,gene,DeconvSC,0.55270922939176
HCA_fold2,gene,DeconvSC,0.774419684258243
HCA_fold2,gene,DeconvSC,0.608288196840766
HCA_fold2,gene,DeconvSC,0.85398243281635
HCA_fold2,gene,DeconvSC,0.770851537657411
HCA_fold2,gene,DeconvSC,0.826812330552734
HCA_fold2,gene,DeconvSC,0.898533154233923
HCA_fold2,gene,DeconvSC,0.688211796711092
HCA_fold2,gene,DeconvSC,0.788733561763459
HCA_fold2,gene,DeconvSC,0.850083541581718
HCA_fold2,gene,DeconvSC,0.835547236385034
HCA_fold2,gene,DeconvSC,0.773148285666744
HCA_fold2,gene,DeconvSC,0.74766028908664
HCA_fold2,gene,DeconvSC,0.847829924772897
HCA_fold2,gene,DeconvSC,0.75214274913603
HCA_fold2,gene,DeconvSC,0.62371702861858
HCA_fold2,gene,DeconvSC,0.805499427916879
HCA_fold2,gene,DeconvSC,0.63331635754677
HCA_fold2,gene,DeconvSC,0.496980845654297
HCA_fold2,gene,DeconvSC,0.823218091872438
HCA_fold2,gene,DeconvSC,0.5870068823325
HCA_fold2,gene,DeconvSC,0.667846122813901
HCA_fold2,gene,DeconvSC,0.734027154324032
HCA_fold2,gene,DeconvSC,0.641837743717088
HCA_fold2,gene,DeconvSC,0.537417688316038
HCA_fold2,gene,DeconvSC,0.611222068314401
HCA_fold2,gene,DeconvSC,0.899229669575361
HCA_fold2,gene,DeconvSC,0.576247561765984
HCA_fold2,gene,DeconvSC,0.813134450547306
HCA_fold2,gene,DeconvSC,0.545893375136722
HCA_fold2,gene,DeconvSC,0.740603280459962
HCA_fold2,gene,DeconvSC,0.286402621263545
HCA_fold2,gene,DeconvSC,0.780564266825679
HCA_fold2,gene,DeconvSC,0.871542751122516
HCA_fold2,gene,DeconvSC,0.697699266350022
HCA_fold2,gene,DeconvSC,0.769071693971642
HCA_fold2,gene,DeconvSC,0.749238609509977
HCA_fold2,gene,DeconvSC,0.645867544294684
HCA_fold2,gene,DeconvSC,0.903498882512245
HCA_fold2,gene,DeconvSC,0.628378799342829
HCA_fold2,gene,DeconvSC,0.803006786391782
HCA_fold2,gene,DeconvSC,0.761856207272337
HCA_fold2,gene,DeconvSC,0.880068313314487
HCA_fold2,gene,DeconvSC,0.728130388358108
HCA_fold2,gene,DeconvSC,0.697889258615142
HCA_fold2,gene,DeconvSC,0.776060889228126
HCA_fold2,gene,DeconvSC,0.694726011385328
HCA_fold2,gene,DeconvSC,0.844192380723733
HCA_fold2,gene,DeconvSC,0.834402125647275
HCA_fold2,gene,DeconvSC,0.736438242857143
HCA_fold2,gene,DeconvSC,0.529334163973917
HCA_fold2,gene,DeconvSC,0.853116334265114
HCA_fold2,gene,DeconvSC,0.704599758360358
HCA_fold2,gene,DeconvSC,0.629642621806269
HCA_fold2,gene,DeconvSC,0.867579568342303
HCA_fold2,gene,DeconvSC,0.363793010345059
HCA_fold2,gene,DeconvSC,0.683059446020785
HCA_fold2,gene,DeconvSC,0.857697296012323
HCA_fold2,gene,DeconvSC,0.834776265193331
HCA_fold2,gene,DeconvSC,0.798262799099078
HCA_fold2,gene,DeconvSC,0.552566238842869
HCA_fold2,gene,DeconvSC,0.578582568066244
HCA_fold2,gene,DeconvSC,0.593329629627035
HCA_fold2,gene,DeconvSC,0.616644416304383
HCA_fold2,gene,DeconvSC,0.763743632279343
HCA_fold2,gene,DeconvSC,0.774341800534286
HCA_fold2,gene,DeconvSC,0.731680898526648
HCA_fold2,gene,DeconvSC,0.750273660074827
HCA_fold2,gene,DeconvSC,0.862564592077986
HCA_fold2,gene,DeconvSC,0.559798593224083
HCA_fold2,gene,DeconvSC,0.61612534244291
HCA_fold2,gene,DeconvSC,0.89738661956599
HCA_fold2,gene,DeconvSC,0.811446644447128
HCA_fold2,gene,DeconvSC,0.59065477884627
HCA_fold2,gene,DeconvSC,0.587789047920705
HCA_fold2,gene,DeconvSC,0.840210614016134
HCA_fold2,gene,DeconvSC,0.547547808638671
HCA_fold2,gene,DeconvSC,0.811339552087397
HCA_fold2,gene,DeconvSC,0.882409842516136
HCA_fold2,gene,DeconvSC,0.876043978766667
HCA_fold2,gene,DeconvSC,0.866226947324122
HCA_fold2,gene,DeconvSC,0.746194663673392
HCA_fold2,gene,DeconvSC,0.397705931720969
HCA_fold2,gene,DeconvSC,0.889838959242062
HCA_fold2,gene,DeconvSC,0.577718548861359
HCA_fold2,gene,DeconvSC,0.574275542185522
HCA_fold2,gene,DeconvSC,0.829364629313637
HCA_fold2,gene,DeconvSC,0.651353820479927
HCA_fold2,gene,DeconvSC,0.753415334393078
HCA_fold2,gene,DeconvSC,0.885283926171701
HCA_fold2,gene,DeconvSC,0.776016077960688
HCA_fold2,gene,DeconvSC,0.612200728163673
HCA_fold2,gene,DeconvSC,0.635484920141302
HCA_fold2,gene,DeconvSC,0.73440389656345
HCA_fold2,gene,DeconvSC,0.837324740966163
HCA_fold2,gene,DeconvSC,0.824324831739306
HCA_fold2,gene,DeconvSC,0.826480155724966
HCA_fold2,gene,DeconvSC,0.825559351406086
HCA_fold2,gene,DeconvSC,0.860192417246265
HCA_fold2,gene,DeconvSC,0.847202050596339
HCA_fold2,gene,DeconvSC,0.582806737315926
HCA_fold2,gene,DeconvSC,0.357664205590203
HCA_fold2,gene,DeconvSC,0.710635085479802
HCA_fold2,gene,DeconvSC,0.772808974001401
HCA_fold2,gene,DeconvSC,0.898950740855404
HCA_fold2,gene,DeconvSC,0.910179373908857
HCA_fold2,gene,DeconvSC,0.827873034937702
HCA_fold2,gene,DeconvSC,0.77395336105163
HCA_fold2,gene,DeconvSC,0.740439919862027
HCA_fold2,gene,DeconvSC,0.795046668131096
HCA_fold2,gene,DeconvSC,0.87825802454141
HCA_fold2,gene,DeconvSC,0.774649566690862
HCA_fold2,gene,DeconvSC,0.842259140305875
HCA_fold2,gene,DeconvSC,0.782727154651178
HCA_fold2,gene,DeconvSC,0.649952236006429
HCA_fold2,gene,DeconvSC,0.798682248253421
HCA_fold2,gene,DeconvSC,0.792845154600144
HCA_fold2,gene,DeconvSC,0.354541628271317
HCA_fold2,gene,DeconvSC,0.843724285318645
HCA_fold2,gene,DeconvSC,0.912027940853709
HCA_fold2,gene,DeconvSC,0.715467909044398
HCA_fold2,gene,DeconvSC,0.628488769309717
HCA_fold2,gene,DeconvSC,0.782107427034577
HCA_fold2,gene,DeconvSC,0.759596612114808
HCA_fold2,gene,DeconvSC,0.899635815088658
HCA_fold2,gene,DeconvSC,0.802699809223478
HCA_fold2,gene,DeconvSC,0.731272671081541
HCA_fold2,gene,DeconvSC,0.780044089910246
HCA_fold2,gene,DeconvSC,0.865601241481604
HCA_fold2,gene,DeconvSC,0.852579682804306
HCA_fold2,gene,DeconvSC,0.74410938911593
HCA_fold2,gene,DeconvSC,0.750001424689919
HCA_fold2,gene,DeconvSC,0.791670896433441
HCA_fold2,gene,DeconvSC,0.901614180632086
HCA_fold2,gene,DeconvSC,0.802513724166399
HCA_fold2,gene,DeconvSC,0.81725426994163
HCA_fold2,gene,DeconvSC,0.856000252760528
HCA_fold2,gene,DeconvSC,0.317783377993202
HCA_fold2,gene,DeconvSC,0.58918043064888
HCA_fold2,gene,DeconvSC,0.903595779344456
HCA_fold2,gene,DeconvSC,0.881155318578743
HCA_fold2,gene,DeconvSC,0.65515997034711
HCA_fold2,gene,DeconvSC,0.860480185985783
HCA_fold2,gene,DeconvSC,0.815004484207851
HCA_fold2,gene,DeconvSC,0.66066568299379
HCA_fold2,gene,DeconvSC,0.811132713722592
HCA_fold2,gene,DeconvSC,0.77097452406629
HCA_fold2,gene,DeconvSC,0.649795740182961
HCA_fold2,gene,DeconvSC,0.318027795217591
HCA_fold2,gene,DeconvSC,0.875304149852088
HCA_fold2,gene,DeconvSC,0.527993065491839
HCA_fold2,gene,DeconvSC,0.879293581522627
HCA_fold2,gene,DeconvSC,0.865236859208107
HCA_fold2,gene,DeconvSC,0.447356730859904
HCA_fold2,gene,DeconvSC,0.678535454173732
HCA_fold2,gene,DeconvSC,0.672994157397914
HCA_fold2,gene,DeconvSC,0.89868230954717
HCA_fold2,gene,DeconvSC,0.831223319881475
HCA_fold2,gene,DeconvSC,0.733455205940249
HCA_fold2,gene,DeconvSC,0.772057198092383
HCA_fold2,gene,DeconvSC,0.912706890585625
HCA_fold2,gene,DeconvSC,0.857493349661037
HCA_fold2,gene,DeconvSC,0.402669916154631
HCA_fold2,gene,DeconvSC,0.559750267619086
HCA_fold2,gene,DeconvSC,0.77244508116892
HCA_fold2,gene,DeconvSC,0.659394504052444
HCA_fold2,gene,DeconvSC,0.780476261995655
HCA_fold2,gene,DeconvSC,0.661452510868083
HCA_fold2,gene,DeconvSC,0.878161783170387
HCA_fold2,gene,DeconvSC,0.829991112595981
HCA_fold2,gene,DeconvSC,0.608209476284549
HCA_fold2,gene,DeconvSC,0.460343846624042
HCA_fold2,gene,DeconvSC,0.44485226946696
HCA_fold2,gene,DeconvSC,0.850446560371185
HCA_fold2,gene,DeconvSC,0.831604459645221
HCA_fold2,gene,DeconvSC,0.849305755114248
HCA_fold2,gene,DeconvSC,0.891586924343868
HCA_fold2,gene,DeconvSC,0.857125212356094
HCA_fold2,gene,DeconvSC,0.888023688348565
HCA_fold2,gene,DeconvSC,0.396919130281223
HCA_fold2,gene,DeconvSC,0.818459658400617
HCA_fold2,gene,DeconvSC,0.484872805316482
HCA_fold2,gene,DeconvSC,0.833544506682121
HCA_fold2,gene,DeconvSC,0.853164090536062
HCA_fold2,gene,DeconvSC,0.836139513118088
HCA_fold2,gene,DeconvSC,0.723527384340554
HCA_fold2,gene,DeconvSC,0.802704509234496
HCA_fold2,gene,DeconvSC,0.84096783452238
HCA_fold2,gene,DeconvSC,0.767214661884778
HCA_fold2,gene,DeconvSC,0.730973117143103
HCA_fold2,gene,DeconvSC,0.575773703839885
HCA_fold2,gene,DeconvSC,0.540712144093251
HCA_fold2,gene,DeconvSC,0.719424172833039
HCA_fold2,gene,DeconvSC,0.648015244238438
HCA_fold2,gene,DeconvSC,0.446968191910005
HCA_fold2,gene,DeconvSC,0.460874744451217
HCA_fold2,gene,DeconvSC,0.781906395968876
HCA_fold2,gene,DeconvSC,0.308772255080638
HCA_fold2,gene,DeconvSC,0.659087590729263
HCA_fold2,gene,DeconvSC,0.892620410426915
HCA_fold2,gene,DeconvSC,0.431776363016986
HCA_fold2,gene,DeconvSC,0.764710779790098
HCA_fold2,gene,DeconvSC,0.526475786322513
HCA_fold2,gene,DeconvSC,0.742300211489978
HCA_fold2,gene,DeconvSC,0.860421224221852
HCA_fold2,gene,DeconvSC,0.795154507402858
HCA_fold2,gene,DeconvSC,0.773736334912745
HCA_fold2,gene,DeconvSC,0.795238635356756
HCA_fold2,gene,DeconvSC,0.788830328899342
HCA_fold2,gene,DeconvSC,0.765294288576659
HCA_fold2,gene,DeconvSC,0.807099107580635
HCA_fold2,gene,DeconvSC,0.908708607439539
HCA_fold2,gene,DeconvSC,0.564020339106698
HCA_fold2,gene,DeconvSC,0.733259201420108
HCA_fold2,gene,DeconvSC,0.5119681052997
HCA_fold2,gene,DeconvSC,0.827595474005878
HCA_fold2,gene,DeconvSC,0.862692773341433
HCA_fold2,gene,DeconvSC,0.601998297553781
HCA_fold2,gene,DeconvSC,0.685995612733998
HCA_fold2,gene,DeconvSC,0.839938262390607
HCA_fold2,gene,DeconvSC,0.585559226236974
HCA_fold2,gene,DeconvSC,0.594704159230195
HCA_fold2,gene,DeconvSC,0.834843998724524
HCA_fold2,gene,DeconvSC,0.823450806849166
HCA_fold2,gene,DeconvSC,0.72553748806842
HCA_fold2,gene,DeconvSC,0.843038660073578
HCA_fold2,gene,DeconvSC,0.865861755949239
HCA_fold2,gene,DeconvSC,0.358642129080955
HCA_fold2,gene,DeconvSC,0.600478327380053
HCA_fold2,gene,DeconvSC,0.752765955446223
HCA_fold2,gene,DeconvSC,0.760790445235048
HCA_fold2,gene,DeconvSC,0.669188262176923
HCA_fold2,gene,DeconvSC,0.439443288349238
HCA_fold2,gene,DeconvSC,0.728987399376013
HCA_fold2,gene,DeconvSC,0.755998592878093
HCA_fold2,gene,DeconvSC,0.701777587626801
HCA_fold2,gene,DeconvSC,0.82798821261756
HCA_fold2,gene,DeconvSC,0.751365868095767
HCA_fold2,gene,DeconvSC,0.830782720295053
HCA_fold2,gene,DeconvSC,0.64875751835117
HCA_fold2,gene,DeconvSC,0.817082864391034
HCA_fold2,gene,DeconvSC,0.703561545600009
HCA_fold2,gene,DeconvSC,0.856716095534017
HCA_fold2,gene,DeconvSC,0.678661883550641
HCA_fold2,gene,DeconvSC,0.59019163772115
HCA_fold2,gene,DeconvSC,0.725591532196754
HCA_fold2,gene,DeconvSC,0.458872502592774
