,mean
CD4_EM,0.007462180378236323
CD4_naive,0.015614707385105966
CD8_EM,0.008185639440983182
CD8_naive,0.0027248186449708514
CD8_EMRA,0.0036585423442063703
CD4_Th17,0.0020556306832782457
CD8_RM,0.002609835431449228
NK,0.0073970944387564295
CD4_Th1,0.0012294543046673064
B_cell,0.012009370029502002
CD8_MAIT,0.0018544736986700766
NK_KLRC1,0.0014894766206348133
CD4_Treg,0.007685351334728582
CD8_gamma_delta,0.0010358936128925952
mast_cell,0.019685345203284615
proliferating_lymphoid,0.0006357688013758802
plasma,0.02371789510980842
cap_2,0.06292716036481756
vein_2,0.005300191803280933
cap_CX3CL1,0.010904356032277145
vein_PB,0.01925503177994186
cap_PB,0.00998053988660207
artery_1,0.016735838507964087
artery_2,0.002926213639298226
cap_1,0.05865425710834171
LEC,0.012849560535622225
vein_1,0.008342992840359468
cap_arterial,0.006356770557123657
large_vessel,0.0012928203247032503
cap_venous,0.0029656281579370815
proliferating_endothelial,0.0007730710581180844
macro_alveolar_SPP1,0.007184936438037195
macrophage_interstitial,0.028240549913857837
macro_alveolar,0.051126776045422394
monocyte_classical,0.023726144157343938
macro_HS3ST2,0.012148202010845885
cDC_type_2,0.003857281572319702
proliferating_myeloid,0.0028869256942606076
monocyte_non_classical,0.002212612884769033
cDC_type_1,0.001248096738509282
granulocyte,0.007011617484851503
migDC,0.0006131416325795455
monocyte_IL1B,0.0014908916191026089
pDC,0.00026745062025239477
SMC,0.021489552052440384
pericyte,0.010081290025980657
fibroblast_intermediate,0.008348483353635711
alveolar_fibroblast,0.07651160919399774
fibromyocyte,0.004908265146041906
adventitial_fibroblast,0.03911427037009089
myofibroblast,0.0025818145118386648
vascular_SMC,0.0035848328082270647
fibroblast_matrix,0.004548280361556529
mesothelial,0.000867220594376752
basal,0.010415338097126811
AT2,0.16485875168308262
goblet,0.01638690432850246
AT1,0.09599061848795991
ciliated,0.040080350101559595
club,0.01731785230953587
proliferating_epithelial,0.0019742822165060903
neuroendocrine,0.0006097474864502128
