sample,Podo,PT,MPH,Endo,B,CNT,aLOH,Unknown,DCT,CD_IC,MC,Fib,CD_PC,T,NK,CD_Trans,Neut,Tub,CD_IC_A,CD_IC_B
real_donor,0.0,0.2741649693031818,0.0,0.0,0.0,0.04282028648450077,0.0,0.6830147442123174,0.0,0.0,0.0,0.0,0.0,0.0,0.0,0.0,0.0,0.0,0.0,0.0
rreal_000,0.0,0.3164246818188702,0.0,0.0,0.0,0.02781819121555086,0.0,0.6557571269655791,0.0,0.0,0.0,0.0,0.0,0.0,0.0,0.0,0.0,0.0,0.0,0.0
rreal_001,0.0,0.2764742426873267,0.0,0.0,0.0,0.059972692995160407,0.0,0.663553064317513,0.0,0.0,0.0,0.0,0.0,0.0,0.0,0.0,0.0,0.0,0.0,0.0
rreal_002,0.0,0.2624332363141514,0.0,0.0,0.0,0.052621526095525686,0.0,0.684945237590323,0.0,0.0,0.0,0.0,0.0,0.0,0.0,0.0,0.0,0.0,0.0,0.0
rreal_003,0.0,0.2914303495752382,0.0,0.0,0.0,0.05781135907136813,0.0,0.6507582913533937,0.0,0.0,0.0,0.0,0.0,0.0,0.0,0.0,0.0,0.0,0.0,0.0
rreal_004,0.0,0.28442474028008036,0.0,0.0,0.0,0.06670478563469179,0.0,0.6488704740852278,0.0,0.0,0.0,0.0,0.0,0.0,0.0,0.0,0.0,0.0,0.0,0.0
rreal_005,0.0,0.3079308687726499,0.0,0.0,0.0,0.019791630757111874,0.0,0.6722775004702383,0.0,0.0,0.0,0.0,0.0,0.0,0.0,0.0,0.0,0.0,0.0,0.0
rreal_006,0.0,0.284726224146499,0.0,0.0,0.0,0.05603921576890475,0.0,0.6592345600845962,0.0,0.0,0.0,0.0,0.0,0.0,0.0,0.0,0.0,0.0,0.0,0.0
rreal_007,0.0,0.2809348221336593,0.0,0.0,0.0,0.04470115313475696,0.0,0.6743640247315837,0.0,0.0,0.0,0.0,0.0,0.0,0.0,0.0,0.0,0.0,0.0,0.0
rreal_008,0.0,0.28452364743452147,0.0,0.0,0.0,0.02143783619644229,0.0,0.6940385163690364,0.0,0.0,0.0,0.0,0.0,0.0,0.0,0.0,0.0,0.0,0.0,0.0
rreal_009,0.0,0.2608525580974464,0.0,0.0,0.0,0.054937654361138816,0.0,0.6842097875414149,0.0,0.0,0.0,0.0,0.0,0.0,0.0,0.0,0.0,0.0,0.0,0.0
rreal_010,0.0,0.2709666667991845,0.0,0.0,0.0,0.033390856631930116,0.0,0.6956424765688853,0.0,0.0,0.0,0.0,0.0,0.0,0.0,0.0,0.0,0.0,0.0,0.0
rreal_011,0.0,0.2891103820371327,0.0,0.0,0.0,0.04818812384043227,0.0,0.6627014941224351,0.0,0.0,0.0,0.0,0.0,0.0,0.0,0.0,0.0,0.0,0.0,0.0
rreal_012,0.0,0.27740827360803444,0.0,0.0,0.0,0.0551780357962012,0.0,0.6674136905957644,0.0,0.0,0.0,0.0,0.0,0.0,0.0,0.0,0.0,0.0,0.0,0.0
rreal_013,0.0,0.2691471146890299,0.0,0.0,0.0,0.0341488916984604,0.0,0.6967039936125098,0.0,0.0,0.0,0.0,0.0,0.0,0.0,0.0,0.0,0.0,0.0,0.0
rreal_014,0.0,0.27170208706424276,0.0,0.0,0.0,0.039549094438205604,0.0,0.6887488184975518,0.0,0.0,0.0,0.0,0.0,0.0,0.0,0.0,0.0,0.0,0.0,0.0
rreal_015,0.0,0.2627196979976697,0.0,0.0,0.0,0.05538667377890956,0.0,0.6818936282234208,0.0,0.0,0.0,0.0,0.0,0.0,0.0,0.0,0.0,0.0,0.0,0.0
rreal_016,0.0,0.2723033400039562,0.0,0.0,0.0,0.0461784194009077,0.0,0.6815182405951362,0.0,0.0,0.0,0.0,0.0,0.0,0.0,0.0,0.0,0.0,0.0,0.0
rreal_017,0.0,0.23483161099786018,0.0,0.0,0.0,0.05845734099460102,0.0,0.7067110480075388,0.0,0.0,0.0,0.0,0.0,0.0,0.0,0.0,0.0,0.0,0.0,0.0
rreal_018,0.0,0.26549504846847977,0.0,0.0,0.0,0.05295072168701724,0.0,0.6815542298445031,0.0,0.0,0.0,0.0,0.0,0.0,0.0,0.0,0.0,0.0,0.0,0.0
rreal_019,0.0,0.2666470431307327,0.0,0.0,0.0,0.06461108083245555,0.0,0.6687418760368118,0.0,0.0,0.0,0.0,0.0,0.0,0.0,0.0,0.0,0.0,0.0,0.0
rreal_020,0.0,0.28153201271782796,0.0,0.0,0.0,0.05891857426233992,0.0,0.659549413019832,0.0,0.0,0.0,0.0,0.0,0.0,0.0,0.0,0.0,0.0,0.0,0.0
rreal_021,0.0,0.2988746886311658,0.0,0.0,0.0,0.059400131502748865,0.0,0.6417251798660853,0.0,0.0,0.0,0.0,0.0,0.0,0.0,0.0,0.0,0.0,0.0,0.0
rreal_022,0.0,0.30721477376302453,0.0,0.0,0.0,0.05781988609514065,0.0,0.6349653401418349,0.0,0.0,0.0,0.0,0.0,0.0,0.0,0.0,0.0,0.0,0.0,0.0
rreal_023,0.0,0.284108010205338,0.0,0.0,0.0,0.05311867868087709,0.0,0.6627733111137849,0.0,0.0,0.0,0.0,0.0,0.0,0.0,0.0,0.0,0.0,0.0,0.0
rreal_024,0.0,0.27851948508297913,0.0,0.0,0.0,0.030562541497874133,0.0,0.6909179734191468,0.0,0.0,0.0,0.0,0.0,0.0,0.0,0.0,0.0,0.0,0.0,0.0
rreal_025,0.0,0.26023771764322245,0.0,0.0,0.0,0.06102252418589726,0.0,0.6787397581708803,0.0,0.0,0.0,0.0,0.0,0.0,0.0,0.0,0.0,0.0,0.0,0.0
rreal_026,0.0,0.2721450289453091,0.0,0.0,0.0,0.05936275432023692,0.0,0.668492216734454,0.0,0.0,0.0,0.0,0.0,0.0,0.0,0.0,0.0,0.0,0.0,0.0
rreal_027,0.0,0.24548298755696676,0.0,0.0,0.0,0.05348357774274419,0.0,0.701033434700289,0.0,0.0,0.0,0.0,0.0,0.0,0.0,0.0,0.0,0.0,0.0,0.0
rreal_028,0.0,0.28391997769914284,0.0,0.0,0.0,0.03237932590311264,0.0,0.6837006963977443,0.0,0.0,0.0,0.0,0.0,0.0,0.0,0.0,0.0,0.0,0.0,0.0
rreal_029,0.0,0.24363651500624672,0.0,0.0,0.0,0.05004470446906275,0.0,0.7063187805246905,0.0,0.0,0.0,0.0,0.0,0.0,0.0,0.0,0.0,0.0,0.0,0.0
rbroad_000,0.0,0.19395215518167644,0.0,0.0,0.0,0.08140148068584395,0.0,0.7246463641324794,0.0,0.0,0.0,0.0,0.0,0.0,0.0,0.0,0.0,0.0,0.0,0.0
rbroad_001,0.0,0.17059819283579142,0.0,0.0,0.0,0.05586937484828681,0.0,0.773532432315922,0.0,0.0,0.0,0.0,0.0,0.0,0.0,0.0,0.0,0.0,0.0,0.0
rbroad_002,0.0,0.11397479905002707,0.0,0.0,0.0,0.06678344387545825,0.0,0.7962636123439019,0.0,0.0,0.0,0.02297814473061292,0.0,0.0,0.0,0.0,0.0,0.0,0.0,0.0
rbroad_003,0.0,0.06413899903832122,0.0,0.0,0.0,0.04960629312661141,0.0,0.8753276821357835,0.0,0.0,0.0,0.01092702569928389,0.0,0.0,0.0,0.0,0.0,0.0,0.0,0.0
rbroad_004,0.0,0.14637164841217848,0.0,0.0,0.0,0.09698179317184921,0.0,0.7566465584159722,0.0,0.0,0.0,0.0,0.0,0.0,0.0,0.0,0.0,0.0,0.0,0.0
rbroad_005,0.0,0.27233796497482854,0.0,0.0,0.0,0.03197527294125539,0.0,0.6956867620839161,0.0,0.0,0.0,0.0,0.0,0.0,0.0,0.0,0.0,0.0,0.0,0.0
rbroad_006,0.0,0.20754212858242255,0.0,0.0,0.0,0.14195462952378513,0.0,0.5952280392476631,0.0,0.0,0.0,0.055275202646129104,0.0,0.0,0.0,0.0,0.0,0.0,0.0,0.0
rbroad_007,0.0,0.19590190117429226,0.0,0.0,0.0,0.14985188447535594,0.0,0.5989085809680644,0.0,0.0,0.0,0.05533763338228735,0.0,0.0,0.0,0.0,0.0,0.0,0.0,0.0
rbroad_008,0.0,0.10759483676374251,0.0,0.0,0.0,0.12781936257078932,0.0,0.7645858006654681,0.0,0.0,0.0,0.0,0.0,0.0,0.0,0.0,0.0,0.0,0.0,0.0
rbroad_009,0.0,0.042440212827432856,0.0,0.0,0.0,0.031564080644670464,0.0,0.9259957065278968,0.0,0.0,0.0,0.0,0.0,0.0,0.0,0.0,0.0,0.0,0.0,0.0
rbroad_010,0.0,0.16479841990388677,0.0,0.0,0.0,0.041711864274940696,0.0,0.7174315096462103,0.0,0.0,0.0,0.07605820617496227,0.0,0.0,0.0,0.0,0.0,0.0,0.0,0.0
rbroad_011,0.0,0.2047077446583063,0.0,0.0,0.0,0.03283956473114728,0.0,0.7624526906105463,0.0,0.0,0.0,0.0,0.0,0.0,0.0,0.0,0.0,0.0,0.0,0.0
rbroad_012,0.0,0.14571006570191888,0.0,0.0,0.0,0.06336556987587054,0.0,0.6036710645664757,0.0,0.0,0.0,0.1872532998557348,0.0,0.0,0.0,0.0,0.0,0.0,0.0,0.0
rbroad_013,0.0,0.05262562508243814,0.0,0.0,0.0,0.07780016009932757,0.0,0.8695742148182343,0.0,0.0,0.0,0.0,0.0,0.0,0.0,0.0,0.0,0.0,0.0,0.0
rbroad_014,0.0,0.18139596618329587,0.0,0.0,0.0,0.07268958854634204,0.0,0.7459144452703621,0.0,0.0,0.0,0.0,0.0,0.0,0.0,0.0,0.0,0.0,0.0,0.0
rbroad_015,0.0,0.0980021708110662,0.0,0.0,0.0,0.11187849328893379,0.0,0.7901193359,0.0,0.0,0.0,0.0,0.0,0.0,0.0,0.0,0.0,0.0,0.0,0.0
rbroad_016,0.0,0.15910061522058372,0.0,0.0,0.0,0.046100674160585296,0.0,0.7290256552202774,0.0,0.0,0.0,0.06577305539855359,0.0,0.0,0.0,0.0,0.0,0.0,0.0,0.0
rbroad_017,0.0,0.11428588788693021,0.0,0.0,0.0,0.13143251288463229,0.0,0.7542815992284375,0.0,0.0,0.0,0.0,0.0,0.0,0.0,0.0,0.0,0.0,0.0,0.0
rbroad_018,0.0,0.16348886941762714,0.0,0.0,0.0,0.04347495347148652,0.0,0.7837344917171223,0.0,0.0,0.0,0.009301685393763939,0.0,0.0,0.0,0.0,0.0,0.0,0.0,0.0
rbroad_019,0.0,0.174364050350252,0.0,0.0,0.0,0.05163485728688569,0.0,0.7740010923628624,0.0,0.0,0.0,0.0,0.0,0.0,0.0,0.0,0.0,0.0,0.0,0.0
rbroad_020,0.0,0.19109591380585816,0.0,0.0,0.0,0.05394057371118657,0.0,0.6298514072599405,0.0,0.0,0.0,0.1251121052230148,0.0,0.0,0.0,0.0,0.0,0.0,0.0,0.0
rbroad_021,0.0,0.10237903405787048,0.0,0.0,0.0,0.08981450652922836,0.0,0.8078064594129011,0.0,0.0,0.0,0.0,0.0,0.0,0.0,0.0,0.0,0.0,0.0,0.0
rbroad_022,0.0,0.1517655442977401,0.0,0.0,0.0,0.07358540705249297,0.0,0.698075000864255,0.0,0.0,0.0,0.07657404778551202,0.0,0.0,0.0,0.0,0.0,0.0,0.0,0.0
rbroad_023,0.0,0.1164718035035649,0.0,0.0,0.0,0.07407355001247466,0.0,0.8094546464839605,0.0,0.0,0.0,0.0,0.0,0.0,0.0,0.0,0.0,0.0,0.0,0.0
rbroad_024,0.0,0.16421420316296745,0.0,0.0,0.0,0.10740692160615471,0.0,0.728378875230878,0.0,0.0,0.0,0.0,0.0,0.0,0.0,0.0,0.0,0.0,0.0,0.0
rbroad_025,0.0,0.10987065271087483,0.0,0.0,0.0,0.09130034316622478,0.0,0.794227196350297,0.0,0.0,0.0,0.004601807772603371,0.0,0.0,0.0,0.0,0.0,0.0,0.0,0.0
rbroad_026,0.0,0.1074054617315108,0.0,0.0,0.0,0.11859861351637357,0.0,0.7739959247521156,0.0,0.0,0.0,0.0,0.0,0.0,0.0,0.0,0.0,0.0,0.0,0.0
rbroad_027,0.0,0.12706464331913928,0.0,0.0,0.0,0.09844469023748222,0.0,0.7744906664433786,0.0,0.0,0.0,0.0,0.0,0.0,0.0,0.0,0.0,0.0,0.0,0.0
rbroad_028,0.0,0.19465086463477418,0.0,0.0,0.0,0.05547484102681726,0.0,0.7498742943384087,0.0,0.0,0.0,0.0,0.0,0.0,0.0,0.0,0.0,0.0,0.0,0.0
rbroad_029,0.0,0.16327512933065394,0.0,0.0,0.0,0.10752497495323987,0.0,0.7291998957161063,0.0,0.0,0.0,0.0,0.0,0.0,0.0,0.0,0.0,0.0,0.0,0.0
