sample,"Activated, proliferative cells","Homeostatic, immediate-early cells","Activated, non-proliferative cells",Myeloid progenitor cells,"Homeostatic, non-proliferative cells"
GSM7062715_Bulk_iMGL_D0_rep1,0.2591872434609235,0.2831117537140489,0.12155764452820822,0.3224599572242605,0.01368340107255875
GSM7062716_Bulk_iMGL_D0_rep2,0.2819023216267755,0.28161383386832733,0.12873173762967358,0.2940203059665578,0.013731800908665872
GSM7062717_Bulk_iMGL_D0_rep3,0.292708622769128,0.27065071108332245,0.12821674232391178,0.2960219159107194,0.012402007912918418
GSM7062718_Bulk_iMGL_D1_rep1,0.5241623214991378,0.21436169044578807,0.12880102968950471,0.07945173739566037,0.053223220969908995
GSM7062719_Bulk_iMGL_D1_rep2,0.5410442182058189,0.21341802478848687,0.1224546069636697,0.07450987417067532,0.048573275871349075
GSM7062720_Bulk_iMGL_D1_rep3,0.5717119830092973,0.20653455516861685,0.12466589853362212,0.0659490902114679,0.03113847307699575
GSM7062721_Bulk_iMGL_D2_rep1,0.5771356002137813,0.23861700570977945,0.11368797987165132,0.06611904189668664,0.004440372308101347
GSM7062722_Bulk_iMGL_D2_rep2,0.5725752519830524,0.23685778283754874,0.11460403904213834,0.06696861204329971,0.00899431409396092
GSM7062723_Bulk_iMGL_D2_rep3,0.5793717540272707,0.22791749216887433,0.1151894223879232,0.07164229437129419,0.005879037044637769
GSM7062724_Bulk_iMGL_D3_rep1,0.6838856244254188,0.15809108596296653,0.12365674091843426,0.03198717633857306,0.0023793723546073568
GSM7062725_Bulk_iMGL_D3_rep2,0.6182890198728925,0.2055331399764725,0.13171034598797138,0.04155678929113302,0.002910704871530463
GSM7062726_Bulk_iMGL_D3_rep3,0.5916644848141106,0.22236645696241833,0.13276285684115752,0.05042206562982286,0.0027841357524905747
GSM7062727_Bulk_iMGL_D4_rep1,0.49775632041733997,0.33660126751160735,0.15771561399841094,0.007689387724878476,0.0002374103477633162
GSM7062728_Bulk_iMGL_D4_rep2,0.47293875944089153,0.3637619309456448,0.15315973269331823,0.009956083398475288,0.00018349352167010665
GSM7062729_Bulk_iMGL_D4_rep3,0.48008324666723373,0.3574747923668522,0.1523384930428101,0.009870189761484814,0.00023327816161908222
