sample,Activated myofibroblasts,Alveolar macrophages,B cells,CD4 T cells,Classical monocytes,Club,DC monocyte,DC1,DC2,Deuterosomal,EC aerocyte capillary,EC venous systemic,Fibroblasts PLIN2+,Goblet,Macrophages MARCO-,Macrophages SPP1 high,NK cells,None,Pericytes,Plasma cells,Plasmacytoid DCs,Subpleural fibroblasts,Transitional AT2
homosapiens_None_2023_None_sikkemalisa_001_d10_1101_2022_03_10_483747THD0007__rep0000,0.002436202,0.0013225042,0.003582254,0.07858155,0.0396879,0.1268867,0.008749384,0.006055989,0.00013869503,0.00019887582,0.04352546,0.0040961825,0.00519859,0.01714996,0.21034077,0.0057685724,0.001655466,0.38589594,0.00022730335,0.033097997,0.00014371585,3.8793492e-05,0.025221264
homosapiens_None_2023_None_sikkemalisa_001_d10_1101_2022_03_10_483747THD0007__rep0001,0.0014103327,0.005220086,0.018083528,0.059900735,0.048931293,0.0014407441,0.013687852,0.0022400555,0.00015951264,0.00014554005,0.12983017,0.041239083,0.001650534,0.00037592716,0.15563802,0.0025013695,0.00025640114,0.48250422,0.00016006092,0.0069101593,7.863788e-05,2.6005946e-05,0.027609846
homosapiens_None_2023_None_sikkemalisa_001_d10_1101_2022_03_10_483747THD0007__rep0002,0.00023545636,0.0005817495,0.12041624,0.019257898,0.044177186,0.018414315,0.0074822847,0.0013006192,3.9153907e-05,4.6606467e-05,0.034244854,0.008363969,0.0011320102,0.00028838837,0.1167322,0.00085410895,0.00014940804,0.5581715,2.6142561e-05,0.036362745,1.965081e-05,4.21934e-06,0.031699363
homosapiens_None_2023_None_sikkemalisa_001_d10_1101_2022_03_10_483747THD0007__rep0003,0.0011675806,0.00053888484,0.00066526834,0.006674319,0.025602875,0.020368427,0.00047564248,0.00011698912,6.371786e-06,3.7695604e-06,0.029473782,0.000133497,0.004071541,0.0003441923,0.076151185,0.00011553731,3.862497e-05,0.631848,4.913265e-06,0.18106718,1.0086034e-06,2.1814243e-07,0.021130351
homosapiens_None_2023_None_sikkemalisa_001_d10_1101_2022_03_10_483747THD0007__rep0004,0.016867226,0.006308918,0.001534966,0.006789716,0.065038845,0.00076923834,0.0019237307,0.001134056,6.3826395e-05,3.181949e-05,0.05623839,0.00021154337,0.001407491,8.684025e-05,0.21503226,0.0039415113,4.1070336e-05,0.4785408,1.7760194e-05,0.1304358,1.6543556e-05,7.11875e-06,0.013560517
homosapiens_None_2023_None_sikkemalisa_001_d10_1101_2022_03_10_483747THD0007__rep0005,0.0641391,0.009978366,0.0006880222,0.10387704,0.053387966,0.00045231072,0.0013548058,8.7169574e-05,9.998116e-06,2.4551433e-05,0.007805031,4.6843943e-05,0.0022084075,4.4928045e-05,0.26234657,0.00014910789,0.000105716084,0.47702718,8.846232e-06,0.0076469327,4.215094e-06,2.6927844e-06,0.008604236
homosapiens_None_2023_None_sikkemalisa_001_d10_1101_2022_03_10_483747THD0007__rep0006,0.00085279817,0.00045704973,0.0077491654,0.0055216732,0.21415022,0.0042485013,0.013851704,0.002127654,2.1733871e-05,9.283771e-06,0.0024883323,4.0519848e-05,0.008549471,1.951168e-05,0.23215622,0.00064398185,2.113816e-05,0.44903088,4.324331e-06,0.051765513,3.2202731e-06,2.4847254e-06,0.0062846416
homosapiens_None_2023_None_sikkemalisa_001_d10_1101_2022_03_10_483747THD0007__rep0007,0.005450594,0.00023367479,0.001799881,0.0027927703,0.06924788,0.0057201134,0.005437192,0.0048059896,1.0368629e-05,3.0306167e-06,0.00838844,1.3482792e-05,0.00090553385,3.8385646e-05,0.08620039,0.00012884763,2.4187924e-05,0.58463293,6.043245e-06,0.19757704,1.1856956e-06,5.2264204e-07,0.026581561
homosapiens_None_2023_None_sikkemalisa_001_d10_1101_2022_03_10_483747THD0007__rep0008,0.023541763,0.008155369,0.00059768435,0.0073603354,0.04218303,0.00038297515,0.0028268688,0.0003538268,4.531203e-05,3.0283623e-05,0.012089197,0.000107394764,0.029570673,3.0831656e-05,0.26989222,0.0037005658,7.0075504e-05,0.567306,4.854586e-05,0.030000355,9.756128e-06,7.178627e-06,0.0016898365
homosapiens_None_2023_None_sikkemalisa_001_d10_1101_2022_03_10_483747THD0007__rep0009,0.022383472,0.0053784256,0.0018956555,0.025188878,0.021162083,0.017736632,0.002069897,0.0007439618,6.847161e-05,5.9432798e-05,0.033865202,0.004633427,0.032885585,0.00064709916,0.13543586,0.0019009273,0.00022503598,0.6113996,0.0001381224,0.06565413,3.4646084e-05,8.896171e-06,0.016484581
homosapiens_None_2023_None_sikkemalisa_001_d10_1101_2022_03_10_483747THD0007__rep0010,0.002289401,0.00300499,0.101001345,0.046408303,0.08516728,0.014848241,0.006552479,0.0017223735,0.000103035665,6.333893e-05,0.027705528,0.0014560022,0.034641463,0.00012724748,0.22995745,0.0012508826,0.00015784141,0.42534173,5.3710824e-05,0.011845679,3.551281e-05,1.3709556e-05,0.00625244
homosapiens_None_2023_None_sikkemalisa_001_d10_1101_2022_03_10_483747THD0007__rep0011,0.0048409807,0.00017773137,0.0011029395,0.0097830435,0.12148551,0.0011890546,0.029891737,0.063279346,1.7924734e-05,6.624826e-06,0.035122033,0.00013080299,0.004898582,4.795284e-05,0.19454446,0.00020869084,1.1959137e-05,0.5236685,9.151872e-06,0.007085633,3.94609e-06,1.3352029e-06,0.0024920634
homosapiens_None_2023_None_sikkemalisa_001_d10_1101_2022_03_10_483747THD0007__rep0012,0.018330377,0.014285425,0.00073725637,0.016630102,0.047510013,0.09657378,0.0083545195,0.0018520505,3.704514e-05,7.4516545e-05,0.037416417,0.00037496016,0.035786882,0.009597272,0.3302167,0.015064164,0.0005326824,0.3571523,0.00010018494,0.0003273094,4.2891228e-05,2.9208191e-05,0.008973908
homosapiens_None_2023_None_sikkemalisa_001_d10_1101_2022_03_10_483747THD0007__rep0013,0.0030539408,0.035278678,0.0028466496,0.0145201795,0.11746661,0.00037585036,0.0032585154,0.00022391474,5.6246252e-05,3.4856082e-05,0.024700824,0.00044222904,0.00044758184,9.337989e-06,0.34914917,0.0018444485,9.710541e-05,0.4262283,7.1451486e-06,0.017203366,9.606416e-06,8.7279095e-06,0.0027366877
homosapiens_None_2023_None_sikkemalisa_001_d10_1101_2022_03_10_483747THD0007__rep0014,0.00016910637,0.00067179766,0.0050074924,0.0102683185,0.105615206,0.06826629,0.0017401874,0.00040969782,2.8563725e-05,3.578869e-05,0.027211046,0.0007431762,0.00026121797,0.00045383247,0.2171458,0.003532837,0.00011288308,0.36736482,1.5414293e-05,0.18083058,1.4578504e-05,4.705413e-06,0.010096638
homosapiens_None_2023_None_sikkemalisa_001_d10_1101_2022_03_10_483747THD0014__rep0000,0.0005540775,0.02810346,0.00020480543,0.009361808,0.07193814,0.020141762,0.011055432,0.08593708,8.4712065e-06,2.2491515e-05,0.106505804,0.00026078138,0.0001120121,0.0025088645,0.24135767,0.01045562,0.0005795661,0.35975805,1.5973348e-05,3.7522357e-05,7.366828e-06,6.3907314e-06,0.051066924
homosapiens_None_2023_None_sikkemalisa_001_d10_1101_2022_03_10_483747THD0014__rep0001,0.023129597,0.005032227,8.548114e-05,0.0006330143,0.03361024,0.03638368,0.0026120336,0.004494878,1.6711265e-05,7.939717e-06,0.020979514,4.4408607e-05,0.0041143564,0.0008229242,0.16824488,0.17297447,9.794537e-05,0.4742897,1.4917256e-05,0.014311163,6.8078652e-06,8.181757e-06,0.038084958
homosapiens_None_2023_None_sikkemalisa_001_d10_1101_2022_03_10_483747THD0014__rep0002,0.017572874,0.026525343,0.0006306934,0.009219696,0.03020027,0.08084119,0.011427865,0.014439239,5.708742e-05,0.00011889863,0.044740893,0.02971271,0.033162586,0.003362463,0.16996,0.01750086,0.00059945614,0.45713168,0.000100166995,0.00034829698,6.7971414e-05,6.828751e-05,0.052211415
homosapiens_None_2023_None_sikkemalisa_001_d10_1101_2022_03_10_483747THD0014__rep0003,0.07963934,0.037058752,0.00035792304,0.0037764027,0.069587156,0.05257802,0.011059529,0.0041422364,6.0505066e-05,8.594651e-05,0.019786805,0.00040817115,0.0139724845,0.0034794793,0.2228061,0.06722045,0.0004326893,0.3635815,9.208411e-05,0.0011462955,5.2801046e-05,7.088177e-05,0.04860444
homosapiens_None_2023_None_sikkemalisa_001_d10_1101_2022_03_10_483747THD0014__rep0004,0.001666465,0.0047016414,7.011119e-05,0.0012872925,0.1532369,0.004936986,0.007544503,0.009444481,1.4301119e-05,3.652948e-06,0.0084903855,1.2704694e-05,0.0005126474,5.7019865e-06,0.25434315,0.20932975,3.313815e-05,0.34179443,1.7323254e-06,0.00023041405,2.164779e-06,1.891295e-06,0.0023355149
homosapiens_None_2023_None_sikkemalisa_001_d10_1101_2022_03_10_483747THD0014__rep0005,0.011127433,0.0076767243,0.00036117472,0.0097740125,0.046053976,0.017640576,0.005713996,0.0015066317,1.2555915e-05,0.00010998611,0.11709926,0.027906502,0.0031186473,0.034201507,0.1040796,0.0016136375,0.00025814187,0.5482484,0.0003258259,0.00018940479,1.9265435e-05,1.6305812e-05,0.06294639
homosapiens_None_2023_None_sikkemalisa_001_d10_1101_2022_03_10_483747THD0014__rep0006,0.017187778,0.0028130154,0.00029931017,0.0039378917,0.074697986,0.01853078,0.045459554,0.11710234,4.622888e-05,4.3182616e-05,0.026671182,0.00043208734,0.0031515155,0.0015217462,0.17039964,0.02400498,0.00011712801,0.43036917,9.312659e-06,0.00070198067,2.107865e-05,9.352773e-06,0.062472794
homosapiens_None_2023_None_sikkemalisa_001_d10_1101_2022_03_10_483747THD0014__rep0007,0.0014206881,0.0132302735,0.00024256606,0.014894107,0.03491118,0.03433023,0.012076807,0.116511166,8.345074e-06,2.1909464e-05,0.13666736,0.0012665009,0.00039067582,0.0007513981,0.15811248,0.0031486778,0.00036511593,0.43510967,2.0206766e-05,2.0714342e-05,6.5481063e-06,3.3692845e-06,0.03649012
homosapiens_None_2023_None_sikkemalisa_001_d10_1101_2022_03_10_483747THD0014__rep0008,0.0023524994,0.0046202308,0.0009120047,0.0034721298,0.076750174,0.015009062,0.018046878,0.050887194,0.000107571825,1.4784179e-05,0.023760902,0.011460499,0.000438983,0.00018758228,0.19070499,0.032184683,0.00015778291,0.49208048,2.5647687e-05,0.061353505,2.9113957e-05,1.50749665e-05,0.0154282525
homosapiens_None_2023_None_sikkemalisa_001_d10_1101_2022_03_10_483747THD0014__rep0009,0.02785059,0.005884661,0.0008097635,0.003747511,0.066337556,0.012871499,0.014100644,0.09444988,9.9244615e-05,2.4177723e-05,0.024671828,0.006046677,0.0011380487,0.00040159322,0.20131811,0.04332887,0.00017765221,0.47234643,5.3374555e-05,0.009506948,4.0589384e-05,1.932575e-05,0.014775005
homosapiens_None_2023_None_sikkemalisa_001_d10_1101_2022_03_10_483747THD0014__rep0010,0.020231763,0.007801851,0.0010860366,0.006992894,0.1202571,0.062239874,0.023410102,0.05038186,0.0002078231,8.9409434e-05,0.043582898,0.004539445,0.0039994265,0.0028920376,0.15583897,0.0032814848,0.00027674553,0.40183207,4.714818e-05,0.043122943,5.807876e-05,3.7868405e-05,0.047792085
homosapiens_None_2023_None_sikkemalisa_001_d10_1101_2022_03_10_483747THD0014__rep0011,0.026979728,0.00906389,0.00076416216,0.010458295,0.06754088,0.0100136,0.024556981,0.047926906,5.3904965e-05,7.3665724e-05,0.04527773,0.0631208,0.0021985802,0.00041564376,0.14609417,0.0026758797,0.00029208694,0.4921232,4.9213817e-05,0.0010485795,2.9048422e-05,2.7000862e-05,0.04921593
homosapiens_None_2023_None_sikkemalisa_001_d10_1101_2022_03_10_483747THD0014__rep0012,0.0010692618,0.0380838,0.0011695628,0.005695558,0.054488774,0.08346605,0.017067425,0.015426857,8.9232235e-05,5.9874565e-05,0.02740504,0.07257717,0.0009142458,0.003144498,0.23034318,0.032556538,0.0005300249,0.3884611,0.000116472496,0.010879024,5.752888e-05,4.633079e-05,0.016352449
homosapiens_None_2023_None_sikkemalisa_001_d10_1101_2022_03_10_483747THD0014__rep0013,0.002736646,0.0024010763,0.00013967985,0.0010945983,0.07010045,0.025765564,0.014145912,0.025653685,2.4615183e-05,1.727795e-05,0.012426477,0.00069435115,0.00034692042,0.007725505,0.20071901,0.028867112,0.00015718427,0.5138109,3.632712e-05,0.021526825,1.1735684e-05,8.634712e-06,0.07158949
homosapiens_None_2023_None_sikkemalisa_001_d10_1101_2022_03_10_483747THD0014__rep0014,0.07962155,0.03352924,0.0006011734,0.008331837,0.048416354,0.034347523,0.011806603,0.003627594,8.394085e-05,0.00018335189,0.052286968,0.0031032863,0.0073624193,0.0012767621,0.16505508,0.0048692706,0.0005660526,0.43994388,0.00017467618,0.0025613506,5.7141355e-05,7.34053e-05,0.10212054
homosapiens_None_2023_None_sikkemalisa_001_d10_1101_2022_03_10_483747VUHD071__rep0000,0.0019237048,0.013028726,0.003370416,0.027314782,0.087149784,0.013548741,0.0713049,0.005581039,0.0003527633,0.00023224685,0.08898964,0.004650744,0.000446157,0.004050832,0.15223002,0.017212037,0.0010881247,0.40263003,0.006446034,0.0030615989,0.00012964188,9.162553e-05,0.09516635
homosapiens_None_2023_None_sikkemalisa_001_d10_1101_2022_03_10_483747VUHD071__rep0001,0.00036298964,0.004392795,0.0021906644,0.007252759,0.038573205,0.04544195,0.007888709,0.056384344,0.00013273684,0.0034144758,0.020955933,0.00010833727,0.00012745846,0.0011845258,0.115837105,0.0022552342,0.00034854928,0.59002423,0.0003684693,0.073938996,1.4385223e-05,8.070257e-06,0.028794069
homosapiens_None_2023_None_sikkemalisa_001_d10_1101_2022_03_10_483747VUHD071__rep0002,0.00034347357,0.010065705,0.0012572801,0.03739434,0.080335304,0.058601532,0.012705002,0.024952443,0.00076313916,0.00087674503,0.016166136,0.0001458081,0.0001665632,0.00042414636,0.17258619,0.19066067,0.018745918,0.363302,0.00048202425,0.0066486183,4.8394155e-05,4.699549e-05,0.0032816122
homosapiens_None_2023_None_sikkemalisa_001_d10_1101_2022_03_10_483747VUHD071__rep0003,0.0011036439,0.014406086,0.004528335,0.09436527,0.108733356,0.026391776,0.0134496875,0.059827607,0.0013638593,0.00039468674,0.024070257,0.00013626085,0.0007578538,0.0010924892,0.19978549,0.0495162,0.011904098,0.3292441,0.00086440815,0.024422077,0.00013994935,0.00013111463,0.033371355
homosapiens_None_2023_None_sikkemalisa_001_d10_1101_2022_03_10_483747VUHD071__rep0004,4.250536e-05,0.014390912,0.00093111163,0.017945062,0.07108204,0.061892185,0.011888348,0.057030898,5.1697523e-05,2.2246133e-05,0.03399023,0.00014255343,2.7405858e-05,5.472718e-05,0.23130694,0.1479077,0.004196917,0.34609747,0.00049928395,0.00031439483,1.15300645e-05,9.1781585e-06,0.00016461167
homosapiens_None_2023_None_sikkemalisa_001_d10_1101_2022_03_10_483747VUHD071__rep0005,4.3015276e-05,0.008720361,0.0009194212,0.061760947,0.062133335,0.049226217,0.029222324,0.00072638696,0.0002655973,0.0007934736,0.013299678,3.7374775e-05,5.7247824e-05,9.177362e-05,0.256326,0.115867436,0.026006073,0.37365943,0.0002223343,0.00026634327,1.8295286e-05,1.3775688e-05,0.0003231354
homosapiens_None_2023_None_sikkemalisa_001_d10_1101_2022_03_10_483747VUHD071__rep0006,0.0015053233,0.0276558,0.0014136741,0.022438174,0.11613204,0.044536367,0.01214757,0.01722684,0.00086537935,0.003109404,0.013612401,0.00020593686,0.00049097167,0.00288398,0.16174608,0.08659443,0.010729095,0.38925958,0.0014193708,0.0036533913,7.851779e-05,8.433905e-05,0.08221127
homosapiens_None_2023_None_sikkemalisa_001_d10_1101_2022_03_10_483747VUHD071__rep0007,0.00012687518,0.009935187,0.004931771,0.040702492,0.059062798,0.015390419,0.007838706,0.0015070011,0.00017711782,9.9502584e-05,0.022559889,2.7253702e-05,9.494948e-05,0.00027831004,0.25493082,0.06630406,0.001643995,0.36506754,0.000108171706,0.14107978,2.1576092e-05,1.8550983e-05,0.008093227
homosapiens_None_2023_None_sikkemalisa_001_d10_1101_2022_03_10_483747VUHD071__rep0008,8.4527324e-05,0.008381817,0.0002819295,0.041395355,0.04785789,0.021114577,0.0027868904,0.00087955804,5.840587e-05,2.7280405e-05,0.04923777,0.00015071066,5.3906882e-05,7.760192e-05,0.21991406,0.21245934,0.020697754,0.37376904,0.00014420164,0.0002079359,1.1510058e-05,1.2300851e-05,0.00039567525
homosapiens_None_2023_None_sikkemalisa_001_d10_1101_2022_03_10_483747VUHD071__rep0009,8.097369e-05,0.0048411842,0.003482516,0.04967155,0.088904865,0.04979732,0.020614814,0.19158575,0.0001564874,2.5461042e-05,0.012552834,0.00015536854,4.7939102e-05,5.8568854e-05,0.18414003,0.0036477833,0.0029786485,0.38508695,0.0003165792,0.0007634089,9.584967e-06,5.6823833e-06,0.0010756596
homosapiens_None_2023_None_sikkemalisa_001_d10_1101_2022_03_10_483747VUHD071__rep0010,4.604927e-05,0.004535526,0.000233414,0.003352315,0.040702503,0.0452552,0.005962251,0.018322801,3.724343e-05,0.000419612,0.0046781697,7.35754e-06,1.6260366e-05,2.4950177e-05,0.17404209,0.23175229,0.0004453854,0.46756786,2.6020049e-05,0.0019972262,1.7936958e-06,1.6399038e-06,0.0005720141
homosapiens_None_2023_None_sikkemalisa_001_d10_1101_2022_03_10_483747VUHD071__rep0011,0.00017661546,0.008239067,0.00080167677,0.051585585,0.052969057,0.053314887,0.0063405125,0.013291875,9.977433e-05,0.00022485327,0.07069064,0.0015434079,7.357767e-05,0.00013181294,0.1807121,0.062060334,0.032517824,0.46330485,0.0011920789,0.00018475951,2.930256e-05,2.4347855e-05,0.00049104786
homosapiens_None_2023_None_sikkemalisa_001_d10_1101_2022_03_10_483747VUHD071__rep0012,0.00014604852,0.020156639,0.003744448,0.043474253,0.10856671,0.058506917,0.019443283,0.011870593,0.00054528256,0.0004615568,0.049033467,0.0007372446,0.00023968416,0.00021052157,0.24123497,0.0115754595,0.0077349464,0.38049728,0.0024740475,0.03898964,6.392313e-05,4.8880112e-05,0.00024418763
homosapiens_None_2023_None_sikkemalisa_001_d10_1101_2022_03_10_483747VUHD071__rep0013,0.00091811165,0.011757133,0.0064276024,0.13903216,0.08929444,0.055368774,0.0132757025,0.0038462991,0.00024943813,0.00084505393,0.061874736,0.0067080106,0.00054132857,0.0010143254,0.15389216,0.003054896,0.04468789,0.38979638,0.013959438,0.00042545158,0.0001838056,0.00012952606,0.0027174565
homosapiens_None_2023_None_sikkemalisa_001_d10_1101_2022_03_10_483747VUHD071__rep0014,3.3404216e-05,0.0062086526,0.0016466753,0.025965838,0.08159446,0.08501282,0.009845161,0.019177193,0.00026214632,8.171863e-05,0.019604081,6.1281644e-05,8.9755755e-05,8.5724474e-05,0.2179355,0.017589714,0.003806105,0.4448562,0.00035761207,0.06545164,1.0632581e-05,8.015659e-06,0.00031565595
homosapiens_None_2023_None_sikkemalisa_001_d10_1101_2022_03_10_483747VUHD077__rep0000,2.72599e-06,0.000106460946,0.00012826036,0.059140828,0.059831288,9.9718614e-05,0.004214879,0.002190686,3.3155274e-07,6.594452e-08,0.25893325,1.5112547e-06,1.544631e-06,1.5028812e-06,0.2122506,0.0031514592,2.82459e-05,0.39985693,7.7332825e-06,2.3603448e-06,7.9711833e-07,2.681567e-07,4.8638012e-05
homosapiens_None_2023_None_sikkemalisa_001_d10_1101_2022_03_10_483747VUHD077__rep0001,9.695749e-07,3.248713e-05,6.7421744e-05,0.069491155,0.046490893,7.1869115e-05,0.0018612795,0.0014441349,5.3702188e-08,1.4062944e-08,0.20223008,6.4528444e-07,3.1876309e-07,3.5323484e-07,0.1855924,0.0045514028,5.356741e-06,0.48814103,8.269899e-07,1.0415362e-06,1.7623942e-07,3.8310546e-08,1.6056028e-05
homosapiens_None_2023_None_sikkemalisa_001_d10_1101_2022_03_10_483747VUHD077__rep0002,2.7869883e-06,1.3458147e-05,0.00031380812,0.3192406,0.06520456,6.340519e-05,0.0077299858,0.004439347,3.2688936e-07,6.432894e-08,0.011673873,2.389196e-07,6.156387e-07,3.6962516e-07,0.14761057,0.00010838389,1.3998637e-05,0.44346523,5.223194e-07,3.8376206e-06,1.10873586e-07,3.564078e-08,0.000113920556
homosapiens_None_2023_None_sikkemalisa_001_d10_1101_2022_03_10_483747VUHD077__rep0003,5.328572e-06,2.2501881e-05,6.946697e-05,0.008642988,0.1634595,0.00021204291,0.0042398516,0.0022051309,5.5610185e-06,1.4420827e-07,0.11656626,5.822834e-05,1.4640745e-05,3.0365503e-05,0.11232652,0.0001514537,0.002818107,0.5883701,7.792221e-05,1.1910721e-05,4.6594837e-07,4.91654e-07,0.0007109799
homosapiens_None_2023_None_sikkemalisa_001_d10_1101_2022_03_10_483747VUHD077__rep0004,2.2554439e-06,0.0014151806,3.952933e-05,0.0074572857,0.06327421,0.0006206741,0.0026076238,0.00052420696,3.3135495e-06,3.8347534e-07,0.010263493,5.8586797e-06,7.3556944e-06,1.6294399e-06,0.4333663,0.18823653,0.0019984718,0.29000512,4.5885245e-06,6.786252e-06,1.2785987e-06,8.3459474e-07,0.00015708199
homosapiens_None_2023_None_sikkemalisa_001_d10_1101_2022_03_10_483747VUHD077__rep0005,2.0687398e-06,0.00062773144,4.640006e-05,0.007919129,0.08084738,0.0006023383,0.00271851,0.0016061321,1.2543306e-06,1.4795864e-07,0.05751326,3.8972826e-06,4.6535815e-06,1.5429206e-06,0.33812085,0.21045548,0.0007155694,0.29868498,3.2486028e-06,1.949932e-06,1.0259363e-06,5.8546135e-07,0.00012185224
homosapiens_None_2023_None_sikkemalisa_001_d10_1101_2022_03_10_483747VUHD077__rep0006,8.80447e-06,0.0011487695,0.00013570563,0.010751012,0.11404907,0.0004136468,0.009121328,0.023331651,1.1451021e-05,5.8495095e-07,0.0662443,7.772849e-05,2.0182964e-05,1.7276761e-05,0.4415215,0.004048185,0.0026814528,0.32533136,3.5073954e-05,4.2035997e-05,3.2132473e-06,1.5892399e-06,0.0010041136
homosapiens_None_2023_None_sikkemalisa_001_d10_1101_2022_03_10_483747VUHD077__rep0007,2.169561e-06,6.794099e-05,1.8843191e-05,0.012793355,0.06459249,9.448978e-05,0.00044595072,3.037133e-05,8.00558e-07,7.6634684e-08,0.15983187,1.6786003e-05,1.847518e-06,1.8456125e-06,0.18242617,0.026553538,0.0020785185,0.55097324,3.2622343e-06,6.877851e-07,3.830686e-07,2.0203824e-07,6.517895e-05
homosapiens_None_2023_None_sikkemalisa_001_d10_1101_2022_03_10_483747VUHD077__rep0008,1.583369e-05,0.0013742729,0.0004722833,0.061439473,0.15239659,0.00034100687,0.04813368,0.038021334,1.5142222e-05,1.2000133e-06,0.000782878,3.4248276e-06,1.3954205e-05,1.6173005e-06,0.34045708,0.013982181,7.415954e-05,0.34180722,1.383886e-06,4.0847914e-05,5.1884076e-06,1.403137e-06,0.0006178736
homosapiens_None_2023_None_sikkemalisa_001_d10_1101_2022_03_10_483747VUHD077__rep0009,2.5196861e-05,0.0010767354,0.00030749416,0.09909871,0.16180912,0.00032889144,0.01852596,0.031138811,2.2870941e-05,6.890649e-07,0.009164855,1.512457e-05,1.1629124e-05,3.8403423e-06,0.3312217,0.014504856,0.00046890124,0.33177242,2.8293155e-06,6.0556293e-05,7.34482e-06,2.5112668e-06,0.000429048
homosapiens_None_2023_None_sikkemalisa_001_d10_1101_2022_03_10_483747VUHD077__rep0010,8.015989e-07,0.0007869719,5.543271e-05,0.049524315,0.1182086,0.00048233417,0.0034583402,0.0013387916,1.9248403e-06,9.657014e-08,0.014327887,1.1732585e-06,1.6438928e-06,3.18088e-07,0.30910793,0.2270043,0.00016637838,0.27550852,7.4542146e-07,3.8042006e-06,9.196654e-07,3.1163952e-07,1.84347e-05
homosapiens_None_2023_None_sikkemalisa_001_d10_1101_2022_03_10_483747VUHD077__rep0011,1.4554611e-06,8.003361e-05,1.9019351e-05,0.011689906,0.051868893,5.4357315e-05,0.000903894,0.00021532644,1.5978124e-07,2.7353392e-08,0.27182135,1.7624085e-06,1.6066513e-06,1.5870355e-06,0.20723014,0.0093207145,7.152402e-05,0.44665125,2.6876723e-06,3.913579e-07,2.0847035e-07,1.16114244e-07,6.36135e-05
homosapiens_None_2023_None_sikkemalisa_001_d10_1101_2022_03_10_483747VUHD077__rep0012,1.2725652e-05,4.2800693e-05,0.00029851042,0.104553305,0.0843556,0.00016315542,0.008583771,0.03522748,1.4461001e-06,8.077499e-08,0.10979114,1.8527804e-06,4.0911395e-06,5.1641446e-06,0.18464725,0.00091166917,5.3128733e-05,0.47096753,2.8111313e-06,1.0690605e-05,5.4649956e-07,2.2623422e-07,0.00036515173
homosapiens_None_2023_None_sikkemalisa_001_d10_1101_2022_03_10_483747VUHD077__rep0013,4.3957657e-06,0.00028569865,0.00010667155,0.0098835835,0.09074803,0.00043596365,0.006250727,0.056986082,5.735869e-07,3.562404e-08,0.12870753,8.2139337e-07,4.6010764e-06,2.1208118e-06,0.33053926,0.011548152,1.8559924e-05,0.3640871,2.2877032e-06,5.8691785e-06,4.2599186e-07,1.3211218e-07,0.000381367
homosapiens_None_2023_None_sikkemalisa_001_d10_1101_2022_03_10_483747VUHD077__rep0014,6.5679938e-06,5.8478236e-05,6.2460684e-05,0.040562358,0.22088325,0.00017035422,0.0015333665,0.00027845416,6.520114e-06,8.0917204e-07,0.07568767,0.00022804481,7.807776e-06,3.595857e-05,0.10436429,0.00012162737,0.004147246,0.55153865,0.000101894424,8.72783e-06,1.3739299e-06,1.4911849e-06,0.00019260705
homosapiens_None_2023_None_sikkemalisa_001_d10_1101_2022_03_10_483747VUHD103__rep0000,0.0008501444,0.04519708,0.0005207234,0.006536934,0.0784753,0.005101173,0.015341596,0.035319086,0.000118875,0.00011255309,0.016282149,0.0040630866,0.0013872933,0.00031746013,0.328397,0.08619103,0.0009994683,0.36948037,0.0030844193,0.00040156467,3.2859945e-05,3.125862e-05,0.0017586027
homosapiens_None_2023_None_sikkemalisa_001_d10_1101_2022_03_10_483747VUHD103__rep0001,0.030160332,0.030338658,0.0032382144,0.043173153,0.06788773,0.0244602,0.045145866,0.019034466,0.0002944418,0.038530227,0.02277269,0.002346364,0.015091425,0.004568278,0.25576708,0.007473542,0.0025757386,0.37555957,0.0030696816,0.00034401892,0.00016691169,0.0001965413,0.0078048212
homosapiens_None_2023_None_sikkemalisa_001_d10_1101_2022_03_10_483747VUHD103__rep0002,0.023405012,0.013834832,0.0010706303,0.025215235,0.04884884,0.09695304,0.01982015,0.0057290145,0.00016711344,0.0022866896,0.036445573,0.010212347,0.016545488,0.0042741396,0.14972258,0.029686285,0.0061771395,0.48942733,0.009578072,0.00053737644,0.00016858378,0.00014928431,0.009745252
homosapiens_None_2023_None_sikkemalisa_001_d10_1101_2022_03_10_483747VUHD103__rep0003,0.025360527,0.008840863,0.0017234943,0.025717854,0.030484578,0.0056288037,0.017355258,0.055843435,4.1143794e-05,0.000987422,0.0706224,0.021145813,0.0044040396,0.0071263406,0.16993885,0.0022403665,0.00054160465,0.5225998,0.003446589,0.00025053063,8.9279536e-05,4.1242834e-05,0.025569702
homosapiens_None_2023_None_sikkemalisa_001_d10_1101_2022_03_10_483747VUHD103__rep0004,0.0019596757,0.009797149,0.0015017705,0.043621894,0.07348148,0.027205275,0.015363928,0.017029446,0.00034823513,0.0011446723,0.015668979,0.028408878,0.025723616,0.0027462689,0.1318845,0.0091239875,0.021810722,0.5494055,0.0023486344,0.00020950643,6.4746964e-05,5.179944e-05,0.021099335
homosapiens_None_2023_None_sikkemalisa_001_d10_1101_2022_03_10_483747VUHD103__rep0005,0.0004823997,0.005770249,0.0009761642,0.029686226,0.041237794,0.12586033,0.019326264,0.023425942,4.9639417e-05,0.0013189929,0.036595233,0.0018387934,0.00056638743,0.0014928313,0.14071868,0.011951119,0.008671225,0.53028435,0.014170577,0.00012503554,3.2429758e-05,1.9790461e-05,0.0053995093
homosapiens_None_2023_None_sikkemalisa_001_d10_1101_2022_03_10_483747VUHD103__rep0006,0.015144634,0.021581464,0.00040738788,0.0077654487,0.023011731,0.016631758,0.005357549,0.0011691047,5.2310512e-05,0.0003299977,0.034003094,0.009552294,0.071366966,0.018107448,0.18695024,0.02699921,0.00022522784,0.55021554,0.0009976616,0.00048781245,6.143356e-05,4.151894e-05,0.009540226
homosapiens_None_2023_None_sikkemalisa_001_d10_1101_2022_03_10_483747VUHD103__rep0007,0.0015070651,0.06499618,0.0006511642,0.0291717,0.04071117,0.039148014,0.010200303,0.0186786,0.00034927696,0.0008080217,0.037603773,0.0037261096,0.014637594,0.0016403226,0.25070092,0.058336925,0.02715834,0.39426374,0.00047838493,0.00026246914,7.5129916e-05,6.426797e-05,0.004830507
homosapiens_None_2023_None_sikkemalisa_001_d10_1101_2022_03_10_483747VUHD103__rep0008,0.0017266653,0.037774656,0.0007356168,0.022115517,0.06333802,0.07566217,0.012865294,0.0025933867,7.162954e-05,0.00039616087,0.02421183,0.000835397,0.0010940335,0.019476755,0.2768944,0.03520306,0.0039853794,0.37625146,0.027202394,0.0003045941,3.85906e-05,4.4302185e-05,0.017178753
homosapiens_None_2023_None_sikkemalisa_001_d10_1101_2022_03_10_483747VUHD103__rep0009,0.0022454446,0.0027702404,0.0003404225,0.008282763,0.02046204,0.051581435,0.0036775048,0.0008012711,1.7731734e-05,0.0010881253,0.029969683,0.0050425725,0.006485709,0.006427048,0.094782814,0.0023438728,0.00023002255,0.73830044,0.009253882,0.00019331547,1.8246337e-05,7.941649e-06,0.015677411
homosapiens_None_2023_None_sikkemalisa_001_d10_1101_2022_03_10_483747VUHD103__rep0010,0.0007788763,0.013740189,0.00075788406,0.010160598,0.043936178,0.003611637,0.02125579,0.04631587,3.500275e-05,0.00028864108,0.008954707,0.048166588,0.012872735,0.0015976778,0.28431606,0.0016822686,0.0003182725,0.49148116,0.00086609385,0.00016840076,2.2994562e-05,1.4001454e-05,0.008658375
homosapiens_None_2023_None_sikkemalisa_001_d10_1101_2022_03_10_483747VUHD103__rep0011,0.0064796847,0.0074639064,0.001037612,0.03415327,0.028043145,0.018389087,0.0076439865,0.00837358,0.00018222028,0.0007673476,0.032498945,0.0019062522,0.05828183,0.008805385,0.12811008,0.016019113,0.00374031,0.5804714,0.0061088563,0.0008649406,0.000113074326,6.4563e-05,0.050481427
homosapiens_None_2023_None_sikkemalisa_001_d10_1101_2022_03_10_483747VUHD103__rep0012,0.010592597,0.016877092,0.0007434645,0.018383047,0.026278216,0.021249715,0.004654051,0.00067480386,6.221724e-05,0.01949389,0.04906222,0.002227454,0.012142856,0.015045686,0.15568669,0.0016124102,0.0005751364,0.61200804,0.014031452,0.00029672278,5.8152513e-05,4.8097292e-05,0.018196054
homosapiens_None_2023_None_sikkemalisa_001_d10_1101_2022_03_10_483747VUHD103__rep0013,7.841107e-05,0.0014782806,0.00020354739,0.0060684774,0.033725325,0.0043344204,0.032589857,0.028733404,7.169498e-07,1.19922715e-05,0.0031718288,0.2950727,8.101514e-05,0.00012284664,0.124336205,0.00013679099,6.5454136e-05,0.4663009,3.7367747e-06,1.3907684e-05,4.81962e-07,2.0369096e-07,0.0034694152
homosapiens_None_2023_None_sikkemalisa_001_d10_1101_2022_03_10_483747VUHD103__rep0014,0.0031607638,0.0019053257,0.0012428343,0.014848863,0.057734773,0.012972439,0.079258665,0.07450626,0.00010907665,0.00016535286,0.005501213,0.0031812019,0.066507615,0.0013302846,0.18717833,0.0019422898,0.0013298324,0.4772165,0.0038372218,0.00012655529,4.071297e-05,2.2199081e-05,0.00588172
homosapiens_None_2023_None_sikkemalisa_001_d10_1101_2022_03_10_483747VUHD69__rep0000,3.2941884e-05,3.74149e-05,0.030516718,0.10048604,0.04330049,0.00074725825,0.0050573065,0.017568236,4.364532e-05,4.0273e-07,0.030784322,7.340269e-06,1.726047e-05,4.5898582e-06,0.10797048,0.005332915,0.0014840194,0.6556577,2.8693077e-05,0.00057652936,1.6599506e-06,3.772957e-07,0.00034367866
homosapiens_None_2023_None_sikkemalisa_001_d10_1101_2022_03_10_483747VUHD69__rep0001,7.464795e-07,2.3151712e-05,0.24069865,0.033060506,0.07859539,0.00041787003,0.0023864233,0.00013456804,5.3419276e-06,8.6190866e-08,0.03397248,5.0641825e-07,1.3133584e-06,5.257481e-07,0.12963864,0.009715238,0.00015721332,0.47099593,3.953969e-07,4.5102122e-05,1.4987866e-07,4.4612406e-08,0.00014966061
homosapiens_None_2023_None_sikkemalisa_001_d10_1101_2022_03_10_483747VUHD69__rep0002,7.3890214e-06,0.00012824702,0.00031826436,0.1618826,0.16821373,0.0008761189,0.01572687,0.006829969,3.7605227e-05,3.3644162e-07,0.011333611,1.6735228e-06,2.8929728e-06,2.7187693e-06,0.19734354,0.012547993,0.0009331824,0.4236283,1.2468082e-06,5.09085e-05,9.690873e-07,7.1648304e-07,0.00013098803
homosapiens_None_2023_None_sikkemalisa_001_d10_1101_2022_03_10_483747VUHD69__rep0003,1.4218847e-07,2.6459047e-05,0.1181667,0.013235561,0.069710046,0.0007258005,0.0023314038,0.00022426204,1.4190351e-06,1.9664277e-08,0.07247461,1.1770976e-07,5.290802e-07,2.3873727e-07,0.18304792,0.03530038,5.379033e-05,0.50451607,2.8131788e-07,2.3778819e-05,6.641031e-08,1.9301673e-08,0.00016044667
homosapiens_None_2023_None_sikkemalisa_001_d10_1101_2022_03_10_483747VUHD69__rep0004,2.8732788e-07,8.476501e-06,0.04026765,0.019872447,0.05307304,8.005976e-05,0.010946323,0.047639865,4.7301344e-07,1.0219818e-08,0.0064052218,2.285841e-07,3.028663e-07,4.902494e-07,0.13079344,4.3176133e-06,4.889479e-06,0.6906114,4.789695e-07,4.293525e-05,2.7400457e-08,3.8945664e-09,0.00024766297
homosapiens_None_2023_None_sikkemalisa_001_d10_1101_2022_03_10_483747VUHD69__rep0005,0.00011778029,0.00031796645,0.00027736925,0.056653984,0.08158409,0.00080022495,0.0040956456,0.0050593694,6.202272e-05,1.5493818e-06,0.0620676,0.0001683926,2.640887e-05,7.1889826e-06,0.09776336,0.044424634,0.0042163,0.64187247,5.5369703e-05,0.00036061983,3.5687287e-06,1.0762017e-06,6.3098945e-05
homosapiens_None_2023_None_sikkemalisa_001_d10_1101_2022_03_10_483747VUHD69__rep0006,5.875876e-05,9.9997495e-05,0.002271599,0.026420522,0.1018796,0.00062185945,0.017319461,0.106125146,6.739032e-05,1.2853151e-06,0.01296816,7.574404e-05,4.717182e-05,1.3702355e-05,0.1167738,0.0009199138,0.00051853165,0.61200166,1.6334516e-05,0.00036152455,1.5637623e-06,6.049597e-07,0.0014356344
homosapiens_None_2023_None_sikkemalisa_001_d10_1101_2022_03_10_483747VUHD69__rep0007,1.9631939e-06,7.730322e-06,0.0006522921,0.0949316,0.04155266,0.0006400878,0.004104911,0.0025128692,2.4680685e-05,7.041425e-08,0.030455196,5.671661e-06,3.7300879e-06,2.4315887e-06,0.07145716,9.363539e-05,0.010756904,0.74264234,3.0992054e-05,0.00011853262,2.1608844e-07,5.6414134e-08,4.2302277e-06
homosapiens_None_2023_None_sikkemalisa_001_d10_1101_2022_03_10_483747VUHD69__rep0008,4.062284e-06,0.00015831446,0.014735475,0.013119009,0.16908664,0.0008658362,0.0093946,0.025191685,1.34536485e-05,2.8582812e-07,0.007371623,2.2808372e-06,7.400597e-06,1.08277e-06,0.21683659,0.03300849,0.00010523422,0.5097431,4.1730673e-06,9.8527475e-05,4.8313535e-07,1.9739329e-07,0.00025145864
homosapiens_None_2023_None_sikkemalisa_001_d10_1101_2022_03_10_483747VUHD69__rep0009,1.9504698e-06,1.0896093e-05,0.117313966,0.07833989,0.0329825,0.0002857603,0.003011491,0.009714469,2.2717563e-06,1.236081e-08,0.030419786,5.1582845e-07,9.719365e-07,5.5618244e-07,0.097286895,0.00047020565,4.5884288e-05,0.62988645,2.738187e-06,7.1179165e-05,1.5195339e-07,2.2892749e-08,0.0001514747
homosapiens_None_2023_None_sikkemalisa_001_d10_1101_2022_03_10_483747VUHD69__rep0010,7.1975395e-05,0.00057293265,0.00089702767,0.038514804,0.22780922,0.0012252621,0.021667672,0.0060722968,0.00043468407,5.7718894e-06,0.022938661,0.00011360388,0.000104335406,5.7440953e-05,0.21759048,0.007298645,0.020190502,0.4328001,6.2164894e-05,0.00022765553,9.895944e-06,7.5805538e-06,0.0013271832
homosapiens_None_2023_None_sikkemalisa_001_d10_1101_2022_03_10_483747VUHD69__rep0011,4.701833e-05,0.0006756491,0.0005820933,0.014794024,0.13187757,0.0014717688,0.017818669,0.016930992,8.653984e-05,1.5790805e-06,0.057726704,1.2448332e-05,6.809486e-05,1.929956e-05,0.27472878,0.09711188,0.003873333,0.38116574,3.772258e-05,7.4009375e-05,4.824729e-06,2.897283e-06,0.00088829926
homosapiens_None_2023_None_sikkemalisa_001_d10_1101_2022_03_10_483747VUHD69__rep0012,1.4941477e-05,0.0007995804,0.00027913623,0.12606807,0.20543456,0.0013607886,0.022313911,0.007234021,5.2990526e-05,1.3298167e-06,0.011101626,5.900799e-06,8.233027e-06,5.3750496e-06,0.25697628,0.03045371,0.0005682769,0.33703527,2.5259615e-06,7.4080985e-05,4.367826e-06,2.4854533e-06,0.00020257359
homosapiens_None_2023_None_sikkemalisa_001_d10_1101_2022_03_10_483747VUHD69__rep0013,4.4349267e-06,6.9856906e-05,0.012467143,0.11486449,0.09681666,0.00089092663,0.0061952835,0.003006866,4.1082112e-05,4.4562364e-07,0.016291356,1.2143681e-06,3.1870031e-06,1.9192494e-06,0.1695791,0.027944151,0.0038185872,0.5477927,5.2608075e-06,0.00016626947,1.0764041e-06,4.149314e-07,3.7623642e-05
homosapiens_None_2023_None_sikkemalisa_001_d10_1101_2022_03_10_483747VUHD69__rep0014,7.970779e-06,3.1205585e-05,0.011587323,0.11091063,0.11326888,0.0007472492,0.0032810024,0.00016326124,2.6282798e-05,1.2266349e-06,0.005799582,5.894483e-06,8.080642e-06,5.911777e-06,0.094044305,0.0021213484,0.007893161,0.64992887,7.645273e-06,8.22385e-05,6.4165096e-07,3.0096697e-07,7.695216e-05
homosapiens_None_2023_None_sikkemalisa_001_d10_1101_2022_03_10_483747VUHD85__rep0000,5.797474e-05,3.4764762e-05,3.688773e-05,0.012034066,0.074801475,3.397434e-05,0.010851543,0.0059355265,1.0777059e-07,1.4177462e-07,0.22603454,1.2523971e-05,1.387375e-05,5.3486183e-06,0.17101637,4.3376418e-05,1.6431588e-06,0.49807635,0.0006473434,6.069397e-06,4.1314897e-07,3.0010884e-07,0.00035542873
homosapiens_None_2023_None_sikkemalisa_001_d10_1101_2022_03_10_483747VUHD85__rep0001,3.7137783e-05,2.7284335e-05,0.0003581296,0.0999041,0.025935357,0.070130184,0.0005602893,0.0005310015,3.2784789e-07,3.528881e-06,0.19357017,0.00016630559,8.610049e-05,5.1199087e-05,0.07621256,4.593042e-05,0.00010498199,0.5296471,0.00011177225,7.0773863e-06,6.0489026e-07,1.6479568e-07,0.002508741
homosapiens_None_2023_None_sikkemalisa_001_d10_1101_2022_03_10_483747VUHD85__rep0002,0.0021451535,0.00021537229,0.00054890505,0.066757485,0.13574009,0.005722884,0.0023052746,0.0010605066,4.73132e-06,1.783495e-05,0.112051,0.00034035015,0.00023902109,0.00012877035,0.17817727,0.00040021192,0.0002326489,0.41884035,0.02229669,5.3255084e-05,9.927119e-06,1.2943106e-05,0.05269934
homosapiens_None_2023_None_sikkemalisa_001_d10_1101_2022_03_10_483747VUHD85__rep0003,0.0018427899,8.043653e-06,7.504387e-05,0.030085895,0.040377356,5.7466677e-05,0.002972055,0.003557627,2.1408395e-07,1.1215251e-06,0.04608857,8.27446e-05,0.0001018644,6.519306e-06,0.069825865,1.3447017e-05,4.7749625e-05,0.7973211,0.006788953,1.1074198e-05,3.958277e-07,1.5524151e-07,0.0007338484
homosapiens_None_2023_None_sikkemalisa_001_d10_1101_2022_03_10_483747VUHD85__rep0004,0.0057638083,4.169823e-05,0.00044397253,0.096518844,0.12324471,8.371604e-05,0.016076727,0.009988042,3.439284e-06,1.08712975e-05,0.11198448,0.000624605,0.0002354233,9.852145e-05,0.1748752,0.00033942625,0.00024669422,0.45112693,0.0026777282,3.9185168e-05,1.2161849e-05,1.1130556e-05,0.005552733
homosapiens_None_2023_None_sikkemalisa_001_d10_1101_2022_03_10_483747VUHD85__rep0005,0.021386769,0.00017344196,5.152364e-05,0.0055018784,0.047453947,0.000115660514,0.0019461453,0.00087153696,7.4150955e-07,2.5881192e-05,0.11040136,0.00044575008,0.00059768587,7.783838e-05,0.13381884,6.207539e-05,6.1141473e-06,0.64957064,0.0016620501,5.6426197e-05,2.488857e-06,4.2726797e-06,0.025766907
homosapiens_None_2023_None_sikkemalisa_001_d10_1101_2022_03_10_483747VUHD85__rep0006,0.023858834,1.1001625e-05,0.00032852587,0.054612957,0.12972544,0.05598495,0.0006522046,0.0013997339,2.8954614e-07,3.9440115e-06,0.019773308,0.000158285,0.00063111563,2.336791e-05,0.11817754,0.0001702499,0.00016041342,0.585792,0.0029691914,3.7053687e-05,9.572166e-07,6.49946e-07,0.005527991
homosapiens_None_2023_None_sikkemalisa_001_d10_1101_2022_03_10_483747VUHD85__rep0007,0.0019597164,2.7345339e-05,0.00059614243,0.088983074,0.028246747,0.0031493946,0.0076823058,0.009198537,7.64378e-07,1.7079889e-06,0.12564929,0.00012263867,0.00039940694,1.542287e-05,0.076922886,3.251777e-05,5.0552182e-05,0.652788,0.00035222404,2.2821103e-05,9.879012e-07,3.3525464e-07,0.0037972745
homosapiens_None_2023_None_sikkemalisa_001_d10_1101_2022_03_10_483747VUHD85__rep0008,0.00015676752,3.8086877e-05,0.0005189942,0.028420527,0.09466436,0.20501718,0.0023697955,0.0016193152,1.0883155e-06,2.0557502e-05,0.05146139,0.0005809323,9.1226444e-05,0.00023322387,0.112973936,0.00028270652,0.0010122603,0.4790656,0.013189807,0.00011170403,3.2144337e-06,1.6860741e-06,0.00816566
homosapiens_None_2023_None_sikkemalisa_001_d10_1101_2022_03_10_483747VUHD85__rep0009,0.00010863626,0.00015109645,0.00012979138,0.0045783073,0.1786356,0.06084361,0.0033679667,0.0016262148,1.325721e-06,4.2501797e-06,0.118632264,0.00016642339,0.0001330387,6.002394e-05,0.14750528,0.00011135365,9.878379e-05,0.39210826,0.00017598865,4.195949e-05,1.5581176e-06,2.6434423e-06,0.09151567
homosapiens_None_2023_None_sikkemalisa_001_d10_1101_2022_03_10_483747VUHD85__rep0010,8.757677e-05,9.406088e-05,0.00013641916,0.008240317,0.07359427,0.21716312,0.002431443,0.0012565311,3.9685358e-07,1.5365564e-05,0.09302718,0.0003408429,0.000111215995,0.00025631534,0.12125873,0.00021774661,0.00015604381,0.45868206,0.0020486705,0.00011206583,1.5400061e-06,1.2783571e-06,0.020766823
homosapiens_None_2023_None_sikkemalisa_001_d10_1101_2022_03_10_483747VUHD85__rep0011,0.0005901841,1.7877068e-05,0.00013410013,0.008274365,0.061679274,0.08937101,0.045987565,0.10074666,4.7167813e-07,2.7416784e-06,0.08588015,4.8540624e-05,0.00016441579,5.553398e-05,0.093474716,0.00013861619,2.793127e-05,0.50528115,7.862288e-05,1.8168934e-05,3.3672555e-07,1.0749204e-07,0.008027422
homosapiens_None_2023_None_sikkemalisa_001_d10_1101_2022_03_10_483747VUHD85__rep0012,0.00011443595,6.8490976e-05,6.243107e-05,0.0077577704,0.13943167,0.029195962,0.00044640605,0.00032185542,5.619184e-07,1.2170577e-06,0.22078528,0.0010548454,0.00016944761,2.8058366e-05,0.08397284,5.3238677e-05,8.882803e-05,0.4988402,0.00059391273,1.0981477e-05,7.157825e-07,9.2261854e-07,0.016999938
homosapiens_None_2023_None_sikkemalisa_001_d10_1101_2022_03_10_483747VUHD85__rep0013,0.015944075,7.95116e-05,0.0002466668,0.0076918555,0.31265604,0.004797554,0.0070700045,0.005383428,1.7637796e-06,1.00946245e-05,0.0108868005,9.034048e-05,8.307528e-05,1.4823131e-05,0.17803565,5.0513376e-05,2.2387958e-05,0.43406942,0.0005767547,0.00015220387,1.9523075e-06,4.4599865e-06,0.022130564
homosapiens_None_2023_None_sikkemalisa_001_d10_1101_2022_03_10_483747VUHD85__rep0014,0.00013640606,1.8505376e-05,0.00042025957,0.017006278,0.15127958,0.08831121,0.017059501,0.037572883,1.0275182e-06,2.862092e-06,0.10689227,9.913649e-05,7.9094905e-05,6.2169805e-05,0.13134433,0.00046052106,0.00016470776,0.44091982,0.006850851,5.3316555e-05,1.4235643e-06,6.7663194e-07,0.0012632033
